
-- 2025-12-08 23:31:58 --写入特征标:(5, 1, 1, 5)
[(6, 2, 2, 6), (6, 1, 1, 6), (5, 2, 2, 5), (5, 1, 1, 5)]


-- 2025-12-09 14:33:39 --写入特征标:(2, 1, 1, 4)
[(3, 2, 3, 4), (2, 2, 2, 4), (2, 1, 1, 4)]


-- 2025-12-09 14:34:21 --写入特征标:(2, 1, 1, 2)
[(4, 3, 3, 4), (4, 2, 2, 4), (3, 3, 3, 3), (3, 2, 2, 3), (3, 2, 3, 2), (3, 2, 2, 3), (2, 3, 2, 3), (2, 2, 2, 2), (3, 1, 1, 3), (2, 1, 1, 2)]


-- 2025-12-09 14:45:09 --写入特征标:(0, 0, 0, 0)
[(0, 0, 0, 0), (0, 1, 1, 0), (0, 1, 0, 1), (1, 0, 1, 0), (1, 0, 0, 1), (1, 1, 1, 1)]


-- 2025-12-09 15:23:44 --写入特征标:(2, 0, 2, 0)
[(2, 0, 2, 0), (2, 1, 2, 1), (3, 0, 3, 0), (3, 1, 3, 1), (2, 0, 0, 2), (3, 0, 0, 3), (2, 1, 1, 2), (3, 1, 1, 3)]


-- 2025-12-09 15:25:12 --写入特征标:(2, 0, 1, 0)
[(2, 1, 1, 1), (2, 0, 0, 1), (2, 0, 1, 0)]


-- 2025-12-09 15:31:19 --写入特征标:(1, 0, 1, 0)
[(1, 1, 1, 1), (2, 1, 2, 1), (2, 1, 1, 2), (1, 0, 0, 1), (2, 0, 0, 2), (1, 0, 1, 0), (2, 0, 2, 0)]


-- 2025-12-09 16:23:22 --写入特征标:(0, 1, 0, 2)
[(1, 0, 0, 2), (0, 1, 0, 2), (1, 1, 1, 2)]


-- 2025-12-09 16:23:51 --写入特征标:(0, 1, 0, 1)
[(2, 0, 0, 2), (1, 0, 0, 1), (0, 2, 0, 2), (0, 1, 0, 1), (2, 1, 1, 2), (1, 2, 1, 2), (1, 1, 1, 1)]


-- 2025-12-09 16:24:37 --写入特征标:(0, 2, 0, 2)
[(0, 2, 0, 2), (0, 3, 0, 3), (1, 2, 1, 2), (1, 3, 1, 3), (2, 0, 0, 2), (3, 0, 0, 3), (2, 1, 1, 2), (3, 1, 1, 3)]


-- 2025-12-09 16:26:46 --写入特征标:(0, 2, 2, 0)
[(0, 2, 2, 0), (1, 2, 2, 1), (0, 3, 3, 0), (1, 3, 3, 1), (0, 2, 0, 2), (0, 3, 0, 3), (1, 2, 1, 2), (1, 3, 1, 3), (2, 0, 2, 0), (2, 1, 2, 1), (3, 0, 3, 0), (3, 1, 3, 1), (2, 0, 0, 2), (3, 0, 0, 3), (2, 1, 1, 2), (3, 1, 1, 3)]


-- 2025-12-09 16:28:18 --写入特征标:(0, 1, 1, 1)
[(0, 1, 1, 1), (0, 2, 2, 1), (0, 2, 1, 2), (1, 0, 1, 1), (2, 0, 2, 1), (2, 0, 1, 2)]


-- 2025-12-09 16:28:33 --写入特征标:(0, 1, 1, 0)
[(1, 1, 1, 1), (0, 1, 0, 1), (0, 1, 1, 0), (1, 2, 2, 1), (0, 2, 2, 0), (1, 2, 1, 2), (0, 2, 0, 2), (1, 1, 1, 1), (1, 0, 0, 1), (1, 0, 1, 0), (2, 1, 2, 1), (2, 0, 2, 0), (2, 1, 1, 2), (2, 0, 0, 2)]


-- 2025-12-09 21:24:46 --写入特征标:(3, 2, 1, 2)
[(3, 2, 1, 2), (3, 3, 1, 3), (4, 3, 1, 4)]


-- 2025-12-09 21:26:45 --写入特征标:(5, 2, 1, 2)
[(5, 2, 1, 2), (5, 3, 1, 3)]


-- 2025-12-09 21:27:02 --写入特征标:(5, 2, 0, 2)
[(5, 2, 0, 2), (5, 3, 0, 3)]


-- 2025-12-09 21:27:37 --写入特征标:(3, 1, 0, 1)
[(3, 1, 0, 1), (3, 2, 0, 2)]


-- 2025-12-09 21:28:55 --写入特征标:(2, 1, 0, 1)
[(2, 1, 0, 1), (2, 2, 0, 2), (3, 2, 0, 3)]


-- 2025-12-09 21:31:07 --写入特征标:(1, 1, 0, 1)
[(1, 1, 0, 1), (1, 2, 0, 2), (2, 1, 0, 2)]


-- 2025-12-09 21:31:18 --写入特征标:(1, 1, -1, 1)
[(1, 1, -1, 1), (1, 2, -1, 2), (2, 1, -1, 2)]


-- 2025-12-09 21:33:42 --写入特征标:(3, 1, 1, 1)
[(3, 1, 1, 1), (3, 2, 2, 1), (3, 2, 1, 2)]


-- 2025-12-09 21:35:10 --写入特征标:(2, 1, 1, 1)
[(2, 1, 1, 1), (2, 2, 2, 1), (2, 2, 1, 2), (3, 2, 3, 1), (3, 2, 1, 3)]


-- 2025-12-09 21:39:27 --写入特征标:(2, 3, 1, 3)
[(2, 3, 1, 3), (2, 4, 1, 4), (3, 2, 1, 3), (4, 2, 1, 4)]


-- 2025-12-09 21:39:57 --写入特征标:(2, 5, 1, 5)
[(2, 5, 1, 5), (2, 6, 1, 6), (5, 2, 1, 5), (6, 2, 1, 6)]


-- 2025-12-09 21:42:05 --写入特征标:(3, 0, 2, 0)
[(3, 0, 2, 0), (3, 1, 2, 1), (3, 0, 0, 2), (3, 1, 1, 2)]


-- 2025-12-09 21:44:59 --写入特征标:(4, 2, 2, 2)
[(4, 2, 2, 2), (4, 3, 3, 2), (4, 3, 2, 3)]


-- 2025-12-09 21:48:52 --写入特征标:(4, 1, 2, 1)
[(4, 2, 2, 2), (4, 1, 2, 1), (4, 1, 1, 2)]


-- 2025-12-09 21:52:24 --写入特征标:(3, 1, 2, 1)
[(3, 2, 2, 2), (3, 1, 2, 1), (3, 1, 1, 2)]


-- 2025-12-09 21:55:13 --写入特征标:(3, 1, 4, 1)
[(3, 1, 4, 1), (3, 2, 4, 2), (3, 1, 1, 4), (3, 2, 2, 4)]


-- 2025-12-09 21:56:15 --写入特征标:(5, 1, 7, 1)
[(5, 1, 7, 1), (5, 2, 7, 2), (5, 1, 1, 7), (5, 2, 2, 7)]


-- 2025-12-09 21:58:44 --写入特征标:(2, 1, 5, 1)
[(2, 1, 5, 1), (2, 2, 5, 2), (3, 2, 5, 3), (2, 1, 1, 5), (2, 2, 2, 5), (3, 2, 3, 5)]


-- 2025-12-09 22:02:40 --写入特征标:(2, 1, 4, 1)
[(2, 1, 4, 1), (2, 2, 4, 2), (3, 2, 4, 3), (2, 1, 1, 4), (2, 2, 2, 4), (3, 2, 3, 4)]


-- 2025-12-09 22:04:34 --写入特征标:(2, 1, 3, 1)
[(3, 2, 3, 3), (2, 2, 2, 3), (2, 2, 3, 2), (2, 1, 1, 3), (2, 1, 3, 1)]


-- 2025-12-09 22:08:03 --写入特征标:(1, 1, 3, 1)
[(2, 1, 3, 2), (1, 2, 3, 2), (1, 1, 3, 1), (2, 1, 2, 3), (1, 2, 2, 3), (1, 1, 1, 3)]


-- 2025-12-09 22:08:51 --写入特征标:(1, 1, 2, 1)
[(2, 1, 2, 2), (1, 2, 2, 2), (1, 1, 1, 2), (1, 1, 2, 1)]


-- 2025-12-09 22:10:54 --写入特征标:(1, 3, 2, 3)
[(1, 4, 2, 4), (1, 3, 2, 3), (4, 1, 2, 4), (3, 1, 2, 3)]


-- 2025-12-09 22:12:52 --写入特征标:(1, 2, 2, 2)
[(1, 2, 2, 2), (1, 3, 3, 2), (1, 3, 2, 3), (2, 1, 2, 2), (3, 1, 3, 2), (3, 1, 2, 3)]


-- 2025-12-09 22:16:12 --写入特征标:(1, 2, 4, 2)
[(1, 2, 4, 2), (1, 3, 4, 3), (1, 2, 2, 4), (1, 3, 3, 4), (2, 1, 4, 2), (3, 1, 4, 3), (2, 1, 2, 4), (3, 1, 3, 4)]


-- 2025-12-09 22:18:11 --写入特征标:(1, 2, 3, 2)
[(1, 3, 3, 3), (1, 2, 2, 3), (1, 2, 3, 2), (3, 1, 3, 3), (2, 1, 2, 3), (2, 1, 3, 2)]


-- 2025-12-09 22:29:25 --写入特征标:(4, 2, 2, 1)
[(4, 2, 2, 1), (4, 3, 3, 1), (4, 2, 1, 2), (4, 3, 1, 3)]


-- 2025-12-09 22:32:37 --写入特征标:(3, 2, 2, 1)
[(3, 2, 2, 1), (3, 3, 3, 1), (4, 3, 4, 1), (3, 2, 1, 2), (3, 3, 1, 3), (4, 3, 1, 4)]


-- 2025-12-09 22:34:56 --写入特征标:(2, 2, 2, 1)
[(3, 2, 3, 1), (2, 3, 3, 1), (2, 2, 2, 1), (3, 2, 1, 3), (2, 3, 1, 3), (2, 2, 1, 2)]


-- 2025-12-09 22:37:10 --写入特征标:(2, 3, 3, 1)
[(2, 3, 3, 1), (2, 4, 4, 1), (2, 3, 1, 3), (2, 4, 1, 4), (3, 2, 3, 1), (4, 2, 4, 1), (3, 2, 1, 3), (4, 2, 1, 4)]


-- 2025-12-09 22:39:32 --写入特征标:(4, 1, 1, 3)
[(4, 1, 1, 3), (4, 2, 2, 3)]


-- 2025-12-09 22:46:41 --写入特征标:(4, 1, 1, 2)
[(4, 1, 1, 2), (4, 2, 2, 2), (4, 3, 2, 3)]


-- 2025-12-09 22:51:33 --写入特征标:(3, 1, 1, 2)
[(3, 1, 1, 2), (3, 2, 2, 2), (3, 3, 2, 3), (4, 3, 2, 4)]


-- 2025-12-09 23:00:33 --写入特征标:(3, 1, 1, 4)
[(3, 1, 1, 4), (3, 2, 2, 4)]


-- 2025-12-09 23:05:38 --写入特征标:(2, 1, 1, 3)
[(4, 2, 3, 4), (3, 2, 3, 3), (2, 2, 2, 3), (2, 1, 1, 3)]


-- 2025-12-09 23:10:01 --写入特征标:(1, 1, 1, 3)
[(2, 1, 2, 3), (1, 2, 2, 3), (1, 1, 1, 3)]


-- 2025-12-09 23:14:14 --写入特征标:(1, 1, 1, 2)
[(1, 1, 1, 2), (2, 1, 2, 2), (1, 2, 2, 2), (3, 1, 2, 3), (1, 3, 2, 3)]


-- 2025-12-09 23:16:24 --写入特征标:(1, 3, 3, 2)
[(1, 4, 4, 2), (1, 3, 3, 2), (1, 4, 2, 4), (1, 3, 2, 3), (4, 1, 4, 2), (3, 1, 3, 2), (4, 1, 2, 4), (3, 1, 2, 3)]


-- 2025-12-09 23:18:07 --写入特征标:(1, 2, 2, 4)
[(1, 3, 3, 4), (1, 2, 2, 4), (3, 1, 3, 4), (2, 1, 2, 4)]


-- 2025-12-09 23:20:00 --写入特征标:(1, 2, 2, 3)
[(1, 2, 2, 3), (1, 3, 3, 3), (1, 4, 3, 4), (2, 1, 2, 3), (3, 1, 3, 3), (4, 1, 3, 4)]


-- 2025-12-09 23:24:17 --写入特征标:(3, 2, 1, 3)
[(3, 2, 1, 3), (4, 2, 1, 4)]


-- 2025-12-09 23:27:34 --写入特征标:(2, 4, 1, 2)
[(2, 4, 1, 2), (3, 4, 1, 3), (4, 2, 1, 2), (4, 3, 1, 3)]


-- 2025-12-09 23:28:48 --写入特征标:(2, 3, 1, 2)
[(2, 3, 1, 2), (3, 2, 1, 2), (3, 3, 1, 3)]


-- 2025-12-09 23:31:48 --写入特征标:(1, 3, 1, 1)
[(1, 3, 1, 1), (2, 3, 2, 1), (2, 3, 1, 2), (3, 1, 1, 1), (3, 2, 2, 1), (3, 2, 1, 2)]


-- 2025-12-09 23:33:44 --写入特征标:(1, 2, 1, 1)
[(1, 2, 1, 1), (2, 1, 1, 1), (2, 2, 2, 1), (2, 2, 1, 2)]


-- 2025-12-09 23:37:12 --写入特征标:(3, 1, 2, 3)
[(3, 1, 2, 3), (4, 1, 2, 4)]


-- 2025-12-09 23:39:24 --写入特征标:(2, 1, 2, 2)
[(2, 1, 2, 2), (3, 1, 3, 2), (3, 1, 2, 3)]


-- 2025-12-09 23:42:30 --写入特征标:(2, 1, 4, 2)
[(2, 1, 4, 2), (3, 1, 4, 3), (2, 1, 2, 4), (3, 1, 3, 4)]


-- 2025-12-09 23:45:45 --写入特征标:(2, 1, 3, 2)
[(3, 1, 3, 3), (2, 1, 2, 3), (2, 1, 3, 2)]


-- 2025-12-09 23:48:25 --写入特征标:(2, -2, 3, 2)
[(3, -2, 3, 3), (2, -2, 2, 3), (2, -2, 3, 2)]


-- 2025-12-09 23:51:39 --写入特征标:(1, 4, 3, 1)
[(1, 4, 3, 1), (2, 4, 3, 2), (1, 4, 1, 3), (2, 4, 2, 3), (4, 1, 3, 1), (4, 2, 3, 2), (4, 1, 1, 3), (4, 2, 2, 3)]


-- 2025-12-09 23:53:20 --写入特征标:(1, 3, 2, 1)
[(2, 3, 2, 2), (1, 3, 1, 2), (1, 3, 2, 1), (3, 2, 2, 2), (3, 1, 1, 2), (3, 1, 2, 1)]


-- 2025-12-10 14:59:44 --写入特征标:(1, 3, 4, 1)
[(1, 3, 4, 1), (2, 3, 4, 2), (1, 3, 1, 4), (2, 3, 2, 4), (3, 1, 4, 1), (3, 2, 4, 2), (3, 1, 1, 4), (3, 2, 2, 4)]


-- 2025-12-10 15:00:35 --写入特征标:(1, 2, 4, 1)
[(1, 2, 4, 1), (2, 1, 4, 1), (2, 2, 4, 2), (1, 2, 1, 4), (2, 1, 1, 4), (2, 2, 2, 4)]


-- 2025-12-10 15:03:40 --写入特征标:(1, 2, 3, 1)
[(1, 2, 3, 1), (2, 1, 3, 1), (2, 2, 3, 2), (1, 2, 1, 3), (2, 1, 1, 3), (2, 2, 2, 3)]


-- 2025-12-10 15:12:58 --写入特征标:(3, 2, 3, 1)
[(3, 2, 3, 1), (4, 2, 4, 1), (3, 2, 1, 3), (4, 2, 1, 4)]


-- 2025-12-10 15:14:59 --写入特征标:(2, 4, 2, 1)
[(2, 4, 2, 1), (3, 4, 3, 1), (2, 4, 1, 2), (3, 4, 1, 3), (4, 2, 2, 1), (4, 3, 3, 1), (4, 2, 1, 2), (4, 3, 1, 3)]


-- 2025-12-10 15:16:50 --写入特征标:(2, 3, 2, 1)
[(2, 3, 2, 1), (3, 2, 2, 1), (3, 3, 3, 1), (2, 3, 1, 2), (3, 2, 1, 2), (3, 3, 1, 3)]


-- 2025-12-10 15:19:47 --写入特征标:(3, 1, 3, 2)
[(3, 1, 3, 2), (4, 1, 4, 2), (3, 1, 2, 3), (4, 1, 2, 4)]


-- 2025-12-10 15:22:11 --写入特征标:(2, 1, 2, 4)
[(2, 1, 2, 4), (3, 1, 3, 4)]


-- 2025-12-10 15:23:52 --写入特征标:(2, 1, 2, 3)
[(4, 1, 3, 4), (3, 1, 3, 3), (2, 1, 2, 3)]


-- 2025-12-10 15:52:20 --写入特征标:(1, 4, 1, 3)
[(1, 4, 1, 3), (2, 4, 2, 3), (4, 1, 1, 3), (4, 2, 2, 3)]


-- 2025-12-10 15:53:38 --写入特征标:(1, 4, 1, 2)
[(1, 4, 1, 2), (2, 4, 2, 2), (3, 4, 2, 3), (4, 1, 1, 2), (4, 2, 2, 2), (4, 3, 2, 3)]


-- 2025-12-10 15:55:43 --写入特征标:(1, 3, 1, 2)
[(3, 3, 2, 3), (2, 3, 2, 2), (3, 2, 2, 2), (1, 3, 1, 2), (3, 1, 1, 2)]


-- 2025-12-10 15:59:45 --写入特征标:(1, 3, 1, 4)
[(1, 3, 1, 4), (2, 3, 2, 4), (3, 1, 1, 4), (3, 2, 2, 4)]


-- 2025-12-10 16:01:38 --写入特征标:(1, 2, 1, 3)
[(1, 2, 1, 3), (2, 1, 1, 3), (2, 2, 2, 3)]


-- 2025-12-10 16:07:54 --写入特征标:(3, 1, 1, 1, 1)
[(3, 1, 1, 1, 1), (3, 2, 1, 1, 2), (3, 1, 2, 1, 2), (3, 2, 1, 2, 1), (3, 1, 2, 2, 1), (3, 2, 2, 2, 2)]


-- 2025-12-10 16:11:04 --写入特征标:(2, 1, 1, 1, 1)
[(2, 1, 1, 1, 1), (2, 2, 1, 1, 2), (3, 2, 1, 1, 3), (2, 1, 2, 1, 2), (3, 1, 2, 1, 3), (2, 2, 1, 2, 1), (3, 2, 1, 3, 1), (2, 1, 2, 2, 1), (3, 1, 2, 3, 1), (2, 2, 2, 2, 2), (3, 2, 2, 3, 2), (3, 2, 2, 2, 3)]


-- 2025-12-10 21:12:59 --写入特征标:(5, 3, 1, 3, 1)
[(5, 3, 1, 3, 1), (5, 3, 2, 3, 2), (5, 4, 1, 4, 1), (5, 4, 2, 4, 2), (5, 3, 1, 1, 3), (5, 3, 2, 2, 3), (5, 4, 1, 1, 4), (5, 4, 2, 2, 4)]


-- 2025-12-10 21:25:28 --写入特征标:(4, 3, 1, 3, 1)
[(4, 3, 1, 3, 1), (4, 3, 2, 3, 2), (4, 4, 1, 4, 1), (5, 4, 1, 5, 1), (4, 4, 2, 4, 2), (5, 4, 2, 5, 2), (4, 3, 1, 1, 3), (4, 3, 2, 2, 3), (4, 4, 1, 1, 4), (5, 4, 1, 1, 5), (4, 4, 2, 2, 4), (5, 4, 2, 2, 5)]


-- 2025-12-10 21:41:52 --写入特征标:(4, 2, 1, 2, 2)
[(4, 2, 1, 2, 2), (4, 3, 1, 2, 3), (4, 3, 1, 3, 2)]


-- 2025-12-10 21:42:24 --写入特征标:(4, 2, 1, 2, 1)
[(4, 2, 2, 2, 2), (4, 2, 1, 1, 2), (4, 2, 1, 2, 1), (4, 3, 2, 2, 3), (4, 3, 1, 1, 3), (4, 3, 2, 3, 2), (4, 3, 1, 3, 1)]


-- 2025-12-10 21:50:04 --写入特征标:(3, 2, 1, 2, 1)
[(3, 2, 2, 2, 2), (3, 2, 1, 1, 2), (3, 2, 1, 2, 1), (3, 3, 2, 2, 3), (4, 3, 2, 2, 4), (3, 3, 1, 1, 3), (4, 3, 1, 1, 4), (3, 3, 2, 3, 2), (4, 3, 2, 4, 2), (3, 3, 1, 3, 1), (4, 3, 1, 4, 1)]


-- 2025-12-10 22:06:19 --写入特征标:(2, 2, 1, 2, 1)
[(3, 3, 2, 3, 3), (3, 2, 2, 2, 3), (3, 2, 2, 3, 2), (2, 3, 2, 2, 3), (2, 3, 2, 3, 2), (3, 2, 1, 1, 3), (2, 3, 1, 1, 3), (2, 2, 2, 2, 2), (3, 2, 1, 3, 1), (2, 3, 1, 3, 1), (2, 2, 1, 1, 2), (2, 2, 1, 2, 1)]


-- 2025-12-10 22:08:33 --写入特征标:(2, 2, 0, 2, 0)
[(2, 2, 0, 2, 0), (2, 2, 1, 2, 1), (3, 2, 0, 3, 0), (2, 3, 0, 3, 0), (3, 2, 1, 3, 1), (2, 3, 1, 3, 1), (2, 2, 0, 0, 2), (3, 2, 0, 0, 3), (2, 3, 0, 0, 3), (2, 2, 1, 1, 2), (3, 2, 1, 1, 3), (2, 3, 1, 1, 3)]


-- 2025-12-10 22:23:17 --写入特征标:(3, 4, 1, 4, 1)
[(3, 4, 1, 4, 1), (3, 4, 2, 4, 2), (3, 5, 1, 5, 1), (3, 5, 2, 5, 2), (3, 4, 1, 1, 4), (3, 5, 1, 1, 5), (3, 4, 2, 2, 4), (3, 5, 2, 2, 5), (4, 3, 1, 4, 1), (4, 3, 2, 4, 2), (5, 3, 1, 5, 1), (5, 3, 2, 5, 2), (4, 3, 1, 1, 4), (5, 3, 1, 1, 5), (4, 3, 2, 2, 4), (5, 3, 2, 2, 5)]


-- 2025-12-10 22:26:02 --写入特征标:(3, 6, 1, 6, 1)
[(3, 6, 1, 6, 1), (3, 6, 2, 6, 2), (3, 7, 1, 7, 1), (3, 7, 2, 7, 2), (3, 6, 1, 1, 6), (3, 7, 1, 1, 7), (3, 6, 2, 2, 6), (3, 7, 2, 2, 7), (6, 3, 1, 6, 1), (6, 3, 2, 6, 2), (7, 3, 1, 7, 1), (7, 3, 2, 7, 2), (6, 3, 1, 1, 6), (7, 3, 1, 1, 7), (6, 3, 2, 2, 6), (7, 3, 2, 2, 7)]


-- 2025-12-10 22:42:48 --写入特征标:(2, 4, 1, 4, 1)
[(2, 4, 1, 4, 1), (2, 4, 2, 4, 2), (3, 4, 2, 4, 3), (2, 5, 1, 5, 1), (2, 5, 2, 5, 2), (3, 5, 2, 5, 3), (2, 4, 1, 1, 4), (2, 5, 1, 1, 5), (2, 4, 2, 2, 4), (3, 4, 2, 3, 4), (2, 5, 2, 2, 5), (3, 5, 2, 3, 5), (4, 2, 1, 4, 1), (4, 2, 2, 4, 2), (4, 3, 2, 4, 3), (5, 2, 1, 5, 1), (5, 2, 2, 5, 2), (5, 3, 2, 5, 3), (4, 2, 1, 1, 4), (5, 2, 1, 1, 5), (4, 2, 2, 2, 4), (4, 3, 2, 3, 4), (5, 2, 2, 2, 5), (5, 3, 2, 3, 5)]


-- 2025-12-10 22:51:22 --写入特征标:(3, 3, 1, 3, 1)
[(3, 3, 1, 3, 1), (3, 3, 2, 3, 2), (4, 3, 1, 4, 1), (3, 4, 1, 4, 1), (4, 3, 2, 4, 2), (3, 4, 2, 4, 2), (3, 3, 1, 1, 3), (4, 3, 1, 1, 4), (3, 4, 1, 1, 4), (3, 3, 2, 2, 3), (4, 3, 2, 2, 4), (3, 4, 2, 2, 4)]


-- 2025-12-10 22:51:58 --写入特征标:(2, 3, 1, 3, 1)
[(2, 3, 1, 3, 1), (3, 2, 1, 3, 1), (2, 3, 2, 3, 2), (3, 2, 2, 3, 2), (3, 3, 2, 3, 3), (4, 2, 1, 4, 1), (2, 4, 1, 4, 1), (4, 2, 2, 4, 2), (4, 3, 2, 4, 3), (2, 4, 2, 4, 2), (3, 4, 2, 4, 3), (2, 3, 1, 1, 3), (3, 2, 1, 1, 3), (4, 2, 1, 1, 4), (2, 4, 1, 1, 4), (2, 3, 2, 2, 3), (3, 2, 2, 2, 3), (3, 3, 2, 3, 3), (4, 2, 2, 2, 4), (4, 3, 2, 3, 4), (2, 4, 2, 2, 4), (3, 4, 2, 3, 4)]


-- 2025-12-10 22:59:18 --写入特征标:(3, 5, 1, 5, 1)
[(3, 5, 1, 5, 1), (3, 5, 2, 5, 2), (3, 6, 1, 6, 1), (3, 6, 2, 6, 2), (3, 5, 1, 1, 5), (3, 6, 1, 1, 6), (3, 5, 2, 2, 5), (3, 6, 2, 2, 6), (5, 3, 1, 5, 1), (5, 3, 2, 5, 2), (6, 3, 1, 6, 1), (6, 3, 2, 6, 2), (5, 3, 1, 1, 5), (6, 3, 1, 1, 6), (5, 3, 2, 2, 5), (6, 3, 2, 2, 6)]


-- 2025-12-10 23:03:39 --写入特征标:(1, 3, 1, 3, 1)
[(3, 1, 1, 3, 1), (3, 2, 1, 3, 2), (3, 1, 2, 3, 2), (4, 1, 1, 4, 1), (4, 2, 1, 4, 2), (4, 1, 2, 4, 2), (3, 1, 1, 1, 3), (4, 1, 1, 1, 4), (3, 2, 1, 2, 3), (3, 1, 2, 2, 3), (4, 2, 1, 2, 4), (4, 1, 2, 2, 4), (1, 3, 1, 3, 1), (2, 3, 1, 3, 2), (1, 3, 2, 3, 2), (1, 4, 1, 4, 1), (2, 4, 1, 4, 2), (1, 4, 2, 4, 2), (1, 3, 1, 1, 3), (1, 4, 1, 1, 4), (2, 3, 1, 2, 3), (1, 3, 2, 2, 3), (2, 4, 1, 2, 4), (1, 4, 2, 2, 4)]


-- 2025-12-10 23:38:31 --写入特征标:(1, 2, 1, 2, 2)
[(2, 1, 1, 2, 2), (3, 1, 1, 2, 3), (3, 1, 1, 3, 2), (1, 2, 1, 2, 2), (1, 3, 1, 2, 3), (1, 3, 1, 3, 2)]


-- 2025-12-10 23:39:10 --写入特征标:(1, 2, 1, 2, 1)
[(2, 2, 1, 2, 2), (2, 1, 2, 2, 2), (2, 1, 1, 1, 2), (2, 1, 1, 2, 1), (3, 2, 1, 2, 3), (3, 1, 2, 2, 3), (3, 1, 1, 1, 3), (3, 2, 1, 3, 2), (3, 1, 2, 3, 2), (3, 1, 1, 3, 1), (2, 2, 1, 2, 2), (1, 2, 2, 2, 2), (1, 2, 1, 1, 2), (1, 2, 1, 2, 1), (2, 3, 1, 2, 3), (1, 3, 2, 2, 3), (1, 3, 1, 1, 3), (2, 3, 1, 3, 2), (1, 3, 2, 3, 2), (1, 3, 1, 3, 1)]


-- 2025-12-10 23:51:05 --写入特征标:(5, 1, 2, 1, 3)
[(5, 1, 2, 1, 3), (5, 2, 1, 1, 3), (5, 2, 2, 2, 3)]


-- 2025-12-10 23:51:40 --写入特征标:(5, 1, 2, 1, 2)
[(5, 1, 3, 1, 3), (5, 1, 2, 1, 2), (5, 3, 1, 1, 3), (5, 2, 1, 1, 2), (5, 3, 2, 2, 3), (5, 2, 3, 2, 3), (5, 2, 2, 2, 2)]


-- 2025-12-10 23:54:21 --写入特征标:(5, 1, 3, 1, 3)
[(5, 1, 3, 1, 3), (5, 1, 4, 1, 4), (5, 2, 3, 2, 3), (5, 2, 4, 2, 4), (5, 3, 1, 1, 3), (5, 4, 1, 1, 4), (5, 3, 2, 2, 3), (5, 4, 2, 2, 4)]


-- 2025-12-10 23:56:37 --写入特征标:(4, 1, 3, 1, 3)
[(4, 1, 3, 1, 3), (4, 1, 4, 1, 4), (5, 1, 4, 1, 5), (4, 2, 3, 2, 3), (4, 2, 4, 2, 4), (5, 2, 4, 2, 5), (4, 3, 1, 1, 3), (4, 4, 1, 1, 4), (5, 4, 1, 1, 5), (4, 3, 2, 2, 3), (4, 4, 2, 2, 4), (5, 4, 2, 2, 5)]


-- 2025-12-11 00:02:50 --写入特征标:(4, 1, 2, 1, 3)
[(4, 1, 2, 1, 3), (4, 2, 1, 1, 3), (4, 2, 2, 2, 3)]


-- 2025-12-11 00:03:07 --写入特征标:(4, 1, 2, 1, 2)
[(4, 1, 3, 1, 3), (4, 1, 2, 1, 2), (4, 3, 1, 1, 3), (4, 2, 1, 1, 2), (4, 3, 2, 2, 3), (4, 2, 3, 2, 3), (4, 2, 2, 2, 2)]


-- 2025-12-11 00:03:17 --写入特征标:(3, 1, 2, 1, 2)
[(3, 1, 3, 1, 3), (4, 1, 3, 1, 4), (3, 1, 2, 1, 2), (3, 3, 1, 1, 3), (4, 3, 1, 1, 4), (3, 2, 1, 1, 2), (3, 3, 2, 2, 3), (4, 3, 2, 2, 4), (3, 2, 3, 2, 3), (4, 2, 3, 2, 4), (3, 2, 2, 2, 2)]


-- 2025-12-11 16:11:15 --写入特征标:(3, 1, 3, 1, 3)
[(3, 3, 1, 1, 3), (4, 3, 1, 1, 4), (3, 4, 1, 1, 4), (3, 3, 2, 2, 3), (4, 3, 2, 2, 4), (3, 4, 2, 2, 4), (3, 1, 3, 1, 3), (4, 1, 3, 1, 4), (3, 1, 4, 1, 4), (3, 2, 3, 2, 3), (4, 2, 3, 2, 4), (3, 2, 4, 2, 4)]


-- 2025-12-11 16:17:24 --写入特征标:(3, 2, 2, 1, 2)
[(4, 3, 2, 1, 4), (4, 2, 3, 1, 4), (3, 3, 2, 1, 3), (3, 2, 3, 1, 3), (3, 2, 2, 1, 2)]


-- 2025-12-11 16:23:06 --写入特征标:(3, 1, 2, 1, 4)
[(3, 2, 1, 1, 4), (3, 1, 2, 1, 4), (3, 2, 2, 2, 4)]


-- 2025-12-11 16:23:26 --写入特征标:(3, 1, 2, 1, 3)
[(4, 2, 1, 1, 4), (3, 2, 1, 1, 3), (4, 1, 2, 1, 4), (3, 1, 2, 1, 3), (4, 2, 2, 2, 4), (3, 2, 2, 2, 3)]


-- 2025-12-11 16:31:06 --写入特征标:(2, 1, 2, 2, 3)
[(2, 2, 1, 2, 3), (3, 2, 1, 3, 3), (2, 3, 1, 3, 3), (4, 2, 1, 3, 4), (2, 4, 1, 3, 4), (2, 1, 2, 2, 3), (3, 1, 2, 3, 3), (2, 1, 3, 3, 3), (4, 1, 2, 3, 4), (2, 1, 4, 3, 4)]


-- 2025-12-11 16:32:53 --写入特征标:(2, 1, 2, 2, 4)
[(3, 2, 1, 3, 4), (2, 3, 1, 3, 4), (2, 2, 1, 2, 4), (3, 1, 2, 3, 4), (2, 1, 3, 3, 4), (2, 1, 2, 2, 4)]


-- 2025-12-11 16:34:25 --写入特征标:(2, 2, 2, 2, 3)
[(2, 2, 2, 2, 3), (3, 2, 2, 3, 3), (2, 3, 2, 3, 3), (2, 2, 3, 3, 3), (4, 2, 2, 3, 4), (2, 4, 2, 3, 4), (2, 2, 4, 3, 4)]


-- 2025-12-11 16:37:02 --写入特征标:(2, 1, 2, 1, 3)
[(2, 2, 1, 1, 3), (2, 1, 2, 1, 3), (4, 2, 2, 3, 4), (2, 2, 2, 2, 3), (3, 2, 2, 3, 3)]


-- 2025-12-11 16:37:19 --写入特征标:(2, 1, 2, 1, 2)
[(3, 2, 1, 1, 3), (2, 3, 1, 1, 3), (2, 2, 1, 1, 2), (3, 1, 2, 1, 3), (2, 1, 3, 1, 3), (2, 1, 2, 1, 2), (4, 3, 2, 3, 4), (4, 2, 3, 3, 4), (4, 2, 2, 2, 4), (3, 2, 2, 2, 3), (2, 3, 2, 2, 3), (2, 2, 3, 2, 3), (2, 2, 2, 2, 2), (3, 3, 2, 3, 3), (3, 2, 3, 3, 3), (3, 2, 2, 2, 3), (3, 2, 2, 3, 2)]


-- 2025-12-11 16:47:16 --写入特征标:(3, 1, 5, 1, 5)
[(5, 1, 3, 1, 5), (6, 1, 3, 1, 6), (5, 2, 3, 2, 5), (6, 2, 3, 2, 6), (3, 5, 1, 1, 5), (3, 6, 1, 1, 6), (3, 5, 2, 2, 5), (3, 6, 2, 2, 6), (3, 1, 5, 1, 5), (3, 1, 6, 1, 6), (3, 2, 5, 2, 5), (3, 2, 6, 2, 6), (5, 3, 1, 1, 5), (6, 3, 1, 1, 6), (5, 3, 2, 2, 5), (6, 3, 2, 2, 6)]


-- 2025-12-11 16:53:37 --写入特征标:(3, 1, 4, 1, 4)
[(4, 1, 3, 1, 4), (5, 1, 3, 1, 5), (4, 2, 3, 2, 4), (5, 2, 3, 2, 5), (3, 4, 1, 1, 4), (3, 5, 1, 1, 5), (3, 4, 2, 2, 4), (3, 5, 2, 2, 5), (3, 1, 4, 1, 4), (3, 1, 5, 1, 5), (3, 2, 4, 2, 4), (3, 2, 5, 2, 5), (4, 3, 1, 1, 4), (5, 3, 1, 1, 5), (4, 3, 2, 2, 4), (5, 3, 2, 2, 5)]


-- 2025-12-11 16:57:01 --写入特征标:(2, 1, 4, 1, 4)
[(4, 1, 2, 1, 4), (5, 1, 2, 1, 5), (4, 2, 2, 2, 4), (4, 2, 3, 3, 4), (5, 2, 2, 2, 5), (5, 2, 3, 3, 5), (2, 4, 1, 1, 4), (2, 5, 1, 1, 5), (2, 4, 2, 2, 4), (3, 4, 2, 3, 4), (2, 5, 2, 2, 5), (3, 5, 2, 3, 5), (2, 1, 4, 1, 4), (2, 1, 5, 1, 5), (2, 2, 4, 2, 4), (3, 2, 4, 3, 4), (2, 2, 5, 2, 5), (3, 2, 5, 3, 5), (4, 2, 1, 1, 4), (5, 2, 1, 1, 5), (4, 2, 2, 2, 4), (4, 3, 2, 3, 4), (5, 2, 2, 2, 5), (5, 3, 2, 3, 5)]


-- 2025-12-11 17:05:59 --写入特征标:(2, 1, 3, 1, 3)
[(2, 3, 1, 1, 3), (3, 2, 1, 1, 3), (4, 2, 1, 1, 4), (2, 4, 1, 1, 4), (2, 3, 2, 2, 3), (3, 2, 2, 2, 3), (3, 3, 2, 3, 3), (4, 2, 2, 2, 4), (4, 3, 2, 3, 4), (2, 4, 2, 2, 4), (3, 4, 2, 3, 4), (2, 1, 3, 1, 3), (3, 1, 2, 1, 3), (4, 1, 2, 1, 4), (2, 1, 4, 1, 4), (2, 2, 3, 2, 3), (3, 2, 2, 2, 3), (3, 2, 3, 3, 3), (4, 2, 2, 2, 4), (4, 2, 3, 3, 4), (2, 2, 4, 2, 4), (3, 2, 4, 3, 4)]


-- 2025-12-11 17:14:02 --写入特征标:(1, 1, 3, 1, 3)
[(1, 1, 3, 1, 3), (1, 1, 4, 1, 4), (2, 1, 3, 2, 3), (1, 2, 3, 2, 3), (2, 1, 4, 2, 4), (1, 2, 4, 2, 4), (3, 1, 1, 1, 3), (4, 1, 1, 1, 4), (3, 2, 1, 2, 3), (3, 1, 2, 2, 3), (4, 2, 1, 2, 4), (4, 1, 2, 2, 4), (1, 3, 1, 1, 3), (1, 4, 1, 1, 4), (2, 3, 1, 2, 3), (1, 3, 2, 2, 3), (2, 4, 1, 2, 4), (1, 4, 2, 2, 4)]


-- 2025-12-11 17:18:58 --写入特征标:(1, 1, 2, 1, 3)
[(1, 2, 2, 2, 3), (2, 1, 2, 2, 3), (2, 2, 1, 2, 3), (1, 1, 2, 1, 3), (1, 2, 1, 1, 3), (2, 1, 1, 1, 3)]


-- 2025-12-11 17:19:16 --写入特征标:(1, 1, 2, 1, 2)
[(1, 3, 2, 2, 3), (1, 2, 3, 2, 3), (1, 2, 2, 2, 2), (3, 1, 2, 2, 3), (2, 1, 3, 2, 3), (2, 1, 2, 2, 2), (3, 2, 1, 2, 3), (2, 3, 1, 2, 3), (2, 2, 1, 2, 2), (1, 1, 3, 1, 3), (1, 1, 2, 1, 2), (1, 3, 1, 1, 3), (1, 2, 1, 1, 2), (3, 1, 1, 1, 3), (2, 1, 1, 1, 2)]


-- 2025-12-11 17:29:44 --写入特征标:(1, 5, 3, 5, 3)
[(5, 1, 3, 5, 3), (5, 1, 4, 5, 4), (6, 1, 3, 6, 3), (6, 1, 4, 6, 4), (5, 1, 3, 3, 5), (6, 1, 3, 3, 6), (5, 1, 4, 4, 5), (6, 1, 4, 4, 6), (3, 5, 1, 5, 3), (4, 5, 1, 5, 4), (3, 6, 1, 6, 3), (4, 6, 1, 6, 4), (3, 5, 1, 3, 5), (3, 6, 1, 3, 6), (4, 5, 1, 4, 5), (4, 6, 1, 4, 6), (1, 5, 3, 5, 3), (1, 5, 4, 5, 4), (1, 6, 3, 6, 3), (1, 6, 4, 6, 4), (1, 5, 3, 3, 5), (1, 6, 3, 3, 6), (1, 5, 4, 4, 5), (1, 6, 4, 4, 6), (5, 3, 1, 5, 3), (5, 4, 1, 5, 4), (6, 3, 1, 6, 3), (6, 4, 1, 6, 4), (5, 3, 1, 3, 5), (6, 3, 1, 3, 6), (5, 4, 1, 4, 5), (6, 4, 1, 4, 6)]


-- 2025-12-11 17:30:20 --写入特征标:(2, 5, 3, 5, 3)
[(5, 2, 3, 5, 3), (5, 2, 4, 5, 4), (6, 2, 3, 6, 3), (6, 2, 4, 6, 4), (5, 2, 3, 3, 5), (6, 2, 3, 3, 6), (5, 2, 4, 4, 5), (6, 2, 4, 4, 6), (3, 5, 2, 5, 3), (4, 5, 2, 5, 4), (3, 6, 2, 6, 3), (4, 6, 2, 6, 4), (3, 5, 2, 3, 5), (3, 6, 2, 3, 6), (4, 5, 2, 4, 5), (4, 6, 2, 4, 6), (2, 5, 3, 5, 3), (2, 5, 4, 5, 4), (2, 6, 3, 6, 3), (2, 6, 4, 6, 4), (2, 5, 3, 3, 5), (2, 6, 3, 3, 6), (2, 5, 4, 4, 5), (2, 6, 4, 4, 6), (5, 3, 2, 5, 3), (5, 4, 2, 5, 4), (6, 3, 2, 6, 3), (6, 4, 2, 6, 4), (5, 3, 2, 3, 5), (6, 3, 2, 3, 6), (5, 4, 2, 4, 5), (6, 4, 2, 4, 6)]


-- 2025-12-11 17:34:39 --写入特征标:(1, 2, 2, 2, 2)
[(1, 2, 2, 2, 2), (1, 3, 2, 2, 3), (1, 2, 3, 2, 3), (1, 3, 2, 3, 2), (1, 2, 3, 3, 2), (1, 3, 3, 3, 3), (2, 2, 1, 2, 2), (3, 2, 1, 2, 3), (2, 3, 1, 2, 3), (3, 2, 1, 3, 2), (2, 3, 1, 3, 2), (3, 3, 1, 3, 3), (2, 1, 2, 2, 2), (3, 1, 2, 2, 3), (2, 1, 3, 2, 3), (3, 1, 2, 3, 2), (2, 1, 3, 3, 2), (3, 1, 3, 3, 3)]


-- 2025-12-11 17:36:23 --写入特征标:(1, 2, 4, 2, 4)
[(1, 2, 4, 2, 4), (1, 2, 5, 2, 5), (1, 3, 4, 3, 4), (1, 3, 5, 3, 5), (4, 1, 2, 2, 4), (5, 1, 2, 2, 5), (4, 1, 3, 3, 4), (5, 1, 3, 3, 5), (2, 4, 1, 2, 4), (2, 5, 1, 2, 5), (3, 4, 1, 3, 4), (3, 5, 1, 3, 5), (2, 1, 4, 2, 4), (2, 1, 5, 2, 5), (3, 1, 4, 3, 4), (3, 1, 5, 3, 5), (1, 4, 2, 2, 4), (1, 5, 2, 2, 5), (1, 4, 3, 3, 4), (1, 5, 3, 3, 5), (4, 2, 1, 2, 4), (5, 2, 1, 2, 5), (4, 3, 1, 3, 4), (5, 3, 1, 3, 5)]


-- 2025-12-11 17:40:56 --写入特征标:(1, 2, 3, 2, 3)
[(1, 3, 2, 2, 3), (1, 2, 3, 2, 3), (1, 4, 2, 2, 4), (1, 3, 3, 3, 3), (1, 2, 4, 2, 4), (1, 4, 3, 3, 4), (1, 3, 4, 3, 4), (3, 2, 1, 2, 3), (2, 3, 1, 2, 3), (4, 2, 1, 2, 4), (3, 3, 1, 3, 3), (2, 4, 1, 2, 4), (4, 3, 1, 3, 4), (3, 4, 1, 3, 4), (3, 1, 2, 2, 3), (2, 1, 3, 2, 3), (4, 1, 2, 2, 4), (3, 1, 3, 3, 3), (2, 1, 4, 2, 4), (4, 1, 3, 3, 4), (3, 1, 4, 3, 4)]


-- 2025-12-11 20:11:12 --写入特征标:(1, 1, 1, 1, 1)
[(1, 1, 1, 1, 1), (2, 1, 1, 1, 2), (1, 2, 1, 1, 2), (1, 1, 2, 1, 2), (2, 1, 1, 2, 1), (1, 2, 1, 2, 1), (1, 1, 2, 2, 1), (2, 2, 1, 2, 2), (2, 1, 2, 2, 2), (1, 2, 2, 2, 2)]


-- 2025-12-11 20:44:56 --写入特征标:(5, 3, 1, 1, 3)
[(5, 3, 1, 1, 3), (5, 4, 1, 1, 4), (5, 3, 2, 2, 3), (5, 4, 2, 2, 4)]


-- 2025-12-11 20:47:21 --写入特征标:(4, 3, 1, 1, 3)
[(4, 3, 1, 1, 3), (4, 4, 1, 1, 4), (5, 4, 1, 1, 5), (4, 3, 2, 2, 3), (4, 4, 2, 2, 4), (5, 4, 2, 2, 5)]


-- 2025-12-11 21:01:06 --写入特征标:(4, 2, 1, 1, 4)
[(4, 2, 1, 1, 4), (4, 2, 2, 2, 4), (5, 2, 1, 1, 5), (4, 3, 2, 3, 4), (5, 2, 2, 2, 5), (5, 3, 2, 3, 5)]


-- 2025-12-11 21:18:06 --写入特征标:(4, 2, 1, 1, 3)
[(4, 2, 1, 1, 3), (4, 2, 2, 2, 3), (4, 4, 2, 3, 4), (4, 3, 2, 3, 3), (5, 4, 2, 3, 5)]


-- 2025-12-11 21:18:40 --写入特征标:(4, 2, 1, 1, 2)
[(4, 3, 1, 1, 3), (4, 2, 1, 1, 2), (4, 3, 2, 2, 3), (4, 2, 3, 2, 3), (4, 2, 2, 2, 2), (4, 4, 3, 3, 4), (4, 4, 2, 2, 4), (4, 3, 3, 3, 3), (4, 3, 2, 2, 3), (4, 3, 2, 3, 2), (5, 4, 3, 3, 5), (5, 4, 2, 2, 5)]


-- 2025-12-11 21:20:08 --写入特征标:(5, 2, 1, 1, 4)
[(5, 2, 1, 1, 4), (5, 2, 2, 2, 4), (5, 3, 2, 3, 4)]


-- 2025-12-11 21:20:21 --写入特征标:(5, 2, 1, 1, 3)
[(5, 2, 1, 1, 3), (5, 2, 2, 2, 3), (5, 4, 2, 3, 4), (5, 3, 2, 3, 3)]


-- 2025-12-11 21:25:37 --写入特征标:(5, 2, 1, 1, 2)
[(5, 3, 1, 1, 3), (5, 2, 1, 1, 2), (5, 3, 2, 2, 3), (5, 2, 3, 2, 3), (5, 2, 2, 2, 2), (5, 4, 3, 3, 4), (5, 4, 2, 2, 4), (5, 3, 3, 3, 3), (5, 3, 2, 2, 3), (5, 3, 2, 3, 2)]


-- 2025-12-11 21:37:03 --写入特征标:(6, 2, 1, 1, 4)
[(6, 2, 1, 1, 4), (6, 2, 2, 2, 4), (6, 3, 2, 3, 4)]


-- 2025-12-11 22:13:34 --写入特征标:(6, 2, 1, 1, 3)
[(6, 2, 1, 1, 3), (6, 2, 2, 2, 3), (6, 4, 2, 3, 4), (6, 3, 2, 3, 3)]


-- 2025-12-11 22:13:46 --写入特征标:(6, 2, 1, 1, 2)
[(6, 3, 1, 1, 3), (6, 2, 1, 1, 2), (6, 3, 2, 2, 3), (6, 2, 3, 2, 3), (6, 2, 2, 2, 2), (6, 4, 3, 3, 4), (6, 4, 2, 2, 4), (6, 3, 3, 3, 3), (6, 3, 2, 2, 3), (6, 3, 2, 3, 2)]


-- 2025-12-11 22:37:04 --写入特征标:(4, 3, 2, 4, 5)
[(4, 3, 2, 4, 5), (5, 3, 2, 5, 5), (6, 3, 2, 5, 6)]


-- 2025-12-11 22:37:23 --写入特征标:(4, 3, 2, 3, 4)
[(4, 3, 2, 3, 4), (5, 3, 2, 3, 5), (4, 4, 2, 4, 4), (5, 4, 2, 4, 5), (4, 5, 2, 4, 5), (5, 4, 2, 4, 5), (5, 4, 2, 5, 4), (5, 5, 2, 5, 5), (6, 4, 2, 4, 6), (6, 5, 2, 5, 6)]


-- 2025-12-11 22:38:24 --写入特征标:(4, 3, 2, 2, 4)
[(4, 3, 3, 3, 4), (4, 3, 2, 2, 4), (5, 3, 3, 3, 5), (5, 3, 2, 2, 5), (4, 4, 3, 4, 4), (5, 4, 3, 4, 5), (4, 5, 3, 4, 5), (5, 4, 3, 4, 5), (5, 4, 3, 5, 4), (5, 5, 3, 5, 5), (6, 4, 3, 4, 6), (6, 5, 3, 5, 6)]


-- 2025-12-11 22:42:33 --写入特征标:(3, 2, 1, 3, 3)
[(3, 2, 1, 3, 3), (4, 2, 1, 4, 3), (4, 2, 1, 3, 4)]


-- 2025-12-11 22:42:43 --写入特征标:(3, 2, 1, 2, 2)
[(3, 2, 1, 2, 2), (3, 3, 1, 2, 3), (3, 3, 1, 3, 2), (4, 3, 1, 4, 2), (4, 3, 1, 2, 4)]


-- 2025-12-11 22:45:57 --写入特征标:(3, 2, 1, 3, 4)
[(3, 2, 1, 3, 4), (4, 2, 1, 4, 4), (5, 2, 1, 4, 5)]


-- 2025-12-11 22:46:14 --写入特征标:(3, 2, 1, 2, 3)
[(3, 2, 1, 2, 3), (4, 2, 1, 2, 4), (3, 3, 1, 3, 3), (4, 3, 1, 3, 4), (3, 4, 1, 3, 4), (4, 3, 1, 3, 4), (4, 3, 1, 4, 3), (4, 4, 1, 4, 4), (5, 3, 1, 3, 5), (5, 4, 1, 4, 5)]


-- 2025-12-11 22:46:44 --写入特征标:(3, 2, 1, 1, 2)
[(3, 2, 1, 1, 2), (3, 3, 1, 1, 3), (3, 2, 2, 2, 2), (3, 3, 2, 2, 3), (3, 2, 3, 2, 3), (4, 3, 1, 1, 4), (4, 3, 2, 2, 4), (4, 2, 3, 2, 4), (3, 3, 2, 2, 3), (3, 3, 2, 3, 2), (3, 3, 3, 3, 3), (4, 3, 2, 2, 4), (4, 3, 3, 3, 4), (3, 4, 2, 2, 4), (3, 4, 3, 3, 4), (4, 3, 2, 2, 4), (4, 3, 3, 3, 4), (4, 3, 2, 4, 2), (4, 3, 3, 4, 3), (4, 4, 3, 4, 4), (5, 3, 2, 2, 5), (5, 3, 3, 3, 5), (5, 4, 3, 4, 5)]


-- 2025-12-11 23:05:56 --写入特征标:(7, 4, 3, 4, 6)
[(7, 5, 3, 5, 6), (7, 4, 3, 4, 6)]


-- 2025-12-11 23:06:15 --写入特征标:(7, 4, 3, 3, 5)
[(7, 5, 4, 5, 5), (7, 6, 4, 5, 6), (7, 4, 3, 3, 5), (7, 4, 4, 4, 5)]


-- 2025-12-11 23:06:29 --写入特征标:(5, 4, 3, 3, 5)
[(6, 5, 4, 6, 5), (6, 5, 4, 5, 6), (5, 5, 4, 5, 5), (7, 6, 4, 6, 7), (6, 6, 4, 6, 6), (7, 5, 4, 5, 7), (5, 6, 4, 5, 6), (6, 5, 4, 5, 6), (6, 4, 3, 3, 6), (5, 4, 3, 3, 5), (6, 4, 4, 4, 6), (5, 4, 4, 4, 5)]


-- 2025-12-11 23:13:05 --写入特征标:(4, 1, 0, 1, 2)
[(4, 1, 0, 1, 2), (4, 2, 0, 2, 2), (4, 3, 0, 2, 3)]


-- 2025-12-11 23:13:21 --写入特征标:(3, 1, 0, 1, 2)
[(3, 1, 0, 1, 2), (3, 2, 0, 2, 2), (3, 3, 0, 2, 3), (4, 3, 0, 2, 4)]


-- 2025-12-11 23:13:36 --写入特征标:(3, 1, 0, 0, 1)
[(3, 1, 0, 0, 1), (3, 2, 0, 0, 2), (3, 1, 1, 1, 1), (3, 2, 1, 1, 2), (3, 1, 2, 1, 2), (3, 2, 1, 1, 2), (3, 2, 1, 2, 1), (3, 2, 2, 2, 2), (3, 3, 1, 1, 3), (3, 3, 2, 2, 3), (4, 3, 1, 1, 4), (4, 3, 2, 2, 4)]


-- 2025-12-11 23:14:00 --写入特征标:(2, 1, 0, 0, 1)
[(2, 1, 0, 0, 1), (2, 2, 0, 0, 2), (3, 2, 0, 0, 3), (2, 1, 1, 1, 1), (2, 2, 1, 1, 2), (3, 2, 1, 1, 3), (2, 1, 2, 1, 2), (3, 1, 2, 1, 3), (2, 2, 1, 1, 2), (3, 2, 1, 1, 3), (2, 2, 1, 2, 1), (3, 2, 1, 3, 1), (2, 2, 2, 2, 2), (3, 2, 2, 3, 2), (3, 2, 2, 2, 3), (2, 3, 1, 1, 3), (3, 2, 1, 1, 3), (2, 3, 2, 2, 3), (3, 2, 2, 2, 3), (3, 3, 2, 3, 3), (4, 2, 1, 1, 4), (4, 2, 2, 2, 4), (4, 3, 2, 3, 4)]


-- 2025-12-11 23:19:02 --写入特征标:(2, 0, 0, 0, 0)
[(2, 0, 0, 0, 0), (2, 1, 0, 0, 1), (2, 0, 1, 0, 1), (2, 1, 0, 1, 0), (2, 0, 1, 1, 0), (2, 1, 1, 1, 1)]


-- 2025-12-11 23:23:44 --写入特征标:(2, 2, 0, 0, 2)
[(2, 2, 0, 0, 2), (3, 2, 0, 0, 3), (2, 3, 0, 0, 3), (2, 2, 1, 1, 2), (3, 2, 1, 1, 3), (2, 3, 1, 1, 3)]


-- 2025-12-11 23:27:55 --写入特征标:(1, 1, 0, 0, 3)
[(2, 1, 1, 2, 3), (1, 2, 1, 2, 3), (1, 1, 1, 1, 3), (1, 1, 0, 0, 3)]


-- 2025-12-11 23:28:31 --写入特征标:(1, 1, 0, 0, 1)
[(3, 2, 1, 2, 3), (3, 1, 2, 2, 3), (3, 1, 1, 1, 3), (2, 2, 1, 2, 2), (2, 1, 2, 2, 2), (2, 1, 1, 1, 2), (2, 1, 1, 2, 1), (2, 3, 1, 2, 3), (1, 3, 2, 2, 3), (2, 2, 1, 2, 2), (1, 3, 1, 1, 3), (1, 2, 2, 2, 2), (1, 2, 1, 1, 2), (1, 2, 1, 2, 1), (2, 1, 1, 1, 2), (1, 2, 1, 1, 2), (1, 1, 2, 1, 2), (1, 1, 1, 1, 1), (2, 1, 0, 0, 2), (1, 2, 0, 0, 2), (1, 1, 0, 0, 1)]


-- 2025-12-11 23:49:52 --写入特征标:(2, 3, 0, 0, 3)
[(2, 3, 0, 0, 3), (2, 4, 0, 0, 4), (2, 3, 1, 1, 3), (2, 4, 1, 1, 4), (3, 2, 0, 0, 3), (4, 2, 0, 0, 4), (3, 2, 1, 1, 3), (4, 2, 1, 1, 4)]


-- 2025-12-11 23:53:30 --写入特征标:(1, 3, 0, 1, 4)
[(2, 3, 0, 2, 4), (1, 3, 0, 1, 4), (3, 2, 0, 2, 4), (3, 1, 0, 1, 4)]


-- 2025-12-11 23:53:48 --写入特征标:(1, 3, 0, 0, 3)
[(2, 3, 1, 2, 3), (2, 4, 1, 2, 4), (1, 3, 0, 0, 3), (1, 4, 0, 0, 4), (1, 3, 1, 1, 3), (1, 4, 1, 1, 4), (3, 2, 1, 2, 3), (4, 2, 1, 2, 4), (3, 1, 0, 0, 3), (4, 1, 0, 0, 4), (3, 1, 1, 1, 3), (4, 1, 1, 1, 4)]


-- 2025-12-11 23:56:48 --写入特征标:(1, 2, 0, 1, 3)
[(1, 2, 0, 1, 3), (2, 1, 0, 1, 3), (2, 2, 0, 2, 3)]


-- 2025-12-11 23:57:02 --写入特征标:(1, 2, 0, 0, 2)
[(1, 2, 0, 0, 2), (1, 3, 0, 0, 3), (1, 2, 1, 1, 2), (1, 3, 1, 1, 3), (2, 1, 0, 0, 2), (3, 1, 0, 0, 3), (2, 1, 1, 1, 2), (3, 1, 1, 1, 3), (2, 2, 1, 2, 2), (3, 2, 1, 2, 3), (2, 3, 1, 2, 3)]


-- 2025-12-12 12:03:52 --写入特征标:(1, 3, 1, 1, 3)
[(3, 1, 1, 1, 3), (4, 1, 1, 1, 4), (3, 2, 1, 2, 3), (3, 1, 2, 2, 3), (4, 2, 1, 2, 4), (4, 1, 2, 2, 4), (1, 3, 1, 1, 3), (1, 4, 1, 1, 4), (2, 3, 1, 2, 3), (1, 3, 2, 2, 3), (2, 4, 1, 2, 4), (1, 4, 2, 2, 4)]


-- 2025-12-12 12:09:15 --写入特征标:(1, 2, 1, 1, 4)
[(3, 2, 1, 3, 4), (3, 1, 2, 3, 4), (2, 2, 1, 2, 4), (2, 1, 2, 2, 4), (2, 1, 1, 1, 4), (2, 3, 1, 3, 4), (1, 3, 2, 3, 4), (2, 2, 1, 2, 4), (1, 2, 2, 2, 4), (1, 2, 1, 1, 4)]


-- 2025-12-12 12:11:26 --写入特征标:(2, 3, 1, 2, 4)
[(2, 3, 1, 2, 4), (3, 2, 1, 2, 4), (3, 3, 1, 3, 4)]


-- 2025-12-12 12:11:37 --写入特征标:(2, 3, 1, 2, 3)
[(2, 4, 1, 2, 4), (2, 3, 1, 2, 3), (4, 2, 1, 2, 4), (3, 2, 1, 2, 3), (4, 3, 1, 3, 4), (3, 4, 1, 3, 4), (3, 3, 1, 3, 3)]


-- 2025-12-12 12:16:21 --写入特征标:(0, 2, 1, 2, 3)
[(2, 0, 1, 2, 3), (3, 0, 1, 3, 3), (4, 0, 1, 3, 4), (1, 2, 0, 2, 3), (1, 3, 0, 3, 3), (1, 4, 0, 3, 4), (0, 2, 1, 2, 3), (0, 3, 1, 3, 3), (0, 4, 1, 3, 4), (2, 1, 0, 2, 3), (3, 1, 0, 3, 3), (4, 1, 0, 3, 4)]


-- 2025-12-12 13:09:44 --写入特征标:(1, 2, 1, 1, 2)
[(4, 3, 1, 3, 4), (4, 2, 1, 2, 4), (3, 3, 1, 3, 3), (3, 2, 1, 2, 3), (3, 2, 1, 3, 2), (4, 1, 3, 3, 4), (4, 1, 2, 2, 4), (3, 1, 3, 3, 3), (3, 1, 2, 2, 3), (3, 1, 2, 3, 2), (3, 2, 1, 2, 3), (2, 3, 1, 2, 3), (2, 2, 1, 2, 2), (3, 1, 2, 2, 3), (2, 1, 3, 2, 3), (2, 1, 2, 2, 2), (3, 1, 1, 1, 3), (2, 1, 1, 1, 2), (3, 4, 1, 3, 4), (3, 3, 1, 3, 3), (2, 4, 1, 2, 4), (2, 3, 1, 2, 3), (2, 3, 1, 3, 2), (1, 4, 3, 3, 4), (1, 4, 2, 2, 4), (1, 3, 3, 3, 3), (1, 3, 2, 2, 3), (1, 3, 2, 3, 2), (3, 2, 1, 2, 3), (2, 3, 1, 2, 3), (2, 2, 1, 2, 2), (1, 3, 2, 2, 3), (1, 2, 3, 2, 3), (1, 2, 2, 2, 2), (1, 3, 1, 1, 3), (1, 2, 1, 1, 2)]


-- 2025-12-12 13:21:21 --写入特征标:(3, 3, 1, 1, 3)
[(3, 3, 1, 1, 3), (4, 3, 1, 1, 4), (3, 4, 1, 1, 4), (3, 3, 2, 2, 3), (4, 3, 2, 2, 4), (3, 4, 2, 2, 4)]


-- 2025-12-12 13:24:18 --写入特征标:(2, 2, 1, 1, 4)
[(3, 2, 2, 3, 4), (2, 3, 2, 3, 4), (2, 2, 2, 2, 4), (2, 2, 1, 1, 4)]


-- 2025-12-12 13:24:28 --写入特征标:(2, 2, 1, 1, 2)
[(4, 3, 2, 3, 4), (4, 2, 3, 3, 4), (4, 2, 2, 2, 4), (3, 3, 2, 3, 3), (3, 2, 3, 3, 3), (3, 2, 2, 2, 3), (3, 2, 2, 3, 2), (3, 4, 2, 3, 4), (2, 4, 3, 3, 4), (3, 3, 2, 3, 3), (2, 4, 2, 2, 4), (2, 3, 3, 3, 3), (2, 3, 2, 2, 3), (2, 3, 2, 3, 2), (3, 2, 2, 2, 3), (2, 3, 2, 2, 3), (2, 2, 3, 2, 3), (2, 2, 2, 2, 2), (3, 2, 1, 1, 3), (2, 3, 1, 1, 3), (2, 2, 1, 1, 2)]


-- 2025-12-12 13:26:46 --写入特征标:(5, 1, 3, 3, 1)
[(5, 1, 3, 3, 1), (5, 2, 3, 3, 2), (5, 1, 4, 4, 1), (5, 2, 4, 4, 2), (5, 1, 3, 1, 3), (5, 1, 4, 1, 4), (5, 2, 3, 2, 3), (5, 2, 4, 2, 4), (5, 3, 1, 3, 1), (5, 3, 2, 3, 2), (5, 4, 1, 4, 1), (5, 4, 2, 4, 2), (5, 3, 1, 1, 3), (5, 4, 1, 1, 4), (5, 3, 2, 2, 3), (5, 4, 2, 2, 4)]


-- 2025-12-12 13:30:12 --写入特征标:(4, 1, 3, 3, 1)
[(4, 1, 3, 3, 1), (4, 2, 3, 3, 2), (4, 1, 4, 4, 1), (5, 1, 4, 5, 1), (4, 2, 4, 4, 2), (5, 2, 4, 5, 2), (4, 1, 3, 1, 3), (4, 1, 4, 1, 4), (5, 1, 4, 1, 5), (4, 2, 3, 2, 3), (4, 2, 4, 2, 4), (5, 2, 4, 2, 5), (4, 3, 1, 3, 1), (4, 3, 2, 3, 2), (4, 4, 1, 4, 1), (5, 4, 1, 5, 1), (4, 4, 2, 4, 2), (5, 4, 2, 5, 2), (4, 3, 1, 1, 3), (4, 4, 1, 1, 4), (5, 4, 1, 1, 5), (4, 3, 2, 2, 3), (4, 4, 2, 2, 4), (5, 4, 2, 2, 5)]


-- 2025-12-12 13:31:03 --写入特征标:(6, 1, 4, 4, 1)
[(6, 1, 4, 4, 1), (6, 2, 4, 4, 2), (6, 1, 5, 5, 1), (6, 2, 5, 5, 2), (6, 1, 4, 1, 4), (6, 1, 5, 1, 5), (6, 2, 4, 2, 4), (6, 2, 5, 2, 5), (6, 4, 1, 4, 1), (6, 4, 2, 4, 2), (6, 5, 1, 5, 1), (6, 5, 2, 5, 2), (6, 4, 1, 1, 4), (6, 5, 1, 1, 5), (6, 4, 2, 2, 4), (6, 5, 2, 2, 5)]


-- 2025-12-12 13:31:25 --写入特征标:(5, 1, 4, 4, 1)
[(5, 1, 4, 4, 1), (5, 2, 4, 4, 2), (5, 1, 5, 5, 1), (6, 1, 5, 6, 1), (5, 2, 5, 5, 2), (6, 2, 5, 6, 2), (5, 1, 4, 1, 4), (5, 1, 5, 1, 5), (6, 1, 5, 1, 6), (5, 2, 4, 2, 4), (5, 2, 5, 2, 5), (6, 2, 5, 2, 6), (5, 4, 1, 4, 1), (5, 4, 2, 4, 2), (5, 5, 1, 5, 1), (6, 5, 1, 6, 1), (5, 5, 2, 5, 2), (6, 5, 2, 6, 2), (5, 4, 1, 1, 4), (5, 5, 1, 1, 5), (6, 5, 1, 1, 6), (5, 4, 2, 2, 4), (5, 5, 2, 2, 5), (6, 5, 2, 2, 6)]


-- 2025-12-12 13:36:01 --写入特征标:(5, 1, 2, 2, 4)
[(5, 1, 3, 3, 4), (5, 1, 2, 2, 4), (5, 3, 1, 3, 4), (5, 2, 1, 2, 4)]


-- 2025-12-12 13:39:24 --写入特征标:(4, 1, 2, 2, 1)
[(4, 2, 3, 2, 3), (4, 2, 3, 3, 2), (4, 1, 3, 1, 3), (4, 2, 2, 2, 2), (4, 1, 3, 3, 1), (4, 1, 2, 1, 2), (4, 1, 2, 2, 1), (4, 3, 2, 2, 3), (4, 3, 2, 3, 2), (4, 3, 1, 1, 3), (4, 2, 2, 2, 2), (4, 3, 1, 3, 1), (4, 2, 1, 1, 2), (4, 2, 1, 2, 1)]


-- 2025-12-12 13:40:03 --写入特征标:(3, 1, 2, 2, 1)
[(3, 2, 3, 2, 3), (4, 2, 3, 2, 4), (3, 2, 3, 3, 2), (4, 2, 3, 4, 2), (3, 1, 3, 1, 3), (4, 1, 3, 1, 4), (3, 2, 2, 2, 2), (3, 1, 3, 3, 1), (4, 1, 3, 4, 1), (3, 1, 2, 1, 2), (3, 1, 2, 2, 1), (3, 3, 2, 2, 3), (4, 3, 2, 2, 4), (3, 3, 2, 3, 2), (4, 3, 2, 4, 2), (3, 3, 1, 1, 3), (4, 3, 1, 1, 4), (3, 2, 2, 2, 2), (3, 3, 1, 3, 1), (4, 3, 1, 4, 1), (3, 2, 1, 1, 2), (3, 2, 1, 2, 1)]


-- 2025-12-12 16:27:55 --写入特征标:(3, 1, 3, 3, 1)
[(3, 3, 1, 3, 1), (3, 3, 2, 3, 2), (4, 3, 1, 4, 1), (3, 4, 1, 4, 1), (4, 3, 2, 4, 2), (3, 4, 2, 4, 2), (3, 3, 1, 1, 3), (4, 3, 1, 1, 4), (3, 4, 1, 1, 4), (3, 3, 2, 2, 3), (4, 3, 2, 2, 4), (3, 4, 2, 2, 4), (3, 1, 3, 3, 1), (3, 2, 3, 3, 2), (4, 1, 3, 4, 1), (3, 1, 4, 4, 1), (4, 2, 3, 4, 2), (3, 2, 4, 4, 2), (3, 1, 3, 1, 3), (4, 1, 3, 1, 4), (3, 1, 4, 1, 4), (3, 2, 3, 2, 3), (4, 2, 3, 2, 4), (3, 2, 4, 2, 4)]


-- 2025-12-12 20:49:13 --写入特征标:(2, 2, 2, 3, 2)
[(3, 2, 2, 3, 3), (2, 3, 2, 3, 3), (2, 2, 3, 3, 3), (2, 2, 2, 2, 3), (2, 2, 2, 3, 2)]


-- 2025-12-12 20:55:57 --写入特征标:(2, 1, 2, 4, 1)
[(2, 1, 2, 4, 1), (2, 2, 1, 4, 1), (2, 2, 2, 4, 2), (3, 2, 2, 4, 3), (2, 1, 2, 1, 4), (2, 2, 1, 1, 4), (2, 2, 2, 2, 4), (3, 2, 2, 3, 4)]


-- 2025-12-12 21:03:03 --写入特征标:(3, 2, 2, 4, 3)
[(4, 2, 2, 4, 4), (3, 2, 2, 3, 4), (3, 2, 2, 4, 3)]


-- 2025-12-12 21:04:22 --写入特征标:(3, 2, 2, 4, 2)
[(4, 3, 2, 4, 4), (4, 2, 3, 4, 4), (3, 3, 2, 3, 4), (3, 3, 2, 4, 3), (3, 2, 3, 3, 4), (3, 2, 3, 4, 3), (3, 2, 2, 2, 4), (3, 2, 2, 4, 2)]


-- 2025-12-12 21:08:43 --写入特征标:(2, 1, 2, 2, 1)
[(3, 3, 2, 3, 3), (3, 2, 2, 2, 3), (3, 2, 2, 3, 2), (2, 3, 2, 2, 3), (2, 3, 2, 3, 2), (3, 2, 1, 1, 3), (2, 3, 1, 1, 3), (2, 2, 2, 2, 2), (3, 2, 1, 3, 1), (2, 3, 1, 3, 1), (2, 2, 1, 1, 2), (2, 2, 1, 2, 1), (3, 2, 3, 3, 3), (3, 2, 2, 2, 3), (3, 2, 2, 3, 2), (2, 2, 3, 2, 3), (2, 2, 3, 3, 2), (3, 1, 2, 1, 3), (2, 1, 3, 1, 3), (2, 2, 2, 2, 2), (3, 1, 2, 3, 1), (2, 1, 3, 3, 1), (2, 1, 2, 1, 2), (2, 1, 2, 2, 1)]


-- 2025-12-12 21:09:18 --写入特征标:(2, 1, 2, 2, 2)
[(2, 2, 1, 2, 2), (3, 2, 1, 2, 3), (2, 3, 1, 2, 3), (3, 2, 1, 3, 2), (2, 3, 1, 3, 2), (3, 3, 1, 3, 3), (2, 1, 2, 2, 2), (3, 1, 2, 2, 3), (2, 1, 3, 2, 3), (3, 1, 2, 3, 2), (2, 1, 3, 3, 2), (3, 1, 3, 3, 3)]


-- 2025-12-12 21:19:40 --写入特征标:(3, 1, 5, 5, 1)
[(5, 1, 3, 5, 1), (5, 2, 3, 5, 2), (6, 1, 3, 6, 1), (6, 2, 3, 6, 2), (5, 1, 3, 1, 5), (6, 1, 3, 1, 6), (5, 2, 3, 2, 5), (6, 2, 3, 2, 6), (3, 5, 1, 5, 1), (3, 5, 2, 5, 2), (3, 6, 1, 6, 1), (3, 6, 2, 6, 2), (3, 5, 1, 1, 5), (3, 6, 1, 1, 6), (3, 5, 2, 2, 5), (3, 6, 2, 2, 6), (3, 1, 5, 5, 1), (3, 2, 5, 5, 2), (3, 1, 6, 6, 1), (3, 2, 6, 6, 2), (3, 1, 5, 1, 5), (3, 1, 6, 1, 6), (3, 2, 5, 2, 5), (3, 2, 6, 2, 6), (5, 3, 1, 5, 1), (5, 3, 2, 5, 2), (6, 3, 1, 6, 1), (6, 3, 2, 6, 2), (5, 3, 1, 1, 5), (6, 3, 1, 1, 6), (5, 3, 2, 2, 5), (6, 3, 2, 2, 6)]


-- 2025-12-12 21:33:05 --写入特征标:(3, 1, 4, 4, 1)
[(4, 1, 3, 4, 1), (4, 2, 3, 4, 2), (5, 1, 3, 5, 1), (5, 2, 3, 5, 2), (4, 1, 3, 1, 4), (5, 1, 3, 1, 5), (4, 2, 3, 2, 4), (5, 2, 3, 2, 5), (3, 4, 1, 4, 1), (3, 4, 2, 4, 2), (3, 5, 1, 5, 1), (3, 5, 2, 5, 2), (3, 4, 1, 1, 4), (3, 5, 1, 1, 5), (3, 4, 2, 2, 4), (3, 5, 2, 2, 5), (3, 1, 4, 4, 1), (3, 2, 4, 4, 2), (3, 1, 5, 5, 1), (3, 2, 5, 5, 2), (3, 1, 4, 1, 4), (3, 1, 5, 1, 5), (3, 2, 4, 2, 4), (3, 2, 5, 2, 5), (4, 3, 1, 4, 1), (4, 3, 2, 4, 2), (5, 3, 1, 5, 1), (5, 3, 2, 5, 2), (4, 3, 1, 1, 4), (5, 3, 1, 1, 5), (4, 3, 2, 2, 4), (5, 3, 2, 2, 5)]


-- 2025-12-12 21:35:48 --写入特征标:(2, 1, 4, 4, 1)
[(4, 1, 2, 4, 1), (4, 2, 2, 4, 2), (5, 1, 2, 5, 1), (5, 2, 2, 5, 2), (4, 2, 3, 4, 3), (5, 2, 3, 5, 3), (4, 1, 2, 1, 4), (4, 2, 2, 2, 4), (5, 1, 2, 1, 5), (4, 2, 3, 3, 4), (5, 2, 2, 2, 5), (5, 2, 3, 3, 5), (2, 4, 1, 4, 1), (2, 4, 2, 4, 2), (2, 5, 1, 5, 1), (2, 5, 2, 5, 2), (3, 4, 2, 4, 3), (3, 5, 2, 5, 3), (2, 4, 1, 1, 4), (2, 4, 2, 2, 4), (2, 5, 1, 1, 5), (3, 4, 2, 3, 4), (2, 5, 2, 2, 5), (3, 5, 2, 3, 5), (2, 1, 4, 4, 1), (2, 1, 5, 5, 1), (2, 2, 4, 4, 2), (2, 2, 5, 5, 2), (3, 2, 4, 4, 3), (3, 2, 5, 5, 3), (2, 1, 4, 1, 4), (2, 1, 5, 1, 5), (2, 2, 4, 2, 4), (3, 2, 4, 3, 4), (2, 2, 5, 2, 5), (3, 2, 5, 3, 5), (4, 2, 1, 4, 1), (4, 2, 2, 4, 2), (5, 2, 1, 5, 1), (5, 2, 2, 5, 2), (4, 3, 2, 4, 3), (5, 3, 2, 5, 3), (4, 2, 1, 1, 4), (4, 2, 2, 2, 4), (5, 2, 1, 1, 5), (4, 3, 2, 3, 4), (5, 2, 2, 2, 5), (5, 3, 2, 3, 5)]


-- 2025-12-12 21:36:25 --写入特征标:(2, 1, 5, 5, 1)
[(5, 1, 2, 5, 1), (5, 2, 2, 5, 2), (6, 1, 2, 6, 1), (6, 2, 2, 6, 2), (5, 2, 3, 5, 3), (6, 2, 3, 6, 3), (5, 1, 2, 1, 5), (5, 2, 2, 2, 5), (6, 1, 2, 1, 6), (5, 2, 3, 3, 5), (6, 2, 2, 2, 6), (6, 2, 3, 3, 6), (2, 5, 1, 5, 1), (2, 5, 2, 5, 2), (2, 6, 1, 6, 1), (2, 6, 2, 6, 2), (3, 5, 2, 5, 3), (3, 6, 2, 6, 3), (2, 5, 1, 1, 5), (2, 5, 2, 2, 5), (2, 6, 1, 1, 6), (3, 5, 2, 3, 5), (2, 6, 2, 2, 6), (3, 6, 2, 3, 6), (2, 1, 5, 5, 1), (2, 1, 6, 6, 1), (2, 2, 5, 5, 2), (2, 2, 6, 6, 2), (3, 2, 5, 5, 3), (3, 2, 6, 6, 3), (2, 1, 5, 1, 5), (2, 1, 6, 1, 6), (2, 2, 5, 2, 5), (3, 2, 5, 3, 5), (2, 2, 6, 2, 6), (3, 2, 6, 3, 6), (5, 2, 1, 5, 1), (5, 2, 2, 5, 2), (6, 2, 1, 6, 1), (6, 2, 2, 6, 2), (5, 3, 2, 5, 3), (6, 3, 2, 6, 3), (5, 2, 1, 1, 5), (5, 2, 2, 2, 5), (6, 2, 1, 1, 6), (5, 3, 2, 3, 5), (6, 2, 2, 2, 6), (6, 3, 2, 3, 6)]


-- 2025-12-12 21:45:06 --写入特征标:(2, 1, 3, 3, 3)
[(3, 1, 2, 3, 3), (4, 1, 2, 3, 4), (4, 1, 2, 4, 3), (2, 3, 1, 3, 3), (2, 4, 1, 3, 4), (2, 4, 1, 4, 3), (2, 1, 3, 3, 3), (2, 1, 4, 3, 4), (2, 1, 4, 4, 3), (3, 2, 1, 3, 3), (4, 2, 1, 3, 4), (4, 2, 1, 4, 3)]


-- 2025-12-12 21:47:58 --写入特征标:(2, 1, 3, 4, 2)
[(2, 3, 1, 4, 2), (3, 2, 1, 4, 2), (3, 3, 1, 4, 3), (2, 3, 1, 2, 4), (3, 2, 1, 2, 4), (3, 3, 1, 3, 4), (2, 1, 3, 4, 2), (3, 1, 2, 4, 2), (3, 1, 3, 4, 3), (2, 1, 3, 2, 4), (3, 1, 2, 2, 4), (3, 1, 3, 3, 4)]


-- 2025-12-12 21:50:33 --写入特征标:(2, 1, 3, 3, 2)
[(4, 1, 3, 3, 4), (4, 1, 3, 4, 3), (4, 1, 2, 2, 4), (3, 1, 3, 3, 3), (4, 1, 2, 4, 2), (3, 1, 2, 2, 3), (3, 1, 2, 3, 2), (3, 4, 1, 3, 4), (3, 4, 1, 4, 3), (2, 4, 1, 2, 4), (3, 3, 1, 3, 3), (2, 4, 1, 4, 2), (2, 3, 1, 2, 3), (2, 3, 1, 3, 2), (3, 1, 4, 3, 4), (3, 1, 4, 4, 3), (2, 1, 4, 2, 4), (3, 1, 3, 3, 3), (2, 1, 4, 4, 2), (2, 1, 3, 2, 3), (2, 1, 3, 3, 2), (4, 3, 1, 3, 4), (4, 3, 1, 4, 3), (4, 2, 1, 2, 4), (3, 3, 1, 3, 3), (4, 2, 1, 4, 2), (3, 2, 1, 2, 3), (3, 2, 1, 3, 2)]


-- 2025-12-12 21:55:44 --写入特征标:(5, 2, 2, 2, 3)
[(5, 2, 2, 2, 3), (5, 3, 2, 3, 3), (5, 2, 3, 3, 3), (5, 4, 2, 3, 4), (5, 2, 4, 3, 4)]


-- 2025-12-12 21:56:21 --写入特征标:(3, 2, 2, 2, 3)
[(4, 2, 2, 2, 4), (3, 2, 2, 2, 3), (4, 3, 2, 4, 3), (4, 3, 2, 3, 4), (3, 3, 2, 3, 3), (4, 2, 3, 4, 3), (4, 2, 3, 3, 4), (3, 2, 3, 3, 3), (5, 4, 2, 4, 5), (4, 4, 2, 4, 4), (5, 3, 2, 3, 5), (3, 4, 2, 3, 4), (4, 3, 2, 3, 4), (5, 2, 4, 4, 5), (4, 2, 4, 4, 4), (5, 2, 3, 3, 5), (3, 2, 4, 3, 4), (4, 2, 3, 3, 4)]


-- 2025-12-12 21:58:07 --写入特征标:(3, 2, 2, 3, 2)
[(4, 3, 2, 3, 4), (4, 3, 2, 4, 3), (4, 2, 3, 3, 4), (4, 2, 3, 4, 3), (4, 2, 2, 2, 4), (3, 3, 2, 3, 3), (3, 2, 3, 3, 3), (4, 2, 2, 4, 2), (3, 2, 2, 2, 3), (3, 2, 2, 3, 2)]


-- 2025-12-12 22:11:30 --写入特征标:(4, 1, 4, 3, 1)
[(4, 4, 1, 3, 1), (4, 4, 2, 3, 2), (4, 4, 1, 1, 3), (4, 4, 2, 2, 3), (4, 1, 4, 3, 1), (4, 2, 4, 3, 2), (4, 1, 4, 1, 3), (4, 2, 4, 2, 3)]


-- 2025-12-12 22:11:57 --写入特征标:(2, 1, 3, 3, 1)
[(2, 4, 1, 4, 1), (4, 2, 1, 4, 1), (2, 3, 1, 3, 1), (3, 2, 1, 3, 1), (3, 4, 2, 4, 3), (4, 3, 2, 4, 3), (2, 4, 2, 4, 2), (3, 3, 2, 3, 3), (4, 2, 2, 4, 2), (2, 3, 2, 3, 2), (3, 2, 2, 3, 2), (2, 4, 1, 1, 4), (4, 2, 1, 1, 4), (2, 3, 1, 1, 3), (3, 2, 1, 1, 3), (3, 4, 2, 3, 4), (4, 3, 2, 3, 4), (2, 4, 2, 2, 4), (3, 3, 2, 3, 3), (4, 2, 2, 2, 4), (2, 3, 2, 2, 3), (3, 2, 2, 2, 3), (2, 1, 4, 4, 1), (4, 1, 2, 4, 1), (2, 1, 3, 3, 1), (3, 1, 2, 3, 1), (3, 2, 4, 4, 3), (4, 2, 3, 4, 3), (2, 2, 4, 4, 2), (3, 2, 3, 3, 3), (4, 2, 2, 4, 2), (2, 2, 3, 3, 2), (3, 2, 2, 3, 2), (2, 1, 4, 1, 4), (4, 1, 2, 1, 4), (2, 1, 3, 1, 3), (3, 1, 2, 1, 3), (3, 2, 4, 3, 4), (4, 2, 3, 3, 4), (2, 2, 4, 2, 4), (3, 2, 3, 3, 3), (4, 2, 2, 2, 4), (2, 2, 3, 2, 3), (3, 2, 2, 2, 3)]


-- 2025-12-12 22:15:47 --写入特征标:(1, 1, 3, 3, 1)
[(1, 1, 3, 3, 1), (2, 1, 3, 3, 2), (1, 2, 3, 3, 2), (1, 1, 4, 4, 1), (2, 1, 4, 4, 2), (1, 2, 4, 4, 2), (1, 1, 3, 1, 3), (1, 1, 4, 1, 4), (2, 1, 3, 2, 3), (1, 2, 3, 2, 3), (2, 1, 4, 2, 4), (1, 2, 4, 2, 4), (3, 1, 1, 3, 1), (3, 2, 1, 3, 2), (3, 1, 2, 3, 2), (4, 1, 1, 4, 1), (4, 2, 1, 4, 2), (4, 1, 2, 4, 2), (3, 1, 1, 1, 3), (4, 1, 1, 1, 4), (3, 2, 1, 2, 3), (3, 1, 2, 2, 3), (4, 2, 1, 2, 4), (4, 1, 2, 2, 4), (1, 3, 1, 3, 1), (2, 3, 1, 3, 2), (1, 3, 2, 3, 2), (1, 4, 1, 4, 1), (2, 4, 1, 4, 2), (1, 4, 2, 4, 2), (1, 3, 1, 1, 3), (1, 4, 1, 1, 4), (2, 3, 1, 2, 3), (1, 3, 2, 2, 3), (2, 4, 1, 2, 4), (1, 4, 2, 2, 4)]


-- 2025-12-12 22:17:41 --写入特征标:(1, 1, 2, 2, 1)
[(2, 1, 3, 2, 3), (2, 1, 3, 3, 2), (1, 2, 3, 2, 3), (1, 2, 3, 3, 2), (1, 1, 3, 1, 3), (2, 1, 2, 2, 2), (1, 2, 2, 2, 2), (1, 1, 3, 3, 1), (1, 1, 2, 1, 2), (1, 1, 2, 2, 1), (3, 2, 1, 2, 3), (3, 2, 1, 3, 2), (3, 1, 2, 2, 3), (3, 1, 2, 3, 2), (3, 1, 1, 1, 3), (2, 2, 1, 2, 2), (2, 1, 2, 2, 2), (3, 1, 1, 3, 1), (2, 1, 1, 1, 2), (2, 1, 1, 2, 1), (2, 3, 1, 2, 3), (2, 3, 1, 3, 2), (1, 3, 2, 2, 3), (1, 3, 2, 3, 2), (1, 3, 1, 1, 3), (2, 2, 1, 2, 2), (1, 2, 2, 2, 2), (1, 3, 1, 3, 1), (1, 2, 1, 1, 2), (1, 2, 1, 2, 1)]


-- 2025-12-12 22:24:45 --写入特征标:(1, 5, 3, 3, 5)
[(5, 1, 3, 3, 5), (6, 1, 3, 3, 6), (5, 1, 4, 4, 5), (6, 1, 4, 4, 6), (3, 5, 1, 3, 5), (3, 6, 1, 3, 6), (4, 5, 1, 4, 5), (4, 6, 1, 4, 6), (1, 5, 3, 3, 5), (1, 6, 3, 3, 6), (1, 5, 4, 4, 5), (1, 6, 4, 4, 6), (5, 3, 1, 3, 5), (6, 3, 1, 3, 6), (5, 4, 1, 4, 5), (6, 4, 1, 4, 6)]


-- 2025-12-12 22:24:56 --写入特征标:(2, 5, 3, 3, 5)
[(5, 2, 3, 3, 5), (6, 2, 3, 3, 6), (5, 2, 4, 4, 5), (6, 2, 4, 4, 6), (3, 5, 2, 3, 5), (3, 6, 2, 3, 6), (4, 5, 2, 4, 5), (4, 6, 2, 4, 6), (2, 5, 3, 3, 5), (2, 6, 3, 3, 6), (2, 5, 4, 4, 5), (2, 6, 4, 4, 6), (5, 3, 2, 3, 5), (6, 3, 2, 3, 6), (5, 4, 2, 4, 5), (6, 4, 2, 4, 6)]


-- 2025-12-12 22:28:26 --写入特征标:(1, 3, 2, 2, 5)
[(4, 1, 3, 4, 5), (3, 1, 3, 3, 5), (3, 1, 2, 2, 5), (3, 4, 1, 4, 5), (3, 3, 1, 3, 5), (2, 3, 1, 2, 5), (1, 4, 3, 4, 5), (1, 3, 3, 3, 5), (1, 3, 2, 2, 5), (4, 3, 1, 4, 5), (3, 3, 1, 3, 5), (3, 2, 1, 2, 5)]


-- 2025-12-12 22:29:48 --写入特征标:(3, 4, 1, 3, 4)
[(4, 5, 1, 4, 5), (5, 4, 1, 4, 5), (3, 5, 1, 3, 5), (4, 4, 1, 4, 4), (5, 3, 1, 3, 5), (3, 4, 1, 3, 4), (4, 3, 1, 3, 4)]


-- 2025-12-12 22:36:23 --写入特征标:(1, 3, 2, 2, 3)
[(5, 1, 4, 4, 5), (5, 1, 3, 3, 5), (4, 1, 4, 4, 4), (4, 1, 3, 3, 4), (4, 1, 3, 4, 3), (4, 1, 3, 3, 4), (3, 1, 4, 3, 4), (3, 1, 3, 3, 3), (4, 1, 2, 2, 4), (3, 1, 2, 2, 3), (4, 5, 1, 4, 5), (4, 4, 1, 4, 4), (3, 5, 1, 3, 5), (3, 4, 1, 3, 4), (3, 4, 1, 4, 3), (4, 3, 1, 3, 4), (3, 4, 1, 3, 4), (3, 3, 1, 3, 3), (2, 4, 1, 2, 4), (2, 3, 1, 2, 3), (1, 5, 4, 4, 5), (1, 5, 3, 3, 5), (1, 4, 4, 4, 4), (1, 4, 3, 3, 4), (1, 4, 3, 4, 3), (1, 4, 3, 3, 4), (1, 3, 4, 3, 4), (1, 3, 3, 3, 3), (1, 4, 2, 2, 4), (1, 3, 2, 2, 3), (5, 4, 1, 4, 5), (5, 3, 1, 3, 5), (4, 4, 1, 4, 4), (4, 3, 1, 3, 4), (4, 3, 1, 4, 3), (4, 3, 1, 3, 4), (3, 4, 1, 3, 4), (3, 3, 1, 3, 3), (4, 2, 1, 2, 4), (3, 2, 1, 2, 3)]


-- 2025-12-12 22:41:56 --写入特征标:(1, 2, 3, 3, 2)
[(1, 3, 4, 3, 4), (1, 3, 4, 4, 3), (1, 2, 4, 2, 4), (1, 3, 3, 3, 3), (1, 2, 4, 4, 2), (1, 2, 3, 2, 3), (1, 2, 3, 3, 2), (4, 1, 3, 3, 4), (4, 1, 3, 4, 3), (4, 1, 2, 2, 4), (3, 1, 3, 3, 3), (4, 1, 2, 4, 2), (3, 1, 2, 2, 3), (3, 1, 2, 3, 2), (3, 4, 1, 3, 4), (3, 4, 1, 4, 3), (2, 4, 1, 2, 4), (3, 3, 1, 3, 3), (2, 4, 1, 4, 2), (2, 3, 1, 2, 3), (2, 3, 1, 3, 2), (3, 1, 4, 3, 4), (3, 1, 4, 4, 3), (2, 1, 4, 2, 4), (3, 1, 3, 3, 3), (2, 1, 4, 4, 2), (2, 1, 3, 2, 3), (2, 1, 3, 3, 2), (1, 4, 3, 3, 4), (1, 4, 3, 4, 3), (1, 4, 2, 2, 4), (1, 3, 3, 3, 3), (1, 4, 2, 4, 2), (1, 3, 2, 2, 3), (1, 3, 2, 3, 2), (4, 3, 1, 3, 4), (4, 3, 1, 4, 3), (4, 2, 1, 2, 4), (3, 3, 1, 3, 3), (4, 2, 1, 4, 2), (3, 2, 1, 2, 3), (3, 2, 1, 3, 2)]


-- 2025-12-12 22:42:33 --写入特征标:(1, 2, 4, 4, 2)
[(1, 2, 4, 4, 2), (1, 3, 4, 4, 3), (1, 2, 5, 5, 2), (1, 3, 5, 5, 3), (1, 2, 4, 2, 4), (1, 2, 5, 2, 5), (1, 3, 4, 3, 4), (1, 3, 5, 3, 5), (4, 1, 2, 4, 2), (4, 1, 3, 4, 3), (5, 1, 2, 5, 2), (5, 1, 3, 5, 3), (4, 1, 2, 2, 4), (5, 1, 2, 2, 5), (4, 1, 3, 3, 4), (5, 1, 3, 3, 5), (2, 4, 1, 4, 2), (3, 4, 1, 4, 3), (2, 5, 1, 5, 2), (3, 5, 1, 5, 3), (2, 4, 1, 2, 4), (2, 5, 1, 2, 5), (3, 4, 1, 3, 4), (3, 5, 1, 3, 5), (2, 1, 4, 4, 2), (3, 1, 4, 4, 3), (2, 1, 5, 5, 2), (3, 1, 5, 5, 3), (2, 1, 4, 2, 4), (2, 1, 5, 2, 5), (3, 1, 4, 3, 4), (3, 1, 5, 3, 5), (1, 4, 2, 4, 2), (1, 4, 3, 4, 3), (1, 5, 2, 5, 2), (1, 5, 3, 5, 3), (1, 4, 2, 2, 4), (1, 5, 2, 2, 5), (1, 4, 3, 3, 4), (1, 5, 3, 3, 5), (4, 2, 1, 4, 2), (4, 3, 1, 4, 3), (5, 2, 1, 5, 2), (5, 3, 1, 5, 3), (4, 2, 1, 2, 4), (5, 2, 1, 2, 5), (4, 3, 1, 3, 4), (5, 3, 1, 3, 5)]


-- 2025-12-12 22:51:07 --写入特征标:(5, 3, 1, 5, 3)
[(5, 3, 1, 5, 3), (5, 4, 1, 5, 4), (6, 3, 1, 6, 3), (6, 4, 1, 6, 4), (5, 3, 1, 3, 5), (6, 3, 1, 3, 6), (5, 4, 1, 4, 5), (6, 4, 1, 4, 6)]


-- 2025-12-12 22:55:43 --写入特征标:(3, 2, 1, 3, 2)
[(4, 3, 1, 3, 4), (4, 3, 1, 4, 3), (4, 2, 1, 2, 4), (3, 3, 1, 3, 3), (4, 2, 1, 4, 2), (3, 2, 1, 2, 3), (3, 2, 1, 3, 2)]


-- 2025-12-12 23:00:00 --写入特征标:(3, 1, 1, 3, 1)
[(3, 1, 1, 3, 1), (3, 2, 1, 3, 2), (3, 1, 2, 3, 2), (4, 1, 1, 4, 1), (4, 2, 1, 4, 2), (4, 1, 2, 4, 2), (3, 1, 1, 1, 3), (4, 1, 1, 1, 4), (3, 2, 1, 2, 3), (3, 1, 2, 2, 3), (4, 2, 1, 2, 4), (4, 1, 2, 2, 4)]


-- 2025-12-12 23:02:11 --写入特征标:(2, 1, 1, 2, 1)
[(3, 2, 1, 2, 3), (3, 2, 1, 3, 2), (3, 1, 2, 2, 3), (3, 1, 2, 3, 2), (3, 1, 1, 1, 3), (2, 2, 1, 2, 2), (2, 1, 2, 2, 2), (3, 1, 1, 3, 1), (2, 1, 1, 1, 2), (2, 1, 1, 2, 1)]


-- 2025-12-12 23:05:10 --写入特征标:(3, 3, 1, 3, 3)
[(3, 3, 1, 3, 3), (4, 3, 1, 3, 4), (3, 4, 1, 3, 4), (4, 3, 1, 4, 3), (3, 4, 1, 4, 3), (4, 4, 1, 4, 4)]


-- 2025-12-12 23:05:30 --写入特征标:(3, 3, 2, 3, 3)
[(3, 3, 2, 3, 3), (4, 3, 2, 3, 4), (3, 4, 2, 3, 4), (4, 3, 2, 4, 3), (3, 4, 2, 4, 3), (4, 4, 2, 4, 4)]


-- 2025-12-12 23:11:04 --写入特征标:(3, 5, 1, 3, 5)
[(3, 5, 1, 3, 5), (3, 6, 1, 3, 6), (4, 5, 1, 4, 5), (4, 6, 1, 4, 6), (5, 3, 1, 3, 5), (6, 3, 1, 3, 6), (5, 4, 1, 4, 5), (6, 4, 1, 4, 6)]


-- 2025-12-12 23:23:20 --写入特征标:(5, 1, 3, 5, 1)
[(5, 1, 3, 5, 1), (5, 2, 3, 5, 2), (6, 1, 3, 6, 1), (6, 2, 3, 6, 2), (5, 1, 3, 1, 5), (6, 1, 3, 1, 6), (5, 2, 3, 2, 5), (6, 2, 3, 2, 6), (5, 3, 1, 5, 1), (5, 3, 2, 5, 2), (6, 3, 1, 6, 1), (6, 3, 2, 6, 2), (5, 3, 1, 1, 5), (6, 3, 1, 1, 6), (5, 3, 2, 2, 5), (6, 3, 2, 2, 6)]


-- 2025-12-12 23:23:43 --写入特征标:(4, 1, 3, 4, 1)
[(4, 1, 3, 4, 1), (4, 2, 3, 4, 2), (5, 1, 3, 5, 1), (5, 2, 3, 5, 2), (4, 1, 3, 1, 4), (5, 1, 3, 1, 5), (4, 2, 3, 2, 4), (5, 2, 3, 2, 5), (4, 3, 1, 4, 1), (4, 3, 2, 4, 2), (5, 3, 1, 5, 1), (5, 3, 2, 5, 2), (4, 3, 1, 1, 4), (5, 3, 1, 1, 5), (4, 3, 2, 2, 4), (5, 3, 2, 2, 5)]


-- 2025-12-12 23:27:13 --写入特征标:(3, 1, 2, 3, 1)
[(4, 2, 2, 4, 2), (4, 1, 2, 4, 1), (4, 2, 1, 4, 1), (3, 2, 2, 3, 2), (3, 1, 2, 3, 1), (3, 2, 1, 3, 1), (4, 2, 2, 2, 4), (3, 2, 2, 2, 3), (4, 1, 2, 1, 4), (4, 2, 1, 1, 4), (3, 1, 2, 1, 3), (3, 2, 1, 1, 3)]


-- 2025-12-12 23:31:35 --写入特征标:(4, 1, 2, 4, 1)
[(5, 2, 2, 5, 2), (5, 1, 2, 5, 1), (5, 2, 1, 5, 1), (4, 2, 2, 4, 2), (4, 1, 2, 4, 1), (4, 2, 1, 4, 1), (5, 2, 2, 2, 5), (4, 2, 2, 2, 4), (5, 1, 2, 1, 5), (5, 2, 1, 1, 5), (4, 1, 2, 1, 4), (4, 2, 1, 1, 4)]


-- 2025-12-12 23:31:44 --写入特征标:(5, 1, 2, 5, 1)
[(6, 2, 2, 6, 2), (6, 1, 2, 6, 1), (6, 2, 1, 6, 1), (5, 2, 2, 5, 2), (5, 1, 2, 5, 1), (5, 2, 1, 5, 1), (6, 2, 2, 2, 6), (5, 2, 2, 2, 5), (6, 1, 2, 1, 6), (6, 2, 1, 1, 6), (5, 1, 2, 1, 5), (5, 2, 1, 1, 5)]


-- 2025-12-12 23:36:50 --写入特征标:(3, 1, 5, 3, 1)
[(5, 1, 3, 3, 1), (5, 2, 3, 3, 2), (5, 1, 4, 4, 1), (5, 2, 4, 4, 2), (5, 1, 3, 1, 3), (5, 1, 4, 1, 4), (5, 2, 3, 2, 3), (5, 2, 4, 2, 4), (3, 5, 1, 3, 1), (3, 5, 2, 3, 2), (4, 5, 1, 4, 1), (4, 5, 2, 4, 2), (3, 5, 1, 1, 3), (4, 5, 1, 1, 4), (3, 5, 2, 2, 3), (4, 5, 2, 2, 4), (3, 1, 5, 3, 1), (3, 2, 5, 3, 2), (4, 1, 5, 4, 1), (4, 2, 5, 4, 2), (3, 1, 5, 1, 3), (4, 1, 5, 1, 4), (3, 2, 5, 2, 3), (4, 2, 5, 2, 4), (5, 3, 1, 3, 1), (5, 3, 2, 3, 2), (5, 4, 1, 4, 1), (5, 4, 2, 4, 2), (5, 3, 1, 1, 3), (5, 4, 1, 1, 4), (5, 3, 2, 2, 3), (5, 4, 2, 2, 4)]


-- 2025-12-12 23:41:05 --写入特征标:(2, 1, 5, 2, 1)
[(5, 2, 3, 2, 3), (5, 2, 3, 3, 2), (5, 1, 3, 1, 3), (5, 2, 2, 2, 2), (5, 1, 3, 3, 1), (5, 1, 2, 1, 2), (5, 1, 2, 2, 1), (3, 5, 2, 2, 3), (3, 5, 2, 3, 2), (3, 5, 1, 1, 3), (2, 5, 2, 2, 2), (3, 5, 1, 3, 1), (2, 5, 1, 1, 2), (2, 5, 1, 2, 1), (3, 2, 5, 2, 3), (3, 2, 5, 3, 2), (3, 1, 5, 1, 3), (2, 2, 5, 2, 2), (3, 1, 5, 3, 1), (2, 1, 5, 1, 2), (2, 1, 5, 2, 1), (5, 3, 2, 2, 3), (5, 3, 2, 3, 2), (5, 3, 1, 1, 3), (5, 2, 2, 2, 2), (5, 3, 1, 3, 1), (5, 2, 1, 1, 2), (5, 2, 1, 2, 1)]


-- 2025-12-12 23:51:45 --写入特征标:(3, 1, 4, 3, 1)
[(4, 4, 2, 4, 2), (4, 4, 1, 4, 1), (3, 4, 2, 3, 2), (4, 3, 2, 3, 2), (3, 4, 1, 3, 1), (4, 3, 1, 3, 1), (4, 4, 2, 2, 4), (3, 4, 2, 2, 3), (4, 3, 2, 2, 3), (4, 4, 1, 1, 4), (3, 4, 1, 1, 3), (4, 3, 1, 1, 3), (4, 2, 4, 4, 2), (4, 1, 4, 4, 1), (3, 2, 4, 3, 2), (4, 2, 3, 3, 2), (3, 1, 4, 3, 1), (4, 1, 3, 3, 1), (4, 2, 4, 2, 4), (3, 2, 4, 2, 3), (4, 2, 3, 2, 3), (4, 1, 4, 1, 4), (3, 1, 4, 1, 3), (4, 1, 3, 1, 3)]


-- 2025-12-13 15:45:17 --写入特征标:(2, 1, 4, 2, 1)
[(4, 2, 3, 2, 3), (4, 2, 3, 3, 2), (4, 1, 3, 1, 3), (4, 2, 2, 2, 2), (4, 1, 3, 3, 1), (4, 1, 2, 1, 2), (4, 1, 2, 2, 1), (3, 4, 2, 2, 3), (3, 4, 2, 3, 2), (3, 4, 1, 1, 3), (2, 4, 2, 2, 2), (3, 4, 1, 3, 1), (2, 4, 1, 1, 2), (2, 4, 1, 2, 1), (3, 2, 4, 2, 3), (3, 2, 4, 3, 2), (3, 1, 4, 1, 3), (2, 2, 4, 2, 2), (3, 1, 4, 3, 1), (2, 1, 4, 1, 2), (2, 1, 4, 2, 1), (4, 3, 2, 2, 3), (4, 3, 2, 3, 2), (4, 3, 1, 1, 3), (4, 2, 2, 2, 2), (4, 3, 1, 3, 1), (4, 2, 1, 1, 2), (4, 2, 1, 2, 1)]


-- 2025-12-13 15:47:34 --写入特征标:(2, 1, 3, 2, 1)
[(2, 3, 1, 2, 1), (2, 3, 1, 1, 2), (3, 2, 1, 2, 1), (3, 2, 1, 1, 2), (3, 3, 1, 3, 1), (2, 3, 2, 2, 2), (3, 2, 2, 2, 2), (3, 3, 1, 1, 3), (3, 3, 2, 3, 2), (3, 3, 2, 2, 3), (2, 1, 3, 2, 1), (2, 1, 3, 1, 2), (3, 1, 2, 2, 1), (3, 1, 2, 1, 2), (3, 1, 3, 3, 1), (2, 2, 3, 2, 2), (3, 2, 2, 2, 2), (3, 1, 3, 1, 3), (3, 2, 3, 3, 2), (3, 2, 3, 2, 3)]


-- 2025-12-13 15:56:37 --写入特征标:(1, 1, 3, 1, 1)
[(1, 1, 3, 1, 1), (2, 1, 3, 1, 2), (1, 2, 3, 1, 2), (2, 1, 3, 2, 1), (1, 2, 3, 2, 1), (2, 2, 3, 2, 2), (3, 1, 1, 1, 1), (3, 2, 1, 1, 2), (3, 1, 2, 1, 2), (3, 2, 1, 2, 1), (3, 1, 2, 2, 1), (3, 2, 2, 2, 2), (1, 3, 1, 1, 1), (2, 3, 1, 1, 2), (1, 3, 2, 1, 2), (2, 3, 1, 2, 1), (1, 3, 2, 2, 1), (2, 3, 2, 2, 2)]


-- 2025-12-13 15:58:32 --写入特征标:(1, 1, 2, 1, 1)
[(2, 2, 2, 2, 2), (1, 2, 2, 2, 1), (2, 1, 2, 2, 1), (2, 2, 1, 2, 1), (1, 2, 2, 1, 2), (2, 1, 2, 1, 2), (2, 2, 1, 1, 2), (1, 1, 2, 1, 1), (1, 2, 1, 1, 1), (2, 1, 1, 1, 1)]


-- 2025-12-13 16:01:51 --写入特征标:(1, 5, 3, 1, 5)
[(5, 1, 3, 1, 5), (6, 1, 3, 1, 6), (5, 2, 3, 2, 5), (6, 2, 3, 2, 6), (3, 5, 1, 1, 5), (3, 6, 1, 1, 6), (3, 5, 2, 2, 5), (3, 6, 2, 2, 6), (1, 5, 3, 1, 5), (1, 6, 3, 1, 6), (2, 5, 3, 2, 5), (2, 6, 3, 2, 6), (5, 3, 1, 1, 5), (6, 3, 1, 1, 6), (5, 3, 2, 2, 5), (6, 3, 2, 2, 6)]


-- 2025-12-13 16:02:10 --写入特征标:(1, 4, 3, 1, 4)
[(4, 1, 3, 1, 4), (5, 1, 3, 1, 5), (4, 2, 3, 2, 4), (5, 2, 3, 2, 5), (3, 4, 1, 1, 4), (3, 5, 1, 1, 5), (3, 4, 2, 2, 4), (3, 5, 2, 2, 5), (1, 4, 3, 1, 4), (1, 5, 3, 1, 5), (2, 4, 3, 2, 4), (2, 5, 3, 2, 5), (4, 3, 1, 1, 4), (5, 3, 1, 1, 5), (4, 3, 2, 2, 4), (5, 3, 2, 2, 5)]


-- 2025-12-13 16:10:07 --写入特征标:(1, 4, 2, 1, 4)
[(5, 2, 2, 2, 5), (4, 2, 2, 2, 4), (5, 1, 2, 1, 5), (5, 2, 1, 1, 5), (4, 1, 2, 1, 4), (4, 2, 1, 1, 4), (2, 5, 2, 2, 5), (2, 4, 2, 2, 4), (1, 5, 2, 1, 5), (2, 5, 1, 1, 5), (1, 4, 2, 1, 4), (2, 4, 1, 1, 4)]


-- 2025-12-13 16:13:25 --写入特征标:(1, 5, 2, 1, 5)
[(6, 2, 2, 2, 6), (5, 2, 2, 2, 5), (6, 1, 2, 1, 6), (6, 2, 1, 1, 6), (5, 1, 2, 1, 5), (5, 2, 1, 1, 5), (2, 6, 2, 2, 6), (2, 5, 2, 2, 5), (1, 6, 2, 1, 6), (2, 6, 1, 1, 6), (1, 5, 2, 1, 5), (2, 5, 1, 1, 5)]


-- 2025-12-13 16:15:52 --写入特征标:(1, 3, 3, 1, 3)
[(1, 3, 3, 1, 3), (1, 4, 3, 1, 4), (1, 3, 4, 1, 4), (2, 3, 3, 2, 3), (2, 4, 3, 2, 4), (2, 3, 4, 2, 4), (3, 3, 1, 1, 3), (4, 3, 1, 1, 4), (3, 4, 1, 1, 4), (3, 3, 2, 2, 3), (4, 3, 2, 2, 4), (3, 4, 2, 2, 4), (3, 1, 3, 1, 3), (4, 1, 3, 1, 4), (3, 1, 4, 1, 4), (3, 2, 3, 2, 3), (4, 2, 3, 2, 4), (3, 2, 4, 2, 4)]


-- 2025-12-13 16:19:15 --写入特征标:(2, 2, 2, 1, 2)
[(2, 2, 3, 1, 3), (2, 3, 2, 1, 3), (3, 2, 2, 1, 3), (2, 2, 2, 1, 2)]


-- 2025-12-13 16:20:02 --写入特征标:(1, 2, 2, 1, 2)
[(1, 2, 3, 1, 3), (2, 1, 3, 1, 3), (2, 2, 3, 2, 3), (1, 3, 2, 1, 3), (2, 3, 1, 1, 3), (2, 3, 2, 2, 3), (3, 1, 2, 1, 3), (3, 2, 1, 1, 3), (3, 2, 2, 2, 3), (1, 2, 2, 1, 2), (2, 1, 2, 1, 2), (2, 2, 1, 1, 2), (2, 2, 2, 2, 2)]


-- 2025-12-13 16:22:29 --写入特征标:(1, 3, 5, 1, 3)
[(1, 3, 5, 1, 3), (1, 4, 5, 1, 4), (2, 3, 5, 2, 3), (2, 4, 5, 2, 4), (5, 1, 3, 1, 3), (5, 1, 4, 1, 4), (5, 2, 3, 2, 3), (5, 2, 4, 2, 4), (3, 5, 1, 1, 3), (4, 5, 1, 1, 4), (3, 5, 2, 2, 3), (4, 5, 2, 2, 4), (3, 1, 5, 1, 3), (4, 1, 5, 1, 4), (3, 2, 5, 2, 3), (4, 2, 5, 2, 4), (1, 5, 3, 1, 3), (1, 5, 4, 1, 4), (2, 5, 3, 2, 3), (2, 5, 4, 2, 4), (5, 3, 1, 1, 3), (5, 4, 1, 1, 4), (5, 3, 2, 2, 3), (5, 4, 2, 2, 4)]


-- 2025-12-13 16:27:30 --写入特征标:(1, 2, 4, 1, 2)
[(2, 3, 4, 2, 3), (3, 2, 4, 2, 3), (1, 3, 4, 1, 3), (2, 2, 4, 2, 2), (3, 1, 4, 1, 3), (1, 2, 4, 1, 2), (2, 1, 4, 1, 2), (4, 2, 3, 2, 3), (4, 3, 2, 2, 3), (4, 1, 3, 1, 3), (4, 2, 2, 2, 2), (4, 3, 1, 1, 3), (4, 1, 2, 1, 2), (4, 2, 1, 1, 2), (2, 4, 3, 2, 3), (3, 4, 2, 2, 3), (1, 4, 3, 1, 3), (2, 4, 2, 2, 2), (3, 4, 1, 1, 3), (1, 4, 2, 1, 2), (2, 4, 1, 1, 2)]


-- 2025-12-13 16:27:44 --写入特征标:(1, 2, 5, 1, 2)
[(2, 3, 5, 2, 3), (3, 2, 5, 2, 3), (1, 3, 5, 1, 3), (2, 2, 5, 2, 2), (3, 1, 5, 1, 3), (1, 2, 5, 1, 2), (2, 1, 5, 1, 2), (5, 2, 3, 2, 3), (5, 3, 2, 2, 3), (5, 1, 3, 1, 3), (5, 2, 2, 2, 2), (5, 3, 1, 1, 3), (5, 1, 2, 1, 2), (5, 2, 1, 1, 2), (2, 5, 3, 2, 3), (3, 5, 2, 2, 3), (1, 5, 3, 1, 3), (2, 5, 2, 2, 2), (3, 5, 1, 1, 3), (1, 5, 2, 1, 2), (2, 5, 1, 1, 2)]


-- 2025-12-13 16:30:55 --写入特征标:(1, 3, 4, 1, 3)
[(2, 4, 4, 2, 4), (2, 3, 4, 2, 3), (2, 4, 3, 2, 3), (1, 4, 4, 1, 4), (1, 3, 4, 1, 3), (1, 4, 3, 1, 3), (4, 4, 2, 2, 4), (3, 4, 2, 2, 3), (4, 3, 2, 2, 3), (4, 4, 1, 1, 4), (3, 4, 1, 1, 3), (4, 3, 1, 1, 3), (4, 2, 4, 2, 4), (3, 2, 4, 2, 3), (4, 2, 3, 2, 3), (4, 1, 4, 1, 4), (3, 1, 4, 1, 3), (4, 1, 3, 1, 3)]


-- 2025-12-13 16:34:47 --写入特征标:(1, 2, 3, 1, 2)
[(2, 3, 3, 2, 3), (3, 2, 3, 2, 3), (3, 3, 2, 2, 3), (1, 3, 3, 1, 3), (2, 2, 3, 2, 2), (2, 3, 2, 2, 2), (3, 1, 3, 1, 3), (3, 2, 2, 2, 2), (3, 3, 1, 1, 3), (1, 2, 3, 1, 2), (1, 3, 2, 1, 2), (2, 1, 3, 1, 2), (2, 3, 1, 1, 2), (3, 1, 2, 1, 2), (3, 2, 1, 1, 2)]


-- 2025-12-13 16:40:00 --写入特征标:(5, 3, 1, 3, 5)
[(5, 3, 1, 3, 5), (6, 3, 1, 3, 6), (5, 4, 1, 4, 5), (6, 4, 1, 4, 6)]


-- 2025-12-13 16:47:13 --写入特征标:(4, 2, 1, 2, 4)
[(4, 2, 1, 2, 4), (5, 2, 1, 2, 5), (4, 3, 1, 3, 4), (5, 3, 1, 3, 5)]


-- 2025-12-13 16:52:45 --写入特征标:(5, 2, 1, 2, 3)
[(5, 4, 1, 3, 4), (5, 3, 1, 3, 3), (5, 2, 1, 2, 3)]


-- 2025-12-13 17:00:53 --写入特征标:(3, 1, 1, 1, 3)
[(3, 1, 1, 1, 3), (4, 1, 1, 1, 4), (3, 2, 1, 2, 3), (3, 1, 2, 2, 3), (4, 2, 1, 2, 4), (4, 1, 2, 2, 4)]


-- 2025-12-13 17:04:30 --写入特征标:(2, 1, 1, 2, 3)
[(2, 1, 1, 2, 3), (3, 1, 1, 3, 3), (4, 1, 1, 3, 4)]


-- 2025-12-13 17:05:53 --写入特征标:(2, 1, 1, 1, 2)
[(2, 1, 1, 1, 2), (3, 1, 1, 1, 3), (2, 2, 1, 2, 2), (2, 1, 2, 2, 2), (3, 2, 1, 2, 3), (3, 1, 2, 2, 3), (2, 3, 1, 2, 3), (2, 1, 3, 2, 3), (3, 2, 1, 2, 3), (3, 1, 2, 2, 3), (3, 2, 1, 3, 2), (3, 1, 2, 3, 2), (3, 3, 1, 3, 3), (3, 1, 3, 3, 3), (4, 2, 1, 2, 4), (4, 1, 2, 2, 4), (4, 3, 1, 3, 4), (4, 1, 3, 3, 4)]


-- 2025-12-13 17:25:58 --写入特征标:(4, 1, 3, 1, 4)
[(4, 1, 3, 1, 4), (5, 1, 3, 1, 5), (4, 2, 3, 2, 4), (5, 2, 3, 2, 5), (4, 3, 1, 1, 4), (5, 3, 1, 1, 5), (4, 3, 2, 2, 4), (5, 3, 2, 2, 5)]


-- 2025-12-13 18:08:01 --写入特征标:(4, 2, 2, 2, 4)
[(4, 2, 2, 2, 4), (5, 2, 2, 2, 5), (4, 3, 2, 3, 4), (4, 2, 3, 3, 4), (5, 3, 2, 3, 5), (5, 2, 3, 3, 5)]


-- 2025-12-13 18:08:37 --写入特征标:(4, 1, 2, 1, 4)
[(5, 2, 2, 2, 5), (4, 2, 2, 2, 4), (5, 1, 2, 1, 5), (5, 2, 1, 1, 5), (4, 1, 2, 1, 4), (4, 2, 1, 1, 4)]


-- 2025-12-13 18:15:02 --写入特征标:(3, 1, 5, 1, 3)
[(5, 1, 3, 1, 3), (5, 1, 4, 1, 4), (5, 2, 3, 2, 3), (5, 2, 4, 2, 4), (3, 5, 1, 1, 3), (4, 5, 1, 1, 4), (3, 5, 2, 2, 3), (4, 5, 2, 2, 4), (3, 1, 5, 1, 3), (4, 1, 5, 1, 4), (3, 2, 5, 2, 3), (4, 2, 5, 2, 4), (5, 3, 1, 1, 3), (5, 4, 1, 1, 4), (5, 3, 2, 2, 3), (5, 4, 2, 2, 4)]


-- 2025-12-13 18:18:23 --写入特征标:(2, 1, 5, 2, 3)
[(5, 1, 2, 2, 3), (5, 1, 3, 3, 3), (5, 1, 4, 3, 4), (2, 5, 1, 2, 3), (3, 5, 1, 3, 3), (4, 5, 1, 3, 4), (2, 1, 5, 2, 3), (3, 1, 5, 3, 3), (4, 1, 5, 3, 4), (5, 2, 1, 2, 3), (5, 3, 1, 3, 3), (5, 4, 1, 3, 4)]


-- 2025-12-13 18:20:30 --写入特征标:(5, 2, 3, 2, 3)
[(5, 3, 4, 3, 4), (5, 4, 3, 3, 4), (5, 2, 4, 2, 4), (5, 3, 3, 3, 3), (5, 4, 2, 2, 4), (5, 2, 3, 2, 3), (5, 3, 2, 2, 3)]


-- 2025-12-13 18:29:13 --写入特征标:(2, 1, 4, 2, 3)
[(4, 4, 1, 3, 4), (3, 4, 1, 3, 3), (4, 3, 1, 3, 3), (2, 4, 1, 2, 3), (4, 2, 1, 2, 3), (4, 1, 4, 3, 4), (3, 1, 4, 3, 3), (4, 1, 3, 3, 3), (2, 1, 4, 2, 3), (4, 1, 2, 2, 3)]


-- 2025-12-13 18:29:27 --写入特征标:(2, 1, 4, 1, 2)
[(4, 4, 2, 2, 4), (4, 4, 3, 3, 4), (3, 4, 2, 2, 3), (3, 4, 2, 3, 2), (3, 4, 3, 3, 3), (4, 3, 2, 2, 3), (4, 3, 2, 3, 2), (4, 3, 3, 3, 3), (2, 4, 1, 1, 2), (3, 4, 1, 1, 3), (2, 4, 2, 2, 2), (3, 4, 2, 2, 3), (2, 4, 3, 2, 3), (4, 2, 1, 1, 2), (4, 3, 1, 1, 3), (4, 2, 2, 2, 2), (4, 3, 2, 2, 3), (4, 2, 3, 2, 3), (4, 2, 4, 2, 4), (4, 3, 4, 3, 4), (3, 2, 4, 2, 3), (3, 2, 4, 3, 2), (3, 3, 4, 3, 3), (4, 2, 3, 2, 3), (4, 2, 3, 3, 2), (4, 3, 3, 3, 3), (2, 1, 4, 1, 2), (3, 1, 4, 1, 3), (2, 2, 4, 2, 2), (3, 2, 4, 2, 3), (2, 3, 4, 2, 3), (4, 1, 2, 1, 2), (4, 1, 3, 1, 3), (4, 2, 2, 2, 2), (4, 3, 2, 2, 3), (4, 2, 3, 2, 3)]


-- 2025-12-13 18:33:49 --写入特征标:(3, 2, 3, 1, 2)
[(3, 2, 3, 1, 2), (3, 3, 2, 1, 2), (3, 3, 3, 1, 3), (4, 3, 3, 1, 4)]


-- 2025-12-13 18:34:21 --写入特征标:(2, 1, 3, 1, 2)
[(2, 1, 3, 1, 2), (3, 1, 2, 1, 2), (2, 2, 3, 2, 2), (3, 1, 3, 1, 3), (3, 2, 2, 2, 2), (3, 2, 3, 3, 2), (3, 2, 3, 2, 3), (2, 3, 1, 1, 2), (3, 2, 1, 1, 2), (2, 3, 2, 2, 2), (3, 2, 2, 2, 2), (3, 3, 1, 1, 3), (3, 3, 2, 3, 2), (3, 3, 2, 2, 3), (2, 3, 3, 2, 3), (3, 2, 3, 2, 3), (3, 3, 2, 2, 3), (3, 3, 3, 3, 3), (4, 2, 3, 2, 4), (4, 3, 2, 2, 4), (4, 3, 3, 3, 4)]


-- 2025-12-13 18:37:52 --写入特征标:(3, 1, 4, 1, 3)
[(4, 4, 2, 2, 4), (3, 4, 2, 2, 3), (4, 3, 2, 2, 3), (4, 4, 1, 1, 4), (3, 4, 1, 1, 3), (4, 3, 1, 1, 3), (4, 2, 4, 2, 4), (3, 2, 4, 2, 3), (4, 2, 3, 2, 3), (4, 1, 4, 1, 4), (3, 1, 4, 1, 3), (4, 1, 3, 1, 3)]


-- 2025-12-13 18:42:58 --写入特征标:(1, 5, 3, 5, 1)
[(5, 1, 3, 5, 1), (5, 2, 3, 5, 2), (6, 1, 3, 6, 1), (6, 2, 3, 6, 2), (5, 1, 3, 1, 5), (6, 1, 3, 1, 6), (5, 2, 3, 2, 5), (6, 2, 3, 2, 6), (3, 5, 1, 5, 1), (3, 5, 2, 5, 2), (3, 6, 1, 6, 1), (3, 6, 2, 6, 2), (3, 5, 1, 1, 5), (3, 6, 1, 1, 6), (3, 5, 2, 2, 5), (3, 6, 2, 2, 6), (1, 5, 3, 5, 1), (2, 5, 3, 5, 2), (1, 6, 3, 6, 1), (2, 6, 3, 6, 2), (1, 5, 3, 1, 5), (1, 6, 3, 1, 6), (2, 5, 3, 2, 5), (2, 6, 3, 2, 6), (5, 3, 1, 5, 1), (5, 3, 2, 5, 2), (6, 3, 1, 6, 1), (6, 3, 2, 6, 2), (5, 3, 1, 1, 5), (6, 3, 1, 1, 6), (5, 3, 2, 2, 5), (6, 3, 2, 2, 6)]


-- 2025-12-13 18:46:20 --写入特征标:(1, 5, 2, 5, 1)
[(6, 2, 2, 6, 2), (6, 1, 2, 6, 1), (6, 2, 1, 6, 1), (5, 2, 2, 5, 2), (5, 1, 2, 5, 1), (5, 2, 1, 5, 1), (6, 2, 2, 2, 6), (5, 2, 2, 2, 5), (6, 1, 2, 1, 6), (6, 2, 1, 1, 6), (5, 1, 2, 1, 5), (5, 2, 1, 1, 5), (2, 6, 2, 6, 2), (1, 6, 2, 6, 1), (2, 6, 1, 6, 1), (2, 5, 2, 5, 2), (1, 5, 2, 5, 1), (2, 5, 1, 5, 1), (2, 6, 2, 2, 6), (2, 5, 2, 2, 5), (1, 6, 2, 1, 6), (2, 6, 1, 1, 6), (1, 5, 2, 1, 5), (2, 5, 1, 1, 5)]


-- 2025-12-13 18:49:03 --写入特征标:(1, 3, 3, 3, 1)
[(1, 3, 3, 3, 1), (2, 3, 3, 3, 2), (1, 4, 3, 4, 1), (1, 3, 4, 4, 1), (2, 4, 3, 4, 2), (2, 3, 4, 4, 2), (1, 3, 3, 1, 3), (1, 4, 3, 1, 4), (1, 3, 4, 1, 4), (2, 3, 3, 2, 3), (2, 4, 3, 2, 4), (2, 3, 4, 2, 4), (3, 3, 1, 3, 1), (3, 3, 2, 3, 2), (4, 3, 1, 4, 1), (3, 4, 1, 4, 1), (4, 3, 2, 4, 2), (3, 4, 2, 4, 2), (3, 3, 1, 1, 3), (4, 3, 1, 1, 4), (3, 4, 1, 1, 4), (3, 3, 2, 2, 3), (4, 3, 2, 2, 4), (3, 4, 2, 2, 4), (3, 1, 3, 3, 1), (3, 2, 3, 3, 2), (4, 1, 3, 4, 1), (3, 1, 4, 4, 1), (4, 2, 3, 4, 2), (3, 2, 4, 4, 2), (3, 1, 3, 1, 3), (4, 1, 3, 1, 4), (3, 1, 4, 1, 4), (3, 2, 3, 2, 3), (4, 2, 3, 2, 4), (3, 2, 4, 2, 4)]


-- 2025-12-13 18:51:48 --写入特征标:(1, 2, 2, 3, 1)
[(1, 2, 2, 3, 1), (2, 1, 2, 3, 1), (2, 2, 1, 3, 1), (2, 2, 2, 3, 2), (1, 2, 2, 1, 3), (2, 1, 2, 1, 3), (2, 2, 1, 1, 3), (2, 2, 2, 2, 3)]


-- 2025-12-13 18:52:06 --写入特征标:(1, 2, 2, 2, 1)
[(1, 3, 2, 3, 1), (1, 2, 3, 3, 1), (1, 2, 2, 2, 1), (3, 1, 2, 3, 1), (2, 1, 3, 3, 1), (2, 1, 2, 2, 1), (3, 2, 1, 3, 1), (2, 3, 1, 3, 1), (2, 2, 1, 2, 1), (3, 2, 2, 3, 2), (2, 3, 2, 3, 2), (2, 2, 3, 3, 2), (2, 2, 2, 2, 2), (1, 3, 2, 1, 3), (1, 2, 3, 1, 3), (1, 2, 2, 1, 2), (3, 1, 2, 1, 3), (2, 1, 3, 1, 3), (2, 1, 2, 1, 2), (3, 2, 1, 1, 3), (2, 3, 1, 1, 3), (2, 2, 1, 1, 2), (3, 2, 2, 2, 3), (2, 3, 2, 2, 3), (2, 2, 3, 2, 3), (2, 2, 2, 2, 2)]


-- 2025-12-13 18:55:44 --写入特征标:(1, 3, 5, 3, 1)
[(1, 3, 5, 3, 1), (2, 3, 5, 3, 2), (1, 4, 5, 4, 1), (2, 4, 5, 4, 2), (1, 3, 5, 1, 3), (1, 4, 5, 1, 4), (2, 3, 5, 2, 3), (2, 4, 5, 2, 4), (5, 1, 3, 3, 1), (5, 2, 3, 3, 2), (5, 1, 4, 4, 1), (5, 2, 4, 4, 2), (5, 1, 3, 1, 3), (5, 1, 4, 1, 4), (5, 2, 3, 2, 3), (5, 2, 4, 2, 4), (3, 5, 1, 3, 1), (3, 5, 2, 3, 2), (4, 5, 1, 4, 1), (4, 5, 2, 4, 2), (3, 5, 1, 1, 3), (4, 5, 1, 1, 4), (3, 5, 2, 2, 3), (4, 5, 2, 2, 4), (3, 1, 5, 3, 1), (3, 2, 5, 3, 2), (4, 1, 5, 4, 1), (4, 2, 5, 4, 2), (3, 1, 5, 1, 3), (4, 1, 5, 1, 4), (3, 2, 5, 2, 3), (4, 2, 5, 2, 4), (1, 5, 3, 3, 1), (2, 5, 3, 3, 2), (1, 5, 4, 4, 1), (2, 5, 4, 4, 2), (1, 5, 3, 1, 3), (1, 5, 4, 1, 4), (2, 5, 3, 2, 3), (2, 5, 4, 2, 4), (5, 3, 1, 3, 1), (5, 3, 2, 3, 2), (5, 4, 1, 4, 1), (5, 4, 2, 4, 2), (5, 3, 1, 1, 3), (5, 4, 1, 1, 4), (5, 3, 2, 2, 3), (5, 4, 2, 2, 4)]


-- 2025-12-13 19:03:45 --写入特征标:(1, 2, 4, 2, 1)
[(2, 3, 4, 3, 2), (3, 2, 4, 3, 2), (1, 3, 4, 3, 1), (2, 2, 4, 2, 2), (3, 1, 4, 3, 1), (1, 2, 4, 2, 1), (2, 1, 4, 2, 1), (2, 3, 4, 2, 3), (3, 2, 4, 2, 3), (1, 3, 4, 1, 3), (2, 2, 4, 2, 2), (3, 1, 4, 1, 3), (1, 2, 4, 1, 2), (2, 1, 4, 1, 2), (4, 2, 3, 3, 2), (4, 3, 2, 3, 2), (4, 1, 3, 3, 1), (4, 2, 2, 2, 2), (4, 3, 1, 3, 1), (4, 1, 2, 2, 1), (4, 2, 1, 2, 1), (4, 2, 3, 2, 3), (4, 3, 2, 2, 3), (4, 1, 3, 1, 3), (4, 2, 2, 2, 2), (4, 3, 1, 1, 3), (4, 1, 2, 1, 2), (4, 2, 1, 1, 2), (2, 4, 3, 3, 2), (3, 4, 2, 3, 2), (1, 4, 3, 3, 1), (2, 4, 2, 2, 2), (3, 4, 1, 3, 1), (1, 4, 2, 2, 1), (2, 4, 1, 2, 1), (2, 4, 3, 2, 3), (3, 4, 2, 2, 3), (1, 4, 3, 1, 3), (2, 4, 2, 2, 2), (3, 4, 1, 1, 3), (1, 4, 2, 1, 2), (2, 4, 1, 1, 2)]


-- 2025-12-13 21:23:27 --写入特征标:(4, 3, 1, 4, 1)
[(4, 3, 1, 4, 1), (4, 3, 2, 4, 2), (5, 3, 1, 5, 1), (5, 3, 2, 5, 2), (4, 3, 1, 1, 4), (5, 3, 1, 1, 5), (4, 3, 2, 2, 4), (5, 3, 2, 2, 5)]


-- 2025-12-13 21:30:21 --写入特征标:(4, 3, 1, 4, 2)
[(4, 3, 1, 4, 2), (5, 3, 1, 5, 2), (4, 3, 1, 2, 4), (5, 3, 1, 2, 5)]


-- 2025-12-13 21:33:29 --写入特征标:(3, 2, 1, 3, 1)
[(3, 3, 2, 3, 3), (3, 2, 2, 2, 3), (3, 2, 2, 3, 2), (3, 2, 1, 1, 3), (3, 2, 1, 3, 1), (4, 3, 2, 4, 3), (4, 2, 2, 4, 2), (4, 2, 1, 4, 1), (4, 3, 2, 3, 4), (4, 2, 2, 2, 4), (4, 2, 1, 1, 4)]


-- 2025-12-13 21:35:06 --写入特征标:(4, 2, 1, 4, 3)
[(4, 2, 1, 4, 3), (5, 2, 1, 5, 3), (4, 2, 1, 3, 4), (5, 2, 1, 3, 5)]


-- 2025-12-13 21:35:26 --写入特征标:(4, 2, 1, 4, 1)
[(4, 3, 2, 4, 3), (4, 2, 2, 4, 2), (4, 2, 1, 4, 1), (5, 3, 2, 5, 3), (5, 2, 2, 5, 2), (5, 2, 1, 5, 1), (4, 3, 2, 3, 4), (4, 2, 2, 2, 4), (4, 2, 1, 1, 4), (5, 3, 2, 3, 5), (5, 2, 2, 2, 5), (5, 2, 1, 1, 5)]


-- 2025-12-13 21:42:04 --写入特征标:(6, 3, 1, 6, 1)
[(6, 3, 1, 6, 1), (6, 3, 2, 6, 2), (7, 3, 1, 7, 1), (7, 3, 2, 7, 2), (6, 3, 1, 1, 6), (7, 3, 1, 1, 7), (6, 3, 2, 2, 6), (7, 3, 2, 2, 7)]


-- 2025-12-13 21:51:30 --写入特征标:(5, 2, 1, 5, 3)
[(5, 2, 1, 5, 3), (6, 2, 1, 6, 3), (5, 2, 1, 3, 5), (6, 2, 1, 3, 6)]


-- 2025-12-13 21:51:47 --写入特征标:(5, 2, 1, 5, 1)
[(5, 3, 2, 5, 3), (5, 2, 2, 5, 2), (5, 2, 1, 5, 1), (6, 3, 2, 6, 3), (6, 2, 2, 6, 2), (6, 2, 1, 6, 1), (5, 3, 2, 3, 5), (5, 2, 2, 2, 5), (5, 2, 1, 1, 5), (6, 3, 2, 3, 6), (6, 2, 2, 2, 6), (6, 2, 1, 1, 6)]


-- 2025-12-13 21:55:43 --写入特征标:(3, 5, 1, 3, 1)
[(3, 5, 1, 3, 1), (3, 5, 2, 3, 2), (4, 5, 1, 4, 1), (4, 5, 2, 4, 2), (3, 5, 1, 1, 3), (4, 5, 1, 1, 4), (3, 5, 2, 2, 3), (4, 5, 2, 2, 4), (5, 3, 1, 3, 1), (5, 3, 2, 3, 2), (5, 4, 1, 4, 1), (5, 4, 2, 4, 2), (5, 3, 1, 1, 3), (5, 4, 1, 1, 4), (5, 3, 2, 2, 3), (5, 4, 2, 2, 4)]


-- 2025-12-13 22:00:36 --写入特征标:(3, 4, 1, 2, 1)
[(3, 4, 2, 2, 2), (3, 4, 1, 1, 2), (3, 4, 1, 2, 1), (4, 3, 2, 2, 2), (4, 3, 1, 1, 2), (4, 3, 1, 2, 1)]


-- 2025-12-13 22:00:56 --写入特征标:(2, 4, 1, 2, 1)
[(2, 4, 2, 2, 2), (3, 4, 2, 3, 2), (3, 4, 2, 2, 3), (2, 4, 1, 1, 2), (3, 4, 1, 1, 3), (2, 4, 1, 2, 1), (3, 4, 1, 3, 1), (4, 2, 2, 2, 2), (4, 3, 2, 3, 2), (4, 3, 2, 2, 3), (4, 2, 1, 1, 2), (4, 3, 1, 1, 3), (4, 2, 1, 2, 1), (4, 3, 1, 3, 1)]


-- 2025-12-13 22:04:22 --写入特征标:(3, 4, 1, 3, 1)
[(4, 4, 2, 4, 2), (4, 4, 1, 4, 1), (3, 4, 2, 3, 2), (4, 3, 2, 3, 2), (3, 4, 1, 3, 1), (4, 3, 1, 3, 1), (4, 4, 2, 2, 4), (3, 4, 2, 2, 3), (4, 3, 2, 2, 3), (4, 4, 1, 1, 4), (3, 4, 1, 1, 3), (4, 3, 1, 1, 3)]


-- 2025-12-13 22:04:42 --写入特征标:(3, 4, 0, 3, 0)
[(4, 4, 1, 4, 1), (4, 4, 0, 4, 0), (3, 4, 1, 3, 1), (4, 3, 1, 3, 1), (3, 4, 0, 3, 0), (4, 3, 0, 3, 0), (4, 4, 1, 1, 4), (3, 4, 1, 1, 3), (4, 3, 1, 1, 3), (4, 4, 0, 0, 4), (3, 4, 0, 0, 3), (4, 3, 0, 0, 3)]


-- 2025-12-13 22:10:32 --写入特征标:(3, 3, 1, 2, 1)
[(3, 3, 2, 2, 2), (3, 3, 1, 1, 2), (3, 3, 1, 2, 1)]


-- 2025-12-13 22:10:53 --写入特征标:(2, 3, 1, 2, 1)
[(2, 3, 2, 2, 2), (3, 2, 2, 2, 2), (3, 3, 2, 3, 2), (3, 3, 2, 2, 3), (2, 3, 1, 1, 2), (3, 2, 1, 1, 2), (3, 3, 1, 1, 3), (2, 3, 1, 2, 1), (3, 2, 1, 2, 1), (3, 3, 1, 3, 1)]


-- 2025-12-13 22:14:23 --写入特征标:(1, 3, 1, 1, 1)
[(3, 1, 1, 1, 1), (3, 2, 1, 1, 2), (3, 1, 2, 1, 2), (3, 2, 1, 2, 1), (3, 1, 2, 2, 1), (3, 2, 2, 2, 2), (1, 3, 1, 1, 1), (2, 3, 1, 1, 2), (1, 3, 2, 1, 2), (2, 3, 1, 2, 1), (1, 3, 2, 2, 1), (2, 3, 2, 2, 2)]


-- 2025-12-13 22:18:38 --写入特征标:(1, 2, 1, 1, 1)
[(2, 1, 1, 1, 1), (2, 2, 1, 1, 2), (2, 1, 2, 1, 2), (2, 2, 1, 2, 1), (2, 1, 2, 2, 1), (2, 2, 2, 2, 2), (3, 2, 1, 1, 3), (3, 1, 2, 1, 3), (3, 2, 2, 2, 3), (3, 2, 1, 3, 1), (3, 1, 2, 3, 1), (3, 2, 2, 3, 2), (1, 2, 1, 1, 1), (2, 2, 1, 1, 2), (1, 2, 2, 1, 2), (2, 2, 1, 2, 1), (1, 2, 2, 2, 1), (2, 2, 2, 2, 2), (2, 3, 1, 1, 3), (1, 3, 2, 1, 3), (2, 3, 2, 2, 3), (2, 3, 1, 3, 1), (1, 3, 2, 3, 1), (2, 3, 2, 3, 2)]


-- 2025-12-13 22:24:24 --写入特征标:(4, 1, 2, 4, 2)
[(4, 1, 2, 4, 2), (4, 1, 3, 4, 3), (5, 1, 2, 5, 2), (5, 1, 3, 5, 3), (4, 1, 2, 2, 4), (5, 1, 2, 2, 5), (4, 1, 3, 3, 4), (5, 1, 3, 3, 5), (4, 2, 1, 4, 2), (4, 3, 1, 4, 3), (5, 2, 1, 5, 2), (5, 3, 1, 5, 3), (4, 2, 1, 2, 4), (5, 2, 1, 2, 5), (4, 3, 1, 3, 4), (5, 3, 1, 3, 5)]


-- 2025-12-13 22:27:57 --写入特征标:(3, 1, 2, 3, 2)
[(4, 1, 3, 3, 4), (4, 1, 3, 4, 3), (4, 1, 2, 2, 4), (3, 1, 3, 3, 3), (4, 1, 2, 4, 2), (3, 1, 2, 2, 3), (3, 1, 2, 3, 2), (4, 3, 1, 3, 4), (4, 3, 1, 4, 3), (4, 2, 1, 2, 4), (3, 3, 1, 3, 3), (4, 2, 1, 4, 2), (3, 2, 1, 2, 3), (3, 2, 1, 3, 2)]


-- 2025-12-13 22:35:29 --写入特征标:(3, 1, 5, 3, 5)
[(5, 1, 3, 3, 5), (6, 1, 3, 3, 6), (5, 1, 4, 4, 5), (6, 1, 4, 4, 6), (3, 5, 1, 3, 5), (3, 6, 1, 3, 6), (4, 5, 1, 4, 5), (4, 6, 1, 4, 6), (3, 1, 5, 3, 5), (3, 1, 6, 3, 6), (4, 1, 5, 4, 5), (4, 1, 6, 4, 6), (5, 3, 1, 3, 5), (6, 3, 1, 3, 6), (5, 4, 1, 4, 5), (6, 4, 1, 4, 6)]


-- 2025-12-13 22:38:42 --写入特征标:(3, 1, 4, 3, 4)
[(4, 5, 1, 4, 5), (5, 4, 1, 4, 5), (3, 5, 1, 3, 5), (4, 4, 1, 4, 4), (5, 3, 1, 3, 5), (3, 4, 1, 3, 4), (4, 3, 1, 3, 4), (4, 1, 5, 4, 5), (5, 1, 4, 4, 5), (3, 1, 5, 3, 5), (4, 1, 4, 4, 4), (5, 1, 3, 3, 5), (3, 1, 4, 3, 4), (4, 1, 3, 3, 4)]


-- 2025-12-13 22:44:33 --写入特征标:(1, 5, 3, 1, 3)
[(5, 1, 3, 1, 3), (5, 1, 4, 1, 4), (5, 2, 3, 2, 3), (5, 2, 4, 2, 4), (3, 5, 1, 1, 3), (4, 5, 1, 1, 4), (3, 5, 2, 2, 3), (4, 5, 2, 2, 4), (1, 5, 3, 1, 3), (1, 5, 4, 1, 4), (2, 5, 3, 2, 3), (2, 5, 4, 2, 4), (5, 3, 1, 1, 3), (5, 4, 1, 1, 4), (5, 3, 2, 2, 3), (5, 4, 2, 2, 4)]


-- 2025-12-13 22:48:08 --写入特征标:(1, 4, 2, 1, 2)
[(4, 2, 3, 2, 3), (4, 3, 2, 2, 3), (4, 1, 3, 1, 3), (4, 2, 2, 2, 2), (4, 3, 1, 1, 3), (4, 1, 2, 1, 2), (4, 2, 1, 1, 2), (2, 4, 3, 2, 3), (3, 4, 2, 2, 3), (1, 4, 3, 1, 3), (2, 4, 2, 2, 2), (3, 4, 1, 1, 3), (1, 4, 2, 1, 2), (2, 4, 1, 1, 2)]


-- 2025-12-13 22:51:42 --写入特征标:(1, 4, 3, 1, 3)
[(4, 1, 3, 1, 3), (4, 1, 4, 1, 4), (4, 2, 3, 2, 3), (4, 2, 4, 2, 4), (5, 1, 4, 1, 5), (5, 2, 4, 2, 5), (3, 4, 1, 1, 3), (3, 4, 2, 2, 3), (4, 4, 1, 1, 4), (4, 4, 2, 2, 4), (4, 5, 1, 1, 5), (4, 5, 2, 2, 5), (1, 4, 3, 1, 3), (1, 4, 4, 1, 4), (2, 4, 3, 2, 3), (2, 4, 4, 2, 4), (1, 5, 4, 1, 5), (2, 5, 4, 2, 5), (4, 3, 1, 1, 3), (4, 3, 2, 2, 3), (4, 4, 1, 1, 4), (4, 4, 2, 2, 4), (5, 4, 1, 1, 5), (5, 4, 2, 2, 5)]


-- 2025-12-13 23:01:05 --写入特征标:(0, 4, 3, 0, 3)
[(4, 0, 3, 0, 3), (4, 0, 4, 0, 4), (4, 1, 3, 1, 3), (4, 1, 4, 1, 4), (5, 0, 4, 0, 5), (5, 1, 4, 1, 5), (3, 4, 0, 0, 3), (3, 4, 1, 1, 3), (4, 4, 0, 0, 4), (4, 4, 1, 1, 4), (4, 5, 0, 0, 5), (4, 5, 1, 1, 5), (0, 4, 3, 0, 3), (0, 4, 4, 0, 4), (1, 4, 3, 1, 3), (1, 4, 4, 1, 4), (0, 5, 4, 0, 5), (1, 5, 4, 1, 5), (4, 3, 0, 0, 3), (4, 3, 1, 1, 3), (4, 4, 0, 0, 4), (4, 4, 1, 1, 4), (5, 4, 0, 0, 5), (5, 4, 1, 1, 5)]


-- 2025-12-13 23:04:18 --写入特征标:(1, 3, 2, 1, 2)
[(3, 2, 1, 1, 2), (3, 1, 2, 1, 2), (3, 3, 1, 1, 3), (3, 1, 3, 1, 3), (4, 3, 1, 1, 4), (4, 1, 3, 1, 4), (3, 2, 1, 1, 2), (3, 3, 1, 1, 3), (3, 2, 2, 2, 2), (3, 3, 2, 2, 3), (3, 2, 3, 2, 3), (3, 1, 2, 1, 2), (3, 1, 3, 1, 3), (3, 2, 2, 2, 2), (3, 3, 2, 2, 3), (3, 2, 3, 2, 3), (4, 3, 1, 1, 4), (4, 3, 2, 2, 4), (4, 2, 3, 2, 4), (4, 1, 3, 1, 4), (4, 3, 2, 2, 4), (4, 2, 3, 2, 4), (2, 3, 1, 1, 2), (1, 3, 2, 1, 2), (3, 3, 1, 1, 3), (1, 3, 3, 1, 3), (3, 4, 1, 1, 4), (1, 4, 3, 1, 4), (2, 3, 1, 1, 2), (3, 3, 1, 1, 3), (2, 3, 2, 2, 2), (3, 3, 2, 2, 3), (2, 3, 3, 2, 3), (1, 3, 2, 1, 2), (1, 3, 3, 1, 3), (2, 3, 2, 2, 2), (3, 3, 2, 2, 3), (2, 3, 3, 2, 3), (3, 4, 1, 1, 4), (3, 4, 2, 2, 4), (2, 4, 3, 2, 4), (1, 4, 3, 1, 4), (3, 4, 2, 2, 4), (2, 4, 3, 2, 4)]


-- 2025-12-13 23:09:46 --写入特征标:(1, 3, 0, 1, 3)
[(1, 3, 0, 1, 3), (1, 4, 0, 1, 4), (2, 3, 0, 2, 3), (2, 4, 0, 2, 4), (3, 1, 0, 1, 3), (4, 1, 0, 1, 4), (3, 2, 0, 2, 3), (4, 2, 0, 2, 4)]


-- 2025-12-13 23:13:29 --写入特征标:(2, 4, 2, 1, 2)
[(4, 3, 2, 1, 3), (4, 2, 3, 1, 3), (4, 2, 2, 1, 2), (3, 4, 2, 1, 3), (2, 4, 3, 1, 3), (2, 4, 2, 1, 2)]


-- 2025-12-13 23:13:41 --警告,数据有问题


-- 2025-12-13 23:14:25 --写入特征标:(1, 3, 2, 1, 2)
[(4, 3, 2, 2, 4), (3, 3, 2, 2, 3), (4, 3, 1, 1, 4), (3, 3, 1, 1, 3), (4, 2, 3, 2, 4), (3, 2, 3, 2, 3), (4, 1, 3, 1, 4), (3, 1, 3, 1, 3), (3, 2, 2, 2, 2), (3, 1, 2, 1, 2), (3, 2, 1, 1, 2), (3, 4, 2, 2, 4), (3, 3, 2, 2, 3), (3, 4, 1, 1, 4), (3, 3, 1, 1, 3), (2, 4, 3, 2, 4), (2, 3, 3, 2, 3), (1, 4, 3, 1, 4), (1, 3, 3, 1, 3), (2, 3, 2, 2, 2), (1, 3, 2, 1, 2), (2, 3, 1, 1, 2)]


-- 2025-12-13 23:31:52 --写入特征标:(1, 3, 5, 1, 5)
[(1, 3, 5, 1, 5), (1, 3, 6, 1, 6), (2, 3, 5, 2, 5), (2, 3, 6, 2, 6), (5, 1, 3, 1, 5), (6, 1, 3, 1, 6), (5, 2, 3, 2, 5), (6, 2, 3, 2, 6), (3, 5, 1, 1, 5), (3, 6, 1, 1, 6), (3, 5, 2, 2, 5), (3, 6, 2, 2, 6), (3, 1, 5, 1, 5), (3, 1, 6, 1, 6), (3, 2, 5, 2, 5), (3, 2, 6, 2, 6), (1, 5, 3, 1, 5), (1, 6, 3, 1, 6), (2, 5, 3, 2, 5), (2, 6, 3, 2, 6), (5, 3, 1, 1, 5), (6, 3, 1, 1, 6), (5, 3, 2, 2, 5), (6, 3, 2, 2, 6)]


-- 2025-12-13 23:34:02 --写入特征标:(1, 2, 4, 1, 4)
[(2, 2, 5, 2, 5), (2, 2, 4, 2, 4), (1, 2, 5, 1, 5), (2, 1, 5, 1, 5), (1, 2, 4, 1, 4), (2, 1, 4, 1, 4), (5, 2, 2, 2, 5), (4, 2, 2, 2, 4), (5, 1, 2, 1, 5), (5, 2, 1, 1, 5), (4, 1, 2, 1, 4), (4, 2, 1, 1, 4), (2, 5, 2, 2, 5), (2, 4, 2, 2, 4), (1, 5, 2, 1, 5), (2, 5, 1, 1, 5), (1, 4, 2, 1, 4), (2, 4, 1, 1, 4)]


-- 2025-12-13 23:34:22 --写入特征标:(1, 2, 3, 1, 3)
[(2, 2, 4, 2, 4), (2, 2, 3, 2, 3), (1, 2, 4, 1, 4), (2, 1, 4, 1, 4), (1, 2, 3, 1, 3), (2, 1, 3, 1, 3), (4, 2, 2, 2, 4), (3, 2, 2, 2, 3), (4, 1, 2, 1, 4), (4, 2, 1, 1, 4), (3, 1, 2, 1, 3), (3, 2, 1, 1, 3), (2, 4, 2, 2, 4), (2, 3, 2, 2, 3), (1, 4, 2, 1, 4), (2, 4, 1, 1, 4), (1, 3, 2, 1, 3), (2, 3, 1, 1, 3)]


-- 2025-12-13 23:40:20 --写入特征标:(4, 3, 1, 1, 4)
[(4, 3, 1, 1, 4), (5, 3, 1, 1, 5), (4, 3, 2, 2, 4), (5, 3, 2, 2, 5)]


-- 2025-12-13 23:43:34 --写入特征标:(4, 2, 1, 2, 5)
[(4, 3, 1, 3, 5), (4, 2, 1, 2, 5)]


-- 2025-12-13 23:44:52 --写入特征标:(5, 2, 1, 2, 6)
[(5, 3, 1, 3, 6), (5, 2, 1, 2, 6)]


-- 2025-12-13 23:53:34 --写入特征标:(3, 2, 1, 1, 5)
[(4, 3, 2, 4, 5), (3, 3, 2, 3, 5), (3, 2, 2, 2, 5), (3, 2, 1, 1, 5)]


-- 2025-12-13 23:53:46 --写入特征标:(3, 2, 1, 1, 3)
[(5, 4, 2, 4, 5), (5, 3, 2, 3, 5), (4, 4, 2, 4, 4), (4, 3, 2, 3, 4), (4, 3, 2, 4, 3), (4, 3, 2, 3, 4), (3, 4, 2, 3, 4), (3, 3, 2, 3, 3), (4, 2, 2, 2, 4), (3, 2, 2, 2, 3), (4, 2, 1, 1, 4), (3, 2, 1, 1, 3)]


-- 2025-12-14 15:18:41 --写入特征标:(3, 5, 1, 1, 3)
[(3, 5, 1, 1, 3), (4, 5, 1, 1, 4), (3, 5, 2, 2, 3), (4, 5, 2, 2, 4), (5, 3, 1, 1, 3), (5, 4, 1, 1, 4), (5, 3, 2, 2, 3), (5, 4, 2, 2, 4)]


-- 2025-12-14 15:22:13 --写入特征标:(4, 4, 1, 1, 4)
[(4, 4, 1, 1, 4), (5, 4, 1, 1, 5), (4, 5, 1, 1, 5), (4, 4, 2, 2, 4), (5, 4, 2, 2, 5), (4, 5, 2, 2, 5)]


-- 2025-12-14 15:22:41 --写入特征标:(3, 4, 1, 2, 4)
[(3, 5, 1, 2, 5), (3, 4, 1, 2, 4), (5, 3, 1, 2, 5), (4, 3, 1, 2, 4)]


-- 2025-12-14 15:26:53 --写入特征标:(3, 4, 1, 2, 3)
[(3, 4, 1, 2, 3), (4, 3, 1, 2, 3), (4, 4, 1, 2, 4)]


-- 2025-12-14 15:27:06 --写入特征标:(3, 4, 1, 1, 3)
[(3, 4, 2, 2, 3), (3, 4, 1, 1, 3), (4, 3, 2, 2, 3), (4, 3, 1, 1, 3), (4, 4, 2, 2, 4), (4, 4, 1, 1, 4)]


-- 2025-12-14 15:38:12 --写入特征标:(4, 4, 1, 1, 2)
[(4, 4, 3, 2, 3), (4, 4, 2, 2, 2), (4, 4, 1, 1, 2)]


-- 2025-12-14 15:38:24 --写入特征标:(2, 4, 1, 1, 2)
[(4, 4, 3, 3, 4), (3, 4, 3, 3, 3), (4, 3, 3, 3, 3), (4, 4, 2, 2, 4), (2, 4, 3, 2, 3), (3, 4, 2, 2, 3), (4, 2, 3, 2, 3), (4, 3, 2, 2, 3), (3, 4, 2, 3, 2), (4, 3, 2, 3, 2), (3, 4, 2, 2, 3), (4, 3, 2, 2, 3), (2, 4, 2, 2, 2), (4, 2, 2, 2, 2), (3, 4, 1, 1, 3), (4, 3, 1, 1, 3), (2, 4, 1, 1, 2), (4, 2, 1, 1, 2)]


-- 2025-12-14 15:39:55 --写入特征标:(4, 5, 1, 1, 2)
[(4, 5, 3, 2, 3), (4, 5, 2, 2, 2), (4, 5, 1, 1, 2), (5, 4, 3, 2, 3), (5, 4, 2, 2, 2), (5, 4, 1, 1, 2)]


-- 2025-12-14 15:40:08 --写入特征标:(2, 5, 1, 1, 2)
[(4, 5, 3, 3, 4), (3, 5, 3, 3, 3), (4, 5, 2, 2, 4), (2, 5, 3, 2, 3), (3, 5, 2, 2, 3), (3, 5, 2, 3, 2), (3, 5, 2, 2, 3), (2, 5, 2, 2, 2), (3, 5, 1, 1, 3), (2, 5, 1, 1, 2), (5, 4, 3, 3, 4), (5, 3, 3, 3, 3), (5, 4, 2, 2, 4), (5, 2, 3, 2, 3), (5, 3, 2, 2, 3), (5, 3, 2, 3, 2), (5, 3, 2, 2, 3), (5, 2, 2, 2, 2), (5, 3, 1, 1, 3), (5, 2, 1, 1, 2)]


-- 2025-12-14 15:53:26 --写入特征标:(2, 2, 1, 1, 3)
[(4, 2, 2, 3, 4), (3, 2, 2, 3, 3), (2, 4, 2, 3, 4), (2, 3, 2, 3, 3), (2, 2, 2, 2, 3), (2, 2, 1, 1, 3)]


-- 2025-12-14 15:54:38 --写入特征标:(2, 3, 1, 1, 3)
[(2, 4, 2, 2, 4), (2, 4, 1, 1, 4), (2, 3, 2, 2, 3), (2, 3, 1, 1, 3), (4, 2, 2, 2, 4), (4, 2, 1, 1, 4), (3, 2, 2, 2, 3), (3, 2, 1, 1, 3), (4, 3, 2, 3, 4), (3, 4, 2, 3, 4), (3, 3, 2, 3, 3)]


-- 2025-12-14 16:16:56 --写入特征标:(3, 3, 1, 1, 4)
[(3, 3, 2, 2, 4), (3, 3, 1, 1, 4)]


-- 2025-12-14 16:17:07 --写入特征标:(3, 3, 1, 1, 2)
[(4, 3, 3, 2, 4), (3, 4, 3, 2, 4), (3, 3, 3, 2, 3), (3, 3, 2, 2, 2), (3, 3, 1, 1, 2)]


-- 2025-12-14 16:17:22 --写入特征标:(2, 3, 1, 1, 2)
[(4, 2, 3, 2, 4), (4, 3, 2, 2, 4), (4, 3, 3, 3, 4), (2, 4, 3, 2, 4), (3, 4, 2, 2, 4), (3, 4, 3, 3, 4), (2, 3, 3, 2, 3), (3, 2, 3, 2, 3), (3, 3, 2, 2, 3), (3, 3, 3, 3, 3), (2, 3, 2, 2, 2), (3, 2, 2, 2, 2), (3, 3, 2, 3, 2), (3, 3, 2, 2, 3), (2, 3, 1, 1, 2), (3, 2, 1, 1, 2), (3, 3, 1, 1, 3)]


-- 2025-12-14 16:21:45 --写入特征标:(5, 1, 3, 3, 5)
[(5, 1, 3, 3, 5), (6, 1, 3, 3, 6), (5, 1, 4, 4, 5), (6, 1, 4, 4, 6), (5, 3, 1, 3, 5), (6, 3, 1, 3, 6), (5, 4, 1, 4, 5), (6, 4, 1, 4, 6)]


-- 2025-12-14 16:21:59 --写入特征标:(5, 2, 3, 3, 5)
[(5, 2, 3, 3, 5), (6, 2, 3, 3, 6), (5, 2, 4, 4, 5), (6, 2, 4, 4, 6), (5, 3, 2, 3, 5), (6, 3, 2, 3, 6), (5, 4, 2, 4, 5), (6, 4, 2, 4, 6)]


-- 2025-12-14 16:32:40 --写入特征标:(4, 1, 1, 3, 4)
[(5, 1, 1, 3, 5), (4, 1, 1, 3, 4)]


-- 2025-12-14 16:32:52 --写入特征标:(4, 1, 2, 2, 3)
[(5, 4, 1, 3, 5), (5, 1, 4, 3, 5), (4, 2, 1, 2, 3), (4, 1, 2, 2, 3), (4, 3, 1, 3, 3), (4, 1, 3, 3, 3), (4, 4, 1, 3, 4), (4, 1, 4, 3, 4)]


-- 2025-12-14 16:33:03 --写入特征标:(3, 1, 2, 2, 3)
[(5, 3, 1, 3, 5), (5, 4, 1, 4, 5), (5, 1, 3, 3, 5), (5, 1, 4, 4, 5), (3, 2, 1, 2, 3), (4, 2, 1, 2, 4), (3, 1, 2, 2, 3), (4, 1, 2, 2, 4), (3, 3, 1, 3, 3), (4, 3, 1, 4, 3), (4, 3, 1, 3, 4), (3, 1, 3, 3, 3), (4, 1, 3, 4, 3), (4, 1, 3, 3, 4), (3, 4, 1, 3, 4), (4, 3, 1, 3, 4), (4, 4, 1, 4, 4), (3, 1, 4, 3, 4), (4, 1, 3, 3, 4), (4, 1, 4, 4, 4)]


-- 2025-12-14 16:38:34 --写入特征标:(3, 1, 4, 4, 3)
[(5, 1, 4, 4, 5), (5, 1, 4, 5, 4), (5, 1, 3, 3, 5), (4, 1, 4, 4, 4), (5, 1, 3, 5, 3), (4, 1, 3, 3, 4), (4, 1, 3, 4, 3), (4, 5, 1, 4, 5), (4, 5, 1, 5, 4), (3, 5, 1, 3, 5), (4, 4, 1, 4, 4), (3, 5, 1, 5, 3), (3, 4, 1, 3, 4), (3, 4, 1, 4, 3), (4, 1, 5, 4, 5), (4, 1, 5, 5, 4), (3, 1, 5, 3, 5), (4, 1, 4, 4, 4), (3, 1, 5, 5, 3), (3, 1, 4, 3, 4), (3, 1, 4, 4, 3), (5, 4, 1, 4, 5), (5, 4, 1, 5, 4), (5, 3, 1, 3, 5), (4, 4, 1, 4, 4), (5, 3, 1, 5, 3), (4, 3, 1, 3, 4), (4, 3, 1, 4, 3)]


-- 2025-12-14 16:39:54 --写入特征标:(3, 1, 5, 5, 3)
[(5, 1, 3, 5, 3), (5, 1, 4, 5, 4), (6, 1, 3, 6, 3), (6, 1, 4, 6, 4), (5, 1, 3, 3, 5), (6, 1, 3, 3, 6), (5, 1, 4, 4, 5), (6, 1, 4, 4, 6), (3, 5, 1, 5, 3), (4, 5, 1, 5, 4), (3, 6, 1, 6, 3), (4, 6, 1, 6, 4), (3, 5, 1, 3, 5), (3, 6, 1, 3, 6), (4, 5, 1, 4, 5), (4, 6, 1, 4, 6), (3, 1, 5, 5, 3), (4, 1, 5, 5, 4), (3, 1, 6, 6, 3), (4, 1, 6, 6, 4), (3, 1, 5, 3, 5), (3, 1, 6, 3, 6), (4, 1, 5, 4, 5), (4, 1, 6, 4, 6), (5, 3, 1, 5, 3), (5, 4, 1, 5, 4), (6, 3, 1, 6, 3), (6, 4, 1, 6, 4), (5, 3, 1, 3, 5), (6, 3, 1, 3, 6), (5, 4, 1, 4, 5), (6, 4, 1, 4, 6)]


-- 2025-12-14 16:46:19 --写入特征标:(1, 5, 3, 3, 1)
[(5, 1, 3, 3, 1), (5, 2, 3, 3, 2), (5, 1, 4, 4, 1), (5, 2, 4, 4, 2), (5, 1, 3, 1, 3), (5, 1, 4, 1, 4), (5, 2, 3, 2, 3), (5, 2, 4, 2, 4), (3, 5, 1, 3, 1), (3, 5, 2, 3, 2), (4, 5, 1, 4, 1), (4, 5, 2, 4, 2), (3, 5, 1, 1, 3), (4, 5, 1, 1, 4), (3, 5, 2, 2, 3), (4, 5, 2, 2, 4), (1, 5, 3, 3, 1), (2, 5, 3, 3, 2), (1, 5, 4, 4, 1), (2, 5, 4, 4, 2), (1, 5, 3, 1, 3), (1, 5, 4, 1, 4), (2, 5, 3, 2, 3), (2, 5, 4, 2, 4), (5, 3, 1, 3, 1), (5, 3, 2, 3, 2), (5, 4, 1, 4, 1), (5, 4, 2, 4, 2), (5, 3, 1, 1, 3), (5, 4, 1, 1, 4), (5, 3, 2, 2, 3), (5, 4, 2, 2, 4)]


-- 2025-12-14 16:50:58 --写入特征标:(1, 4, 2, 2, 1)
[(4, 2, 3, 2, 3), (4, 2, 3, 3, 2), (4, 1, 3, 1, 3), (4, 2, 2, 2, 2), (4, 1, 3, 3, 1), (4, 1, 2, 1, 2), (4, 1, 2, 2, 1), (3, 4, 2, 2, 3), (3, 4, 2, 3, 2), (3, 4, 1, 1, 3), (2, 4, 2, 2, 2), (3, 4, 1, 3, 1), (2, 4, 1, 1, 2), (2, 4, 1, 2, 1), (2, 4, 3, 2, 3), (2, 4, 3, 3, 2), (1, 4, 3, 1, 3), (2, 4, 2, 2, 2), (1, 4, 3, 3, 1), (1, 4, 2, 1, 2), (1, 4, 2, 2, 1), (4, 3, 2, 2, 3), (4, 3, 2, 3, 2), (4, 3, 1, 1, 3), (4, 2, 2, 2, 2), (4, 3, 1, 3, 1), (4, 2, 1, 1, 2), (4, 2, 1, 2, 1)]


-- 2025-12-14 16:58:11 --写入特征标:(2, 4, 3, 3, 1)
[(5, 2, 4, 5, 1), (4, 2, 4, 4, 1), (4, 2, 3, 3, 1), (5, 2, 4, 1, 5), (4, 2, 4, 1, 4), (4, 2, 3, 1, 3), (4, 5, 2, 5, 1), (4, 4, 2, 4, 1), (3, 4, 2, 3, 1), (4, 5, 2, 1, 5), (4, 4, 2, 1, 4), (3, 4, 2, 1, 3), (2, 5, 4, 5, 1), (2, 4, 4, 4, 1), (2, 4, 3, 3, 1), (2, 5, 4, 1, 5), (2, 4, 4, 1, 4), (2, 4, 3, 1, 3), (5, 4, 2, 5, 1), (4, 4, 2, 4, 1), (4, 3, 2, 3, 1), (5, 4, 2, 1, 5), (4, 4, 2, 1, 4), (4, 3, 2, 1, 3)]


-- 2025-12-14 17:01:03 --写入特征标:(1, 4, 3, 3, 1)
[(5, 1, 4, 5, 1), (5, 2, 4, 5, 2), (4, 1, 4, 4, 1), (4, 2, 4, 4, 2), (4, 1, 3, 3, 1), (4, 2, 3, 3, 2), (5, 1, 4, 1, 5), (5, 2, 4, 2, 5), (4, 1, 4, 1, 4), (4, 2, 4, 2, 4), (4, 1, 3, 1, 3), (4, 2, 3, 2, 3), (4, 5, 1, 5, 1), (4, 5, 2, 5, 2), (4, 4, 1, 4, 1), (4, 4, 2, 4, 2), (3, 4, 1, 3, 1), (3, 4, 2, 3, 2), (4, 5, 1, 1, 5), (4, 5, 2, 2, 5), (4, 4, 1, 1, 4), (4, 4, 2, 2, 4), (3, 4, 1, 1, 3), (3, 4, 2, 2, 3), (1, 5, 4, 5, 1), (2, 5, 4, 5, 2), (1, 4, 4, 4, 1), (2, 4, 4, 4, 2), (1, 4, 3, 3, 1), (2, 4, 3, 3, 2), (1, 5, 4, 1, 5), (2, 5, 4, 2, 5), (1, 4, 4, 1, 4), (2, 4, 4, 2, 4), (1, 4, 3, 1, 3), (2, 4, 3, 2, 3), (5, 4, 1, 5, 1), (5, 4, 2, 5, 2), (4, 4, 1, 4, 1), (4, 4, 2, 4, 2), (4, 3, 1, 3, 1), (4, 3, 2, 3, 2), (5, 4, 1, 1, 5), (5, 4, 2, 2, 5), (4, 4, 1, 1, 4), (4, 4, 2, 2, 4), (4, 3, 1, 1, 3), (4, 3, 2, 2, 3)]


-- 2025-12-14 17:08:03 --写入特征标:(1, 4, 3, 3, 0)
[(5, 1, 4, 5, 0), (4, 1, 4, 4, 0), (4, 1, 3, 3, 0), (5, 1, 4, 0, 5), (4, 1, 4, 0, 4), (4, 1, 3, 0, 3), (4, 5, 1, 5, 0), (4, 4, 1, 4, 0), (3, 4, 1, 3, 0), (4, 5, 1, 0, 5), (4, 4, 1, 0, 4), (3, 4, 1, 0, 3), (1, 5, 4, 5, 0), (1, 4, 4, 4, 0), (1, 4, 3, 3, 0), (1, 5, 4, 0, 5), (1, 4, 4, 0, 4), (1, 4, 3, 0, 3), (5, 4, 1, 5, 0), (4, 4, 1, 4, 0), (4, 3, 1, 3, 0), (5, 4, 1, 0, 5), (4, 4, 1, 0, 4), (4, 3, 1, 0, 3)]


-- 2025-12-14 17:08:15 --写入特征标:(0, 4, 3, 3, 0)
[(5, 0, 4, 5, 0), (5, 1, 4, 5, 1), (4, 0, 4, 4, 0), (4, 1, 4, 4, 1), (4, 0, 3, 3, 0), (4, 1, 3, 3, 1), (5, 0, 4, 0, 5), (5, 1, 4, 1, 5), (4, 0, 4, 0, 4), (4, 1, 4, 1, 4), (4, 0, 3, 0, 3), (4, 1, 3, 1, 3), (4, 5, 0, 5, 0), (4, 5, 1, 5, 1), (4, 4, 0, 4, 0), (4, 4, 1, 4, 1), (3, 4, 0, 3, 0), (3, 4, 1, 3, 1), (4, 5, 0, 0, 5), (4, 5, 1, 1, 5), (4, 4, 0, 0, 4), (4, 4, 1, 1, 4), (3, 4, 0, 0, 3), (3, 4, 1, 1, 3), (0, 5, 4, 5, 0), (1, 5, 4, 5, 1), (0, 4, 4, 4, 0), (1, 4, 4, 4, 1), (0, 4, 3, 3, 0), (1, 4, 3, 3, 1), (0, 5, 4, 0, 5), (1, 5, 4, 1, 5), (0, 4, 4, 0, 4), (1, 4, 4, 1, 4), (0, 4, 3, 0, 3), (1, 4, 3, 1, 3), (5, 4, 0, 5, 0), (5, 4, 1, 5, 1), (4, 4, 0, 4, 0), (4, 4, 1, 4, 1), (4, 3, 0, 3, 0), (4, 3, 1, 3, 1), (5, 4, 0, 0, 5), (5, 4, 1, 1, 5), (4, 4, 0, 0, 4), (4, 4, 1, 1, 4), (4, 3, 0, 0, 3), (4, 3, 1, 1, 3)]


-- 2025-12-14 17:10:51 --写入特征标:(2, 3, 2, 2, 1)
[(3, 2, 2, 2, 1), (3, 2, 3, 3, 1), (3, 3, 2, 3, 1), (4, 2, 3, 4, 1), (4, 3, 2, 4, 1), (3, 2, 2, 1, 2), (3, 2, 3, 1, 3), (3, 3, 2, 1, 3), (4, 2, 3, 1, 4), (4, 3, 2, 1, 4), (2, 3, 2, 2, 1), (2, 3, 3, 3, 1), (3, 3, 2, 3, 1), (2, 4, 3, 4, 1), (3, 4, 2, 4, 1), (2, 3, 2, 1, 2), (2, 3, 3, 1, 3), (3, 3, 2, 1, 3), (2, 4, 3, 1, 4), (3, 4, 2, 1, 4)]


-- 2025-12-14 17:11:18 --写入特征标:(1, 3, 2, 2, 1)
[(3, 1, 2, 2, 1), (3, 2, 1, 2, 1), (3, 2, 2, 2, 2), (3, 1, 3, 3, 1), (3, 2, 3, 3, 2), (3, 3, 1, 3, 1), (3, 3, 2, 3, 2), (4, 1, 3, 4, 1), (4, 2, 3, 4, 2), (4, 3, 1, 4, 1), (4, 3, 2, 4, 2), (3, 1, 2, 1, 2), (3, 2, 1, 1, 2), (3, 2, 2, 2, 2), (3, 1, 3, 1, 3), (3, 2, 3, 2, 3), (3, 3, 1, 1, 3), (3, 3, 2, 2, 3), (4, 1, 3, 1, 4), (4, 2, 3, 2, 4), (4, 3, 1, 1, 4), (4, 3, 2, 2, 4), (1, 3, 2, 2, 1), (2, 3, 1, 2, 1), (2, 3, 2, 2, 2), (1, 3, 3, 3, 1), (2, 3, 3, 3, 2), (3, 3, 1, 3, 1), (3, 3, 2, 3, 2), (1, 4, 3, 4, 1), (2, 4, 3, 4, 2), (3, 4, 1, 4, 1), (3, 4, 2, 4, 2), (1, 3, 2, 1, 2), (2, 3, 1, 1, 2), (2, 3, 2, 2, 2), (1, 3, 3, 1, 3), (2, 3, 3, 2, 3), (3, 3, 1, 1, 3), (3, 3, 2, 2, 3), (1, 4, 3, 1, 4), (2, 4, 3, 2, 4), (3, 4, 1, 1, 4), (3, 4, 2, 2, 4)]


-- 2025-12-14 17:18:42 --写入特征标:(1, 3, 5, 5, 1)
[(1, 3, 5, 5, 1), (2, 3, 5, 5, 2), (1, 3, 6, 6, 1), (2, 3, 6, 6, 2), (1, 3, 5, 1, 5), (1, 3, 6, 1, 6), (2, 3, 5, 2, 5), (2, 3, 6, 2, 6), (5, 1, 3, 5, 1), (5, 2, 3, 5, 2), (6, 1, 3, 6, 1), (6, 2, 3, 6, 2), (5, 1, 3, 1, 5), (6, 1, 3, 1, 6), (5, 2, 3, 2, 5), (6, 2, 3, 2, 6), (3, 5, 1, 5, 1), (3, 5, 2, 5, 2), (3, 6, 1, 6, 1), (3, 6, 2, 6, 2), (3, 5, 1, 1, 5), (3, 6, 1, 1, 6), (3, 5, 2, 2, 5), (3, 6, 2, 2, 6), (3, 1, 5, 5, 1), (3, 2, 5, 5, 2), (3, 1, 6, 6, 1), (3, 2, 6, 6, 2), (3, 1, 5, 1, 5), (3, 1, 6, 1, 6), (3, 2, 5, 2, 5), (3, 2, 6, 2, 6), (1, 5, 3, 5, 1), (2, 5, 3, 5, 2), (1, 6, 3, 6, 1), (2, 6, 3, 6, 2), (1, 5, 3, 1, 5), (1, 6, 3, 1, 6), (2, 5, 3, 2, 5), (2, 6, 3, 2, 6), (5, 3, 1, 5, 1), (5, 3, 2, 5, 2), (6, 3, 1, 6, 1), (6, 3, 2, 6, 2), (5, 3, 1, 1, 5), (6, 3, 1, 1, 6), (5, 3, 2, 2, 5), (6, 3, 2, 2, 6)]


-- 2025-12-14 17:18:57 --写入特征标:(1, 3, 4, 4, 1)
[(1, 3, 4, 4, 1), (2, 3, 4, 4, 2), (1, 3, 5, 5, 1), (2, 3, 5, 5, 2), (1, 3, 4, 1, 4), (1, 3, 5, 1, 5), (2, 3, 4, 2, 4), (2, 3, 5, 2, 5), (4, 1, 3, 4, 1), (4, 2, 3, 4, 2), (5, 1, 3, 5, 1), (5, 2, 3, 5, 2), (4, 1, 3, 1, 4), (5, 1, 3, 1, 5), (4, 2, 3, 2, 4), (5, 2, 3, 2, 5), (3, 4, 1, 4, 1), (3, 4, 2, 4, 2), (3, 5, 1, 5, 1), (3, 5, 2, 5, 2), (3, 4, 1, 1, 4), (3, 5, 1, 1, 5), (3, 4, 2, 2, 4), (3, 5, 2, 2, 5), (3, 1, 4, 4, 1), (3, 2, 4, 4, 2), (3, 1, 5, 5, 1), (3, 2, 5, 5, 2), (3, 1, 4, 1, 4), (3, 1, 5, 1, 5), (3, 2, 4, 2, 4), (3, 2, 5, 2, 5), (1, 4, 3, 4, 1), (2, 4, 3, 4, 2), (1, 5, 3, 5, 1), (2, 5, 3, 5, 2), (1, 4, 3, 1, 4), (1, 5, 3, 1, 5), (2, 4, 3, 2, 4), (2, 5, 3, 2, 5), (4, 3, 1, 4, 1), (4, 3, 2, 4, 2), (5, 3, 1, 5, 1), (5, 3, 2, 5, 2), (4, 3, 1, 1, 4), (5, 3, 1, 1, 5), (4, 3, 2, 2, 4), (5, 3, 2, 2, 5)]


-- 2025-12-14 17:21:43 --写入特征标:(2, 2, 3, 3, 1)
[(2, 2, 4, 4, 1), (2, 2, 3, 3, 1), (2, 2, 4, 1, 4), (2, 2, 3, 1, 3), (4, 2, 2, 4, 1), (3, 2, 2, 3, 1), (4, 2, 2, 1, 4), (3, 2, 2, 1, 3), (2, 4, 2, 4, 1), (2, 3, 2, 3, 1), (2, 4, 2, 1, 4), (2, 3, 2, 1, 3)]


-- 2025-12-14 17:21:53 --写入特征标:(1, 2, 3, 3, 1)
[(1, 2, 4, 4, 1), (2, 1, 4, 4, 1), (2, 2, 4, 4, 2), (1, 2, 3, 3, 1), (2, 1, 3, 3, 1), (2, 2, 3, 3, 2), (1, 2, 4, 1, 4), (2, 1, 4, 1, 4), (2, 2, 4, 2, 4), (1, 2, 3, 1, 3), (2, 1, 3, 1, 3), (2, 2, 3, 2, 3), (4, 1, 2, 4, 1), (4, 2, 1, 4, 1), (4, 2, 2, 4, 2), (3, 1, 2, 3, 1), (3, 2, 1, 3, 1), (3, 2, 2, 3, 2), (4, 1, 2, 1, 4), (4, 2, 1, 1, 4), (4, 2, 2, 2, 4), (3, 1, 2, 1, 3), (3, 2, 1, 1, 3), (3, 2, 2, 2, 3), (1, 4, 2, 4, 1), (2, 4, 1, 4, 1), (2, 4, 2, 4, 2), (1, 3, 2, 3, 1), (2, 3, 1, 3, 1), (2, 3, 2, 3, 2), (1, 4, 2, 1, 4), (2, 4, 1, 1, 4), (2, 4, 2, 2, 4), (1, 3, 2, 1, 3), (2, 3, 1, 1, 3), (2, 3, 2, 2, 3)]


-- 2025-12-14 17:23:08 --写入特征标:(2, 2, 4, 4, 1)
[(2, 2, 5, 5, 1), (2, 2, 4, 4, 1), (2, 2, 5, 1, 5), (2, 2, 4, 1, 4), (5, 2, 2, 5, 1), (4, 2, 2, 4, 1), (5, 2, 2, 1, 5), (4, 2, 2, 1, 4), (2, 5, 2, 5, 1), (2, 4, 2, 4, 1), (2, 5, 2, 1, 5), (2, 4, 2, 1, 4)]


-- 2025-12-14 17:23:17 --写入特征标:(1, 2, 4, 4, 1)
[(1, 2, 5, 5, 1), (2, 1, 5, 5, 1), (2, 2, 5, 5, 2), (1, 2, 4, 4, 1), (2, 1, 4, 4, 1), (2, 2, 4, 4, 2), (1, 2, 5, 1, 5), (2, 1, 5, 1, 5), (2, 2, 5, 2, 5), (1, 2, 4, 1, 4), (2, 1, 4, 1, 4), (2, 2, 4, 2, 4), (5, 1, 2, 5, 1), (5, 2, 1, 5, 1), (5, 2, 2, 5, 2), (4, 1, 2, 4, 1), (4, 2, 1, 4, 1), (4, 2, 2, 4, 2), (5, 1, 2, 1, 5), (5, 2, 1, 1, 5), (5, 2, 2, 2, 5), (4, 1, 2, 1, 4), (4, 2, 1, 1, 4), (4, 2, 2, 2, 4), (1, 5, 2, 5, 1), (2, 5, 1, 5, 1), (2, 5, 2, 5, 2), (1, 4, 2, 4, 1), (2, 4, 1, 4, 1), (2, 4, 2, 4, 2), (1, 5, 2, 1, 5), (2, 5, 1, 1, 5), (2, 5, 2, 2, 5), (1, 4, 2, 1, 4), (2, 4, 1, 1, 4), (2, 4, 2, 2, 4)]


-- 2025-12-14 17:31:26 --写入特征标:(1, 3, 5, 7, 7)
[(1, 3, 5, 7, 7), (5, 1, 3, 7, 7), (3, 5, 1, 7, 7), (3, 1, 5, 7, 7), (1, 5, 3, 7, 7), (5, 3, 1, 7, 7)]


-- 2025-12-14 17:31:50 --写入特征标:(3, 1, 5, 7, 7)
[(5, 1, 3, 7, 7), (3, 5, 1, 7, 7), (3, 1, 5, 7, 7), (5, 3, 1, 7, 7)]


-- 2025-12-14 19:07:12 --写入特征标:(1, 3, 5, 7, 5)
[(1, 3, 6, 7, 6), (1, 3, 5, 7, 5), (1, 3, 6, 6, 7), (1, 3, 5, 5, 7), (6, 1, 3, 7, 6), (5, 1, 3, 7, 5), (6, 1, 3, 6, 7), (5, 1, 3, 5, 7), (3, 6, 1, 7, 6), (3, 5, 1, 7, 5), (3, 6, 1, 6, 7), (3, 5, 1, 5, 7), (3, 1, 6, 7, 6), (3, 1, 5, 7, 5), (3, 1, 6, 6, 7), (3, 1, 5, 5, 7), (1, 6, 3, 7, 6), (1, 5, 3, 7, 5), (1, 6, 3, 6, 7), (1, 5, 3, 5, 7), (6, 3, 1, 7, 6), (5, 3, 1, 7, 5), (6, 3, 1, 6, 7), (5, 3, 1, 5, 7)]


-- 2025-12-14 19:59:10 --写入特征标:(4, 3, 2, 1, 4)
[(5, 3, 2, 1, 5), (4, 3, 2, 1, 4)]


-- 2025-12-14 19:59:46 --写入特征标:(4, 3, 2, 0, 4)
[(5, 3, 2, 0, 5), (4, 3, 2, 0, 4)]


-- 2025-12-14 20:00:42 --写入特征标:(4, 2, 2, 0, 4)
[(5, 2, 2, 0, 5), (4, 2, 2, 0, 4)]


-- 2025-12-14 20:01:00 --写入特征标:(4, 1, 2, 0, 4)
[(5, 1, 2, 0, 5), (4, 1, 2, 0, 4), (5, 2, 1, 0, 5), (4, 2, 1, 0, 4)]


-- 2025-12-14 20:02:33 --写入特征标:(4, 1, 2, 6, 4)
[(5, 1, 2, 6, 5), (4, 1, 2, 6, 4), (5, 1, 2, 5, 6), (4, 1, 2, 4, 6), (5, 2, 1, 6, 5), (4, 2, 1, 6, 4), (5, 2, 1, 5, 6), (4, 2, 1, 4, 6)]


-- 2025-12-14 20:49:08 --写入特征标:(4, 1, 2, 4, 4)
[(4, 1, 2, 4, 4), (5, 1, 2, 4, 5), (5, 1, 2, 5, 4), (4, 2, 1, 4, 4), (5, 2, 1, 4, 5), (5, 2, 1, 5, 4)]


-- 2025-12-14 20:52:16 --写入特征标:(4, 1, 2, 3, 4)
[(5, 1, 2, 3, 5), (4, 1, 2, 3, 4), (5, 2, 1, 3, 5), (4, 2, 1, 3, 4)]


-- 2025-12-14 22:03:12 --写入特征标:(4, 4, 2, 4, 4)
[(4, 4, 2, 4, 4), (5, 4, 2, 4, 5), (4, 5, 2, 4, 5), (5, 4, 2, 5, 4), (4, 5, 2, 5, 4), (5, 5, 2, 5, 5)]


-- 2025-12-14 22:03:39 --写入特征标:(4, 2, 4, 4, 4)
[(4, 4, 2, 4, 4), (5, 4, 2, 4, 5), (4, 5, 2, 4, 5), (5, 4, 2, 5, 4), (4, 5, 2, 5, 4), (5, 5, 2, 5, 5), (4, 2, 4, 4, 4), (5, 2, 4, 4, 5), (4, 2, 5, 4, 5), (5, 2, 4, 5, 4), (4, 2, 5, 5, 4), (5, 2, 5, 5, 5)]


-- 2025-12-14 22:05:23 --写入特征标:(4, 2, 1, 4, 4)
[(4, 2, 1, 4, 4), (5, 2, 1, 5, 4), (5, 2, 1, 4, 5)]


-- 2025-12-14 22:07:27 --写入特征标:(2, 1, 4, 2, 2)
[(4, 1, 2, 2, 2), (4, 1, 3, 3, 2), (4, 1, 3, 2, 3), (2, 4, 1, 2, 2), (3, 4, 1, 3, 2), (3, 4, 1, 2, 3), (2, 1, 4, 2, 2), (3, 1, 4, 3, 2), (3, 1, 4, 2, 3), (4, 2, 1, 2, 2), (4, 3, 1, 3, 2), (4, 3, 1, 2, 3)]


-- 2025-12-14 22:07:52 --写入特征标:(2, 1, 3, 2, 2)
[(2, 3, 1, 2, 2), (3, 2, 1, 2, 2), (3, 3, 1, 3, 2), (3, 3, 1, 2, 3), (2, 1, 3, 2, 2), (3, 1, 2, 2, 2), (3, 1, 3, 3, 2), (3, 1, 3, 2, 3)]


-- 2025-12-14 22:09:28 --写入特征标:(2, 2, 3, 2, 2)
[(3, 3, 3, 3, 3), (2, 3, 3, 3, 2), (3, 2, 3, 3, 2), (3, 3, 2, 3, 2), (2, 3, 3, 2, 3), (3, 2, 3, 2, 3), (3, 3, 2, 2, 3), (2, 2, 3, 2, 2), (2, 3, 2, 2, 2), (3, 2, 2, 2, 2)]


-- 2025-12-14 22:10:05 --写入特征标:(2, 4, 6, 2, 2)
[(2, 4, 6, 2, 2), (3, 4, 6, 3, 2), (3, 4, 6, 2, 3), (6, 2, 4, 2, 2), (6, 3, 4, 3, 2), (6, 3, 4, 2, 3), (4, 6, 2, 2, 2), (4, 6, 3, 3, 2), (4, 6, 3, 2, 3), (4, 2, 6, 2, 2), (4, 3, 6, 3, 2), (4, 3, 6, 2, 3), (2, 6, 4, 2, 2), (3, 6, 4, 3, 2), (3, 6, 4, 2, 3), (6, 4, 2, 2, 2), (6, 4, 3, 3, 2), (6, 4, 3, 2, 3)]


-- 2025-12-14 22:10:52 --写入特征标:(2, 4, 3, 2, 2)
[(4, 2, 3, 2, 2), (4, 3, 2, 2, 2), (4, 3, 3, 3, 2), (4, 3, 3, 2, 3), (2, 4, 3, 2, 2), (3, 4, 2, 2, 2), (3, 4, 3, 3, 2), (3, 4, 3, 2, 3)]


-- 2025-12-14 22:11:42 --写入特征标:(2, 3, 4, 2, 2)
[(2, 3, 4, 2, 2), (3, 2, 4, 2, 2), (3, 3, 4, 3, 2), (3, 3, 4, 2, 3), (4, 2, 3, 2, 2), (4, 3, 2, 2, 2), (4, 3, 3, 3, 2), (4, 3, 3, 2, 3), (2, 4, 3, 2, 2), (3, 4, 2, 2, 2), (3, 4, 3, 3, 2), (3, 4, 3, 2, 3)]


-- 2025-12-14 22:12:19 --写入特征标:(2, 3, 3, 2, 2)
[(2, 3, 3, 2, 2), (3, 2, 3, 2, 2), (3, 3, 2, 2, 2), (3, 3, 3, 3, 2), (3, 3, 3, 2, 3)]


-- 2025-12-14 22:14:37 --写入特征标:(2, 2, 4, 2, 2)
[(3, 3, 4, 3, 3), (2, 3, 4, 3, 2), (3, 2, 4, 3, 2), (2, 3, 4, 2, 3), (3, 2, 4, 2, 3), (2, 2, 4, 2, 2), (4, 3, 3, 3, 3), (4, 2, 3, 3, 2), (4, 3, 2, 3, 2), (4, 2, 3, 2, 3), (4, 3, 2, 2, 3), (4, 2, 2, 2, 2), (3, 4, 3, 3, 3), (2, 4, 3, 3, 2), (3, 4, 2, 3, 2), (2, 4, 3, 2, 3), (3, 4, 2, 2, 3), (2, 4, 2, 2, 2)]


-- 2025-12-14 22:28:23 --写入特征标:(2, 3, 1, 0, 2)
[(2, 3, 1, 0, 2), (3, 2, 1, 0, 2), (3, 3, 1, 0, 3)]


-- 2025-12-14 22:28:47 --写入特征标:(2, 4, 1, 0, 2)
[(3, 4, 1, 0, 3), (2, 4, 1, 0, 2), (4, 3, 1, 0, 3), (4, 2, 1, 0, 2)]


-- 2025-12-14 22:30:01 --写入特征标:(2, 3, 1, 4, 2)
[(2, 3, 1, 4, 2), (3, 2, 1, 4, 2), (3, 3, 1, 4, 3), (2, 3, 1, 2, 4), (3, 2, 1, 2, 4), (3, 3, 1, 3, 4)]


-- 2025-12-14 22:30:36 --写入特征标:(2, 4, 1, 3, 2)
[(3, 4, 1, 3, 3), (2, 4, 1, 2, 3), (2, 4, 1, 3, 2), (4, 3, 1, 3, 3), (4, 2, 1, 2, 3), (4, 2, 1, 3, 2)]


-- 2025-12-14 22:38:05 --写入特征标:(2, 2, 1, 0, 2)
[(3, 2, 1, 0, 3), (2, 3, 1, 0, 3), (2, 2, 1, 0, 2)]


-- 2025-12-14 22:39:07 --写入特征标:(2, 2, 1, 3, 2)
[(3, 2, 1, 3, 3), (2, 3, 1, 3, 3), (2, 2, 1, 2, 3), (2, 2, 1, 3, 2)]


-- 2025-12-14 23:06:35 --写入特征标:(2, 0, 1, 2, 2)
[(2, 0, 1, 2, 2), (3, 0, 1, 3, 2), (3, 0, 1, 2, 3), (2, 1, 0, 2, 2), (3, 1, 0, 3, 2), (3, 1, 0, 2, 3)]


-- 2025-12-14 23:07:47 --写入特征标:(2, 0, 1, 4, 2)
[(3, 0, 1, 4, 3), (2, 0, 1, 4, 2), (3, 0, 1, 3, 4), (2, 0, 1, 2, 4), (3, 1, 0, 4, 3), (2, 1, 0, 4, 2), (3, 1, 0, 3, 4), (2, 1, 0, 2, 4)]


-- 2025-12-14 23:07:51 --写入特征标:(2, 2, 1, 4, 2)
[(3, 2, 1, 4, 3), (2, 3, 1, 4, 3), (2, 2, 1, 4, 2), (3, 2, 1, 3, 4), (2, 3, 1, 3, 4), (2, 2, 1, 2, 4)]


-- 2025-12-14 23:08:28 --写入特征标:(2, 1, 2, 4, 2)
[(3, 2, 1, 4, 3), (2, 3, 1, 4, 3), (2, 2, 1, 4, 2), (3, 2, 1, 3, 4), (2, 3, 1, 3, 4), (2, 2, 1, 2, 4), (3, 1, 2, 4, 3), (2, 1, 3, 4, 3), (2, 1, 2, 4, 2), (3, 1, 2, 3, 4), (2, 1, 3, 3, 4), (2, 1, 2, 2, 4)]


-- 2025-12-14 23:10:05 --写入特征标:(2, 1, 2, 0, 2)
[(3, 2, 1, 0, 3), (2, 3, 1, 0, 3), (2, 2, 1, 0, 2), (3, 1, 2, 0, 3), (2, 1, 3, 0, 3), (2, 1, 2, 0, 2)]


-- 2025-12-14 23:10:45 --写入特征标:(2, 2, 2, 0, 2)
[(3, 2, 2, 0, 3), (2, 3, 2, 0, 3), (2, 2, 3, 0, 3), (2, 2, 2, 0, 2)]


-- 2025-12-14 23:18:28 --写入特征标:(2, 5, 1, 4, 2)
[(3, 5, 1, 4, 3), (2, 5, 1, 4, 2), (3, 5, 1, 3, 4), (2, 5, 1, 2, 4), (5, 3, 1, 4, 3), (5, 2, 1, 4, 2), (5, 3, 1, 3, 4), (5, 2, 1, 2, 4)]


-- 2025-12-14 23:51:38 --写入特征标:(2, 5, 1, 2, 2)
[(2, 5, 1, 2, 2), (3, 5, 1, 3, 2), (3, 5, 1, 2, 3), (5, 2, 1, 2, 2), (5, 3, 1, 3, 2), (5, 3, 1, 2, 3)]


-- 2025-12-15 15:10:53 --写入特征标:(1, 4, 1, 3, 1)
[(4, 2, 1, 3, 2), (4, 1, 2, 3, 2), (4, 1, 1, 3, 1), (4, 2, 1, 2, 3), (4, 1, 2, 2, 3), (4, 1, 1, 1, 3), (2, 4, 1, 3, 2), (1, 4, 2, 3, 2), (1, 4, 1, 3, 1), (2, 4, 1, 2, 3), (1, 4, 2, 2, 3), (1, 4, 1, 1, 3)]


-- 2025-12-15 15:17:55 --写入特征标:(2, 1, 5, 3, 2)
[(5, 1, 3, 3, 3), (5, 1, 2, 2, 3), (5, 1, 2, 3, 2), (3, 5, 1, 3, 3), (2, 5, 1, 2, 3), (2, 5, 1, 3, 2), (3, 1, 5, 3, 3), (2, 1, 5, 2, 3), (2, 1, 5, 3, 2), (5, 3, 1, 3, 3), (5, 2, 1, 2, 3), (5, 2, 1, 3, 2)]


-- 2025-12-15 15:18:06 --写入特征标:(2, 1, 5, 6, 2)
[(5, 1, 3, 6, 3), (5, 1, 2, 6, 2), (5, 1, 3, 3, 6), (5, 1, 2, 2, 6), (3, 5, 1, 6, 3), (2, 5, 1, 6, 2), (3, 5, 1, 3, 6), (2, 5, 1, 2, 6), (3, 1, 5, 6, 3), (2, 1, 5, 6, 2), (3, 1, 5, 3, 6), (2, 1, 5, 2, 6), (5, 3, 1, 6, 3), (5, 2, 1, 6, 2), (5, 3, 1, 3, 6), (5, 2, 1, 2, 6)]


-- 2025-12-15 15:28:46 --写入特征标:(2, 1, 5, 2, 2)
[(5, 1, 2, 2, 2), (5, 1, 3, 3, 2), (5, 1, 3, 2, 3), (2, 5, 1, 2, 2), (3, 5, 1, 3, 2), (3, 5, 1, 2, 3), (2, 1, 5, 2, 2), (3, 1, 5, 3, 2), (3, 1, 5, 2, 3), (5, 2, 1, 2, 2), (5, 3, 1, 3, 2), (5, 3, 1, 2, 3)]


-- 2025-12-15 15:30:05 --写入特征标:(2, 2, 5, 4, 2)
[(3, 2, 5, 4, 3), (2, 3, 5, 4, 3), (2, 2, 5, 4, 2), (3, 2, 5, 3, 4), (2, 3, 5, 3, 4), (2, 2, 5, 2, 4), (5, 3, 2, 4, 3), (5, 2, 3, 4, 3), (5, 2, 2, 4, 2), (5, 3, 2, 3, 4), (5, 2, 3, 3, 4), (5, 2, 2, 2, 4), (3, 5, 2, 4, 3), (2, 5, 3, 4, 3), (2, 5, 2, 4, 2), (3, 5, 2, 3, 4), (2, 5, 3, 3, 4), (2, 5, 2, 2, 4)]


-- 2025-12-15 15:33:46 --写入特征标:(2, 3, 5, 4, 2)
[(2, 3, 5, 4, 2), (3, 2, 5, 4, 2), (3, 3, 5, 4, 3), (2, 3, 5, 2, 4), (3, 2, 5, 2, 4), (3, 3, 5, 3, 4), (5, 2, 3, 4, 2), (5, 3, 2, 4, 2), (5, 3, 3, 4, 3), (5, 2, 3, 2, 4), (5, 3, 2, 2, 4), (5, 3, 3, 3, 4), (2, 5, 3, 4, 2), (3, 5, 2, 4, 2), (3, 5, 3, 4, 3), (2, 5, 3, 2, 4), (3, 5, 2, 2, 4), (3, 5, 3, 3, 4)]


-- 2025-12-15 15:47:57 --写入特征标:(3, 1, 2, 3, 4)
[(3, 1, 2, 3, 4), (4, 1, 2, 4, 4), (5, 1, 2, 4, 5), (3, 2, 1, 3, 4), (4, 2, 1, 4, 4), (5, 2, 1, 4, 5)]


-- 2025-12-15 15:59:50 --写入特征标:(3, 1, 2, 3, 3)
[(3, 1, 2, 3, 3), (4, 1, 2, 4, 3), (4, 1, 2, 3, 4), (3, 2, 1, 3, 3), (4, 2, 1, 4, 3), (4, 2, 1, 3, 4)]


-- 2025-12-15 16:00:07 --写入特征标:(1, 2, 1, 4, 1)
[(3, 2, 1, 4, 3), (3, 1, 2, 4, 3), (2, 2, 1, 4, 2), (2, 1, 2, 4, 2), (2, 1, 1, 4, 1), (3, 2, 1, 3, 4), (3, 1, 2, 3, 4), (2, 2, 1, 2, 4), (2, 1, 2, 2, 4), (2, 1, 1, 1, 4), (2, 3, 1, 4, 3), (1, 3, 2, 4, 3), (2, 2, 1, 4, 2), (1, 2, 2, 4, 2), (1, 2, 1, 4, 1), (2, 3, 1, 3, 4), (1, 3, 2, 3, 4), (2, 2, 1, 2, 4), (1, 2, 2, 2, 4), (1, 2, 1, 1, 4)]


-- 2025-12-15 16:02:39 --写入特征标:(1, 2, 1, 0, 1)
[(3, 2, 1, 0, 3), (3, 1, 2, 0, 3), (2, 2, 1, 0, 2), (2, 1, 2, 0, 2), (2, 1, 1, 0, 1), (2, 3, 1, 0, 3), (1, 3, 2, 0, 3), (2, 2, 1, 0, 2), (1, 2, 2, 0, 2), (1, 2, 1, 0, 1)]


-- 2025-12-15 16:06:28 --写入特征标:(1, 2, 1, 3, 1)
[(3, 2, 1, 3, 3), (3, 1, 2, 3, 3), (2, 2, 1, 2, 3), (2, 2, 1, 3, 2), (2, 1, 2, 2, 3), (2, 1, 2, 3, 2), (2, 1, 1, 1, 3), (2, 1, 1, 3, 1), (2, 3, 1, 3, 3), (1, 3, 2, 3, 3), (2, 2, 1, 2, 3), (2, 2, 1, 3, 2), (1, 2, 2, 2, 3), (1, 2, 2, 3, 2), (1, 2, 1, 1, 3), (1, 2, 1, 3, 1)]


-- 2025-12-15 16:14:25 --写入特征标:(1, 4, 1, 1, 2)
[(4, 1, 1, 1, 2), (4, 2, 1, 2, 2), (4, 1, 2, 2, 2), (4, 3, 1, 2, 3), (4, 1, 3, 2, 3), (1, 4, 1, 1, 2), (2, 4, 1, 2, 2), (1, 4, 2, 2, 2), (3, 4, 1, 2, 3), (1, 4, 3, 2, 3)]


-- 2025-12-15 16:24:23 --写入特征标:(4, 3, 2, 4, 6)
[(4, 3, 2, 4, 6), (5, 3, 2, 5, 6)]


-- 2025-12-15 16:25:01 --写入特征标:(4, 3, 2, 4, 0)
[(4, 3, 2, 4, 0), (5, 3, 2, 5, 0), (4, 3, 2, 0, 4), (5, 3, 2, 0, 5)]


-- 2025-12-15 16:27:14 --写入特征标:(4, 1, 2, 4, 5)
[(4, 1, 2, 4, 5), (5, 1, 2, 5, 5), (6, 1, 2, 5, 6), (4, 2, 1, 4, 5), (5, 2, 1, 5, 5), (6, 2, 1, 5, 6)]


-- 2025-12-15 16:31:20 --写入特征标:(4, 4, 2, 4, 6)
[(5, 4, 2, 5, 6), (4, 5, 2, 5, 6), (4, 4, 2, 4, 6)]


-- 2025-12-15 16:33:00 --写入特征标:(4, 4, 2, 4, 5)
[(4, 4, 2, 4, 5), (5, 4, 2, 5, 5), (4, 5, 2, 5, 5), (6, 4, 2, 5, 6), (4, 6, 2, 5, 6)]


-- 2025-12-15 16:38:40 --写入特征标:(4, 2, 4, 4, 6)
[(5, 4, 2, 5, 6), (4, 5, 2, 5, 6), (4, 4, 2, 4, 6), (5, 2, 4, 5, 6), (4, 2, 5, 5, 6), (4, 2, 4, 4, 6)]


-- 2025-12-15 16:40:53 --写入特征标:(4, 2, 4, 4, 5)
[(4, 4, 2, 4, 5), (5, 4, 2, 5, 5), (4, 5, 2, 5, 5), (6, 4, 2, 5, 6), (4, 6, 2, 5, 6), (4, 2, 4, 4, 5), (5, 2, 4, 5, 5), (4, 2, 5, 5, 5), (6, 2, 4, 5, 6), (4, 2, 6, 5, 6)]


-- 2025-12-15 16:49:54 --写入特征标:(2, 2, 2, 2, 5)
[(3, 2, 2, 3, 5), (2, 3, 2, 3, 5), (2, 2, 3, 3, 5), (2, 2, 2, 2, 5)]


-- 2025-12-15 16:52:17 --写入特征标:(2, 4, 1, 2, 5)
[(2, 4, 1, 2, 5), (3, 4, 1, 3, 5), (4, 2, 1, 2, 5), (4, 3, 1, 3, 5)]


-- 2025-12-15 16:53:12 --写入特征标:(2, 4, 1, 2, 0)
[(2, 4, 1, 2, 0), (3, 4, 1, 3, 0), (2, 4, 1, 0, 2), (3, 4, 1, 0, 3), (4, 2, 1, 2, 0), (4, 3, 1, 3, 0), (4, 2, 1, 0, 2), (4, 3, 1, 0, 3)]


-- 2025-12-15 16:53:58 --写入特征标:(2, 5, 1, 2, 3)
[(2, 5, 1, 2, 3), (3, 5, 1, 3, 3), (4, 5, 1, 3, 4), (5, 2, 1, 2, 3), (5, 3, 1, 3, 3), (5, 4, 1, 3, 4)]


-- 2025-12-15 16:56:31 --写入特征标:(2, 4, 1, 2, 3)
[(4, 4, 1, 3, 4), (3, 4, 1, 3, 3), (4, 3, 1, 3, 3), (2, 4, 1, 2, 3), (4, 2, 1, 2, 3)]


-- 2025-12-15 17:02:59 --写入特征标:(2, 5, 2, 2, 4)
[(5, 3, 2, 3, 4), (5, 2, 3, 3, 4), (5, 2, 2, 2, 4), (3, 5, 2, 3, 4), (2, 5, 3, 3, 4), (2, 5, 2, 2, 4)]


-- 2025-12-15 17:05:02 --写入特征标:(2, 5, 2, 2, 3)
[(5, 2, 2, 2, 3), (5, 3, 2, 3, 3), (5, 2, 3, 3, 3), (5, 4, 2, 3, 4), (5, 2, 4, 3, 4), (2, 5, 2, 2, 3), (3, 5, 2, 3, 3), (2, 5, 3, 3, 3), (4, 5, 2, 3, 4), (2, 5, 4, 3, 4)]


-- 2025-12-15 17:08:20 --写入特征标:(2, 4, 2, 3, 4)
[(5, 2, 2, 3, 5), (4, 2, 2, 3, 4), (2, 5, 2, 3, 5), (2, 4, 2, 3, 4)]


-- 2025-12-15 17:09:26 --写入特征标:(2, 4, 2, 2, 4)
[(4, 2, 2, 2, 4), (5, 2, 2, 2, 5), (4, 3, 2, 3, 4), (4, 2, 3, 3, 4), (5, 3, 2, 3, 5), (5, 2, 3, 3, 5), (2, 4, 2, 2, 4), (2, 5, 2, 2, 5), (3, 4, 2, 3, 4), (2, 4, 3, 3, 4), (3, 5, 2, 3, 5), (2, 5, 3, 3, 5)]


-- 2025-12-15 17:10:22 --写入特征标:(4, 4, 2, 3, 4)
[(5, 4, 2, 3, 5), (4, 5, 2, 3, 5), (4, 4, 2, 3, 4)]


-- 2025-12-15 17:20:01 --写入特征标:(2, 3, 2, 3, 5)
[(4, 2, 2, 4, 5), (3, 2, 2, 3, 5), (2, 4, 2, 4, 5), (2, 3, 2, 3, 5)]


-- 2025-12-15 17:22:28 --写入特征标:(2, 3, 2, 2, 4)
[(4, 3, 2, 4, 4), (4, 2, 3, 4, 4), (5, 3, 2, 4, 5), (5, 2, 3, 4, 5), (3, 2, 2, 2, 4), (3, 3, 2, 3, 4), (3, 2, 3, 3, 4), (3, 4, 2, 4, 4), (2, 4, 3, 4, 4), (3, 5, 2, 4, 5), (2, 5, 3, 4, 5), (2, 3, 2, 2, 4), (3, 3, 2, 3, 4), (2, 3, 3, 3, 4)]


-- 2025-12-15 17:28:46 --写入特征标:(2, 3, 2, 2, 5)
[(4, 3, 2, 4, 5), (4, 2, 3, 4, 5), (3, 3, 2, 3, 5), (3, 2, 3, 3, 5), (3, 2, 2, 2, 5), (3, 4, 2, 4, 5), (2, 4, 3, 4, 5), (3, 3, 2, 3, 5), (2, 3, 3, 3, 5), (2, 3, 2, 2, 5)]


-- 2025-12-15 17:28:57 --写入特征标:(2, 3, 2, 2, 0)
[(4, 3, 2, 4, 0), (4, 2, 3, 4, 0), (3, 3, 2, 3, 0), (3, 2, 3, 3, 0), (3, 2, 2, 2, 0), (4, 3, 2, 0, 4), (4, 2, 3, 0, 4), (3, 3, 2, 0, 3), (3, 2, 3, 0, 3), (3, 2, 2, 0, 2), (3, 4, 2, 4, 0), (2, 4, 3, 4, 0), (3, 3, 2, 3, 0), (2, 3, 3, 3, 0), (2, 3, 2, 2, 0), (3, 4, 2, 0, 4), (2, 4, 3, 0, 4), (3, 3, 2, 0, 3), (2, 3, 3, 0, 3), (2, 3, 2, 0, 2)]


-- 2025-12-15 17:38:36 --写入特征标:(2, 1, 4, 2, 5)
[(4, 1, 2, 2, 5), (4, 1, 3, 3, 5), (2, 4, 1, 2, 5), (3, 4, 1, 3, 5), (2, 1, 4, 2, 5), (3, 1, 4, 3, 5), (4, 2, 1, 2, 5), (4, 3, 1, 3, 5)]


-- 2025-12-15 17:38:51 --写入特征标:(2, 1, 3, 2, 5)
[(2, 3, 1, 2, 5), (3, 2, 1, 2, 5), (3, 3, 1, 3, 5), (2, 1, 3, 2, 5), (3, 1, 2, 2, 5), (3, 1, 3, 3, 5)]


-- 2025-12-15 17:39:41 --写入特征标:(2, 1, 3, 2, 0)
[(2, 3, 1, 2, 0), (3, 2, 1, 2, 0), (3, 3, 1, 3, 0), (2, 3, 1, 0, 2), (3, 2, 1, 0, 2), (3, 3, 1, 0, 3), (2, 1, 3, 2, 0), (3, 1, 2, 2, 0), (3, 1, 3, 3, 0), (2, 1, 3, 0, 2), (3, 1, 2, 0, 2), (3, 1, 3, 0, 3)]


-- 2025-12-15 20:05:36 --写入特征标:(2, 2, 5, 2, 4)
[(3, 2, 5, 3, 4), (2, 3, 5, 3, 4), (2, 2, 5, 2, 4), (5, 3, 2, 3, 4), (5, 2, 3, 3, 4), (5, 2, 2, 2, 4), (3, 5, 2, 3, 4), (2, 5, 3, 3, 4), (2, 5, 2, 2, 4)]


-- 2025-12-15 20:08:12 --写入特征标:(2, 2, 3, 2, 4)
[(2, 3, 3, 3, 4), (3, 2, 3, 3, 4), (3, 3, 2, 3, 4), (2, 2, 3, 2, 4), (2, 3, 2, 2, 4), (3, 2, 2, 2, 4)]


-- 2025-12-15 20:09:38 --写入特征标:(2, 2, 5, 2, 3)
[(2, 2, 5, 2, 3), (3, 2, 5, 3, 3), (2, 3, 5, 3, 3), (4, 2, 5, 3, 4), (2, 4, 5, 3, 4), (5, 2, 2, 2, 3), (5, 3, 2, 3, 3), (5, 2, 3, 3, 3), (5, 4, 2, 3, 4), (5, 2, 4, 3, 4), (2, 5, 2, 2, 3), (3, 5, 2, 3, 3), (2, 5, 3, 3, 3), (4, 5, 2, 3, 4), (2, 5, 4, 3, 4)]


-- 2025-12-15 20:12:22 --写入特征标:(2, 2, 4, 3, 4)
[(2, 2, 5, 3, 5), (2, 2, 4, 3, 4), (5, 2, 2, 3, 5), (4, 2, 2, 3, 4), (2, 5, 2, 3, 5), (2, 4, 2, 3, 4)]


-- 2025-12-15 20:13:49 --写入特征标:(2, 2, 4, 2, 4)
[(2, 2, 4, 2, 4), (2, 2, 5, 2, 5), (3, 2, 4, 3, 4), (2, 3, 4, 3, 4), (3, 2, 5, 3, 5), (2, 3, 5, 3, 5), (4, 2, 2, 2, 4), (5, 2, 2, 2, 5), (4, 3, 2, 3, 4), (4, 2, 3, 3, 4), (5, 3, 2, 3, 5), (5, 2, 3, 3, 5), (2, 4, 2, 2, 4), (2, 5, 2, 2, 5), (3, 4, 2, 3, 4), (2, 4, 3, 3, 4), (3, 5, 2, 3, 5), (2, 5, 3, 3, 5)]


-- 2025-12-15 20:14:55 --写入特征标:(3, 3, 4, 2, 3)
[(3, 4, 4, 2, 4), (4, 3, 4, 2, 4), (4, 4, 3, 2, 4), (3, 3, 4, 2, 3), (3, 4, 3, 2, 3), (4, 3, 3, 2, 3)]


-- 2025-12-15 20:15:07 --写入特征标:(2, 2, 4, 2, 3)
[(2, 4, 4, 3, 4), (4, 2, 4, 3, 4), (4, 4, 2, 3, 4), (2, 3, 4, 3, 3), (3, 2, 4, 3, 3), (2, 2, 4, 2, 3), (2, 4, 3, 3, 3), (3, 4, 2, 3, 3), (2, 4, 2, 2, 3), (4, 2, 3, 3, 3), (4, 3, 2, 3, 3), (4, 2, 2, 2, 3)]


-- 2025-12-15 20:27:59 --写入特征标:(2, 4, 5, 2, 0)
[(2, 4, 5, 2, 0), (3, 4, 5, 3, 0), (2, 4, 5, 0, 2), (3, 4, 5, 0, 3), (5, 2, 4, 2, 0), (5, 3, 4, 3, 0), (5, 2, 4, 0, 2), (5, 3, 4, 0, 3), (4, 5, 2, 2, 0), (4, 5, 3, 3, 0), (4, 5, 2, 0, 2), (4, 5, 3, 0, 3), (4, 2, 5, 2, 0), (4, 3, 5, 3, 0), (4, 2, 5, 0, 2), (4, 3, 5, 0, 3), (2, 5, 4, 2, 0), (3, 5, 4, 3, 0), (2, 5, 4, 0, 2), (3, 5, 4, 0, 3), (5, 4, 2, 2, 0), (5, 4, 3, 3, 0), (5, 4, 2, 0, 2), (5, 4, 3, 0, 3)]


-- 2025-12-15 20:30:26 --写入特征标:(2, 4, 5, 2, 6)
[(2, 4, 5, 2, 6), (3, 4, 5, 3, 6), (5, 2, 4, 2, 6), (5, 3, 4, 3, 6), (4, 5, 2, 2, 6), (4, 5, 3, 3, 6), (4, 2, 5, 2, 6), (4, 3, 5, 3, 6), (2, 5, 4, 2, 6), (3, 5, 4, 3, 6), (5, 4, 2, 2, 6), (5, 4, 3, 3, 6)]


-- 2025-12-15 20:31:36 --写入特征标:(2, 4, 5, 2, 3)
[(4, 4, 5, 3, 4), (3, 4, 5, 3, 3), (4, 3, 5, 3, 3), (2, 4, 5, 2, 3), (4, 2, 5, 2, 3), (5, 4, 4, 3, 4), (5, 3, 4, 3, 3), (5, 4, 3, 3, 3), (5, 2, 4, 2, 3), (5, 4, 2, 2, 3), (4, 5, 4, 3, 4), (3, 5, 4, 3, 3), (4, 5, 3, 3, 3), (2, 5, 4, 2, 3), (4, 5, 2, 2, 3)]


-- 2025-12-15 20:33:02 --写入特征标:(2, 4, 4, 2, 3)
[(4, 4, 4, 3, 4), (3, 4, 4, 3, 3), (4, 3, 4, 3, 3), (4, 4, 3, 3, 3), (2, 4, 4, 2, 3), (4, 2, 4, 2, 3), (4, 4, 2, 2, 3)]


-- 2025-12-15 20:34:17 --写入特征标:(2, 3, 5, 2, 4)
[(2, 3, 5, 2, 4), (3, 2, 5, 2, 4), (3, 3, 5, 3, 4), (5, 2, 3, 2, 4), (5, 3, 2, 2, 4), (5, 3, 3, 3, 4), (2, 5, 3, 2, 4), (3, 5, 2, 2, 4), (3, 5, 3, 3, 4)]


-- 2025-12-15 20:35:21 --写入特征标:(2, 3, 5, 2, 2)
[(2, 3, 5, 2, 2), (3, 2, 5, 2, 2), (3, 3, 5, 3, 2), (3, 3, 5, 2, 3), (5, 2, 3, 2, 2), (5, 3, 2, 2, 2), (5, 3, 3, 3, 2), (5, 3, 3, 2, 3), (2, 5, 3, 2, 2), (3, 5, 2, 2, 2), (3, 5, 3, 3, 2), (3, 5, 3, 2, 3)]


-- 2025-12-15 21:05:24 --写入特征标:(3, 1, 5, 4, 1)
[(5, 1, 3, 4, 1), (5, 2, 3, 4, 2), (5, 1, 3, 1, 4), (5, 2, 3, 2, 4), (3, 5, 1, 4, 1), (3, 5, 2, 4, 2), (3, 5, 1, 1, 4), (3, 5, 2, 2, 4), (3, 1, 5, 4, 1), (3, 2, 5, 4, 2), (3, 1, 5, 1, 4), (3, 2, 5, 2, 4), (5, 3, 1, 4, 1), (5, 3, 2, 4, 2), (5, 3, 1, 1, 4), (5, 3, 2, 2, 4)]


-- 2025-12-15 21:17:16 --写入特征标:(0, 1, 5, 4, 1)
[(0, 1, 5, 4, 1), (0, 2, 5, 4, 2), (0, 1, 5, 1, 4), (0, 2, 5, 2, 4), (5, 0, 1, 4, 1), (5, 0, 2, 4, 2), (5, 0, 1, 1, 4), (5, 0, 2, 2, 4), (1, 5, 0, 4, 1), (2, 5, 0, 4, 2), (1, 5, 0, 1, 4), (2, 5, 0, 2, 4), (1, 0, 5, 4, 1), (2, 0, 5, 4, 2), (1, 0, 5, 1, 4), (2, 0, 5, 2, 4), (0, 5, 1, 4, 1), (0, 5, 2, 4, 2), (0, 5, 1, 1, 4), (0, 5, 2, 2, 4), (5, 1, 0, 4, 1), (5, 2, 0, 4, 2), (5, 1, 0, 1, 4), (5, 2, 0, 2, 4)]


-- 2025-12-15 21:22:57 --写入特征标:(0, 1, 1, 3, 1)
[(0, 1, 2, 3, 2), (0, 2, 1, 3, 2), (0, 1, 1, 3, 1), (0, 1, 2, 2, 3), (0, 2, 1, 2, 3), (0, 1, 1, 1, 3), (1, 2, 0, 3, 2), (2, 1, 0, 3, 2), (1, 1, 0, 3, 1), (1, 2, 0, 2, 3), (2, 1, 0, 2, 3), (1, 1, 0, 1, 3), (1, 0, 2, 3, 2), (2, 0, 1, 3, 2), (1, 0, 1, 3, 1), (1, 0, 2, 2, 3), (2, 0, 1, 2, 3), (1, 0, 1, 1, 3)]


-- 2025-12-15 21:23:18 --写入特征标:(4, 1, 1, 3, 1)
[(4, 1, 2, 3, 2), (4, 2, 1, 3, 2), (4, 1, 1, 3, 1), (4, 1, 2, 2, 3), (4, 2, 1, 2, 3), (4, 1, 1, 1, 3)]


-- 2025-12-15 21:23:29 --写入特征标:(3, 1, 1, 4, 1)
[(3, 1, 2, 4, 2), (3, 2, 1, 4, 2), (3, 1, 1, 4, 1), (3, 1, 2, 2, 4), (3, 2, 1, 2, 4), (3, 1, 1, 1, 4)]


-- 2025-12-15 21:29:25 --写入特征标:(4, 1, 1, 2, 1)
[(4, 2, 1, 2, 2), (4, 1, 2, 2, 2), (4, 1, 1, 1, 2), (4, 1, 1, 2, 1)]


-- 2025-12-15 21:32:47 --写入特征标:(4, 1, 3, 1, 1)
[(4, 1, 3, 1, 1), (4, 2, 3, 2, 1), (4, 2, 3, 1, 2), (4, 3, 1, 1, 1), (4, 3, 2, 2, 1), (4, 3, 2, 1, 2)]


-- 2025-12-15 21:51:31 --写入特征标:(4, 1, 0, 1, 1)
[(4, 1, 0, 1, 1), (4, 2, 0, 2, 1), (4, 2, 0, 1, 2)]


-- 2025-12-15 21:51:56 --写入特征标:(2, 1, 0, 4, 1)
[(2, 1, 0, 4, 1), (2, 2, 0, 4, 2), (3, 2, 0, 4, 3), (2, 1, 0, 1, 4), (2, 2, 0, 2, 4), (3, 2, 0, 3, 4)]


-- 2025-12-15 21:58:36 --写入特征标:(3, 2, 4, 3, 1)
[(3, 4, 2, 3, 1), (4, 3, 2, 3, 1), (4, 4, 2, 4, 1), (3, 4, 2, 1, 3), (4, 3, 2, 1, 3), (4, 4, 2, 1, 4), (3, 2, 4, 3, 1), (4, 2, 3, 3, 1), (4, 2, 4, 4, 1), (3, 2, 4, 1, 3), (4, 2, 3, 1, 3), (4, 2, 4, 1, 4)]


-- 2025-12-15 22:11:46 --写入特征标:(2, 1, 5, 3, 1)
[(5, 2, 3, 3, 3), (5, 2, 2, 2, 3), (5, 2, 2, 3, 2), (5, 1, 2, 1, 3), (5, 1, 2, 3, 1), (3, 5, 2, 3, 3), (2, 5, 2, 2, 3), (2, 5, 2, 3, 2), (2, 5, 1, 1, 3), (2, 5, 1, 3, 1), (3, 2, 5, 3, 3), (2, 2, 5, 2, 3), (2, 2, 5, 3, 2), (2, 1, 5, 1, 3), (2, 1, 5, 3, 1), (5, 3, 2, 3, 3), (5, 2, 2, 2, 3), (5, 2, 2, 3, 2), (5, 2, 1, 1, 3), (5, 2, 1, 3, 1)]


-- 2025-12-15 22:12:09 --写入特征标:(2, 1, 4, 3, 1)
[(4, 2, 3, 3, 3), (4, 2, 2, 2, 3), (4, 2, 2, 3, 2), (4, 1, 2, 1, 3), (4, 1, 2, 3, 1), (3, 4, 2, 3, 3), (2, 4, 2, 2, 3), (2, 4, 2, 3, 2), (2, 4, 1, 1, 3), (2, 4, 1, 3, 1), (3, 2, 4, 3, 3), (2, 2, 4, 2, 3), (2, 2, 4, 3, 2), (2, 1, 4, 1, 3), (2, 1, 4, 3, 1), (4, 3, 2, 3, 3), (4, 2, 2, 2, 3), (4, 2, 2, 3, 2), (4, 2, 1, 1, 3), (4, 2, 1, 3, 1)]


-- 2025-12-15 22:14:49 --写入特征标:(2, 1, 0, 3, 1)
[(3, 2, 0, 3, 3), (2, 2, 0, 2, 3), (2, 2, 0, 3, 2), (2, 1, 0, 1, 3), (2, 1, 0, 3, 1)]


-- 2025-12-15 22:17:23 --写入特征标:(2, 1, 2, 3, 2)
[(3, 2, 1, 3, 3), (2, 3, 1, 3, 3), (2, 2, 1, 2, 3), (2, 2, 1, 3, 2), (3, 1, 2, 3, 3), (2, 1, 3, 3, 3), (2, 1, 2, 2, 3), (2, 1, 2, 3, 2)]


-- 2025-12-15 22:25:06 --写入特征标:(2, 1, 2, 3, 1)
[(3, 2, 2, 3, 3), (2, 2, 2, 2, 3), (2, 2, 2, 3, 2), (2, 2, 1, 1, 3), (2, 1, 2, 1, 3), (2, 2, 1, 3, 1), (2, 1, 2, 3, 1)]


-- 2025-12-15 22:44:25 --写入特征标:(2, 1, 1, 4, 1)
[(3, 2, 1, 4, 3), (3, 1, 2, 4, 3), (2, 2, 1, 4, 2), (2, 1, 2, 4, 2), (2, 1, 1, 4, 1), (3, 2, 1, 3, 4), (3, 1, 2, 3, 4), (2, 2, 1, 2, 4), (2, 1, 2, 2, 4), (2, 1, 1, 1, 4)]


-- 2025-12-15 22:44:39 --写入特征标:(2, 1, 1, 3, 1)
[(3, 2, 1, 3, 3), (3, 1, 2, 3, 3), (2, 2, 1, 2, 3), (2, 2, 1, 3, 2), (2, 1, 2, 2, 3), (2, 1, 2, 3, 2), (2, 1, 1, 1, 3), (2, 1, 1, 3, 1)]


-- 2025-12-15 22:46:04 --写入特征标:(2, 1, 1, 0, 1)
[(3, 2, 1, 0, 3), (3, 1, 2, 0, 3), (2, 2, 1, 0, 2), (2, 1, 2, 0, 2), (2, 1, 1, 0, 1)]


-- 2025-12-15 22:48:57 --写入特征标:(2, 1, 5, 1, 1)
[(5, 1, 2, 1, 1), (5, 2, 2, 2, 1), (5, 2, 2, 1, 2), (5, 2, 3, 3, 1), (5, 2, 3, 1, 3), (2, 5, 1, 1, 1), (2, 5, 2, 2, 1), (2, 5, 2, 1, 2), (3, 5, 2, 3, 1), (3, 5, 2, 1, 3), (2, 1, 5, 1, 1), (2, 2, 5, 2, 1), (2, 2, 5, 1, 2), (3, 2, 5, 3, 1), (3, 2, 5, 1, 3), (5, 2, 1, 1, 1), (5, 2, 2, 2, 1), (5, 2, 2, 1, 2), (5, 3, 2, 3, 1), (5, 3, 2, 1, 3)]


-- 2025-12-15 22:49:42 --写入特征标:(2, 1, 2, 1, 1)
[(2, 1, 2, 1, 1), (2, 2, 1, 1, 1), (2, 2, 2, 2, 1), (2, 2, 2, 1, 2), (3, 2, 2, 3, 1), (3, 2, 2, 1, 3)]


-- 2025-12-15 22:50:14 --写入特征标:(2, 1, 0, 1, 1)
[(2, 1, 0, 1, 1), (2, 2, 0, 2, 1), (2, 2, 0, 1, 2), (3, 2, 0, 3, 1), (3, 2, 0, 1, 3)]


-- 2025-12-15 22:50:53 --写入特征标:(2, 1, 4, 1, 1)
[(4, 1, 2, 1, 1), (4, 2, 2, 2, 1), (4, 2, 2, 1, 2), (4, 2, 3, 3, 1), (4, 2, 3, 1, 3), (2, 4, 1, 1, 1), (2, 4, 2, 2, 1), (2, 4, 2, 1, 2), (3, 4, 2, 3, 1), (3, 4, 2, 1, 3), (2, 1, 4, 1, 1), (2, 2, 4, 2, 1), (2, 2, 4, 1, 2), (3, 2, 4, 3, 1), (3, 2, 4, 1, 3), (4, 2, 1, 1, 1), (4, 2, 2, 2, 1), (4, 2, 2, 1, 2), (4, 3, 2, 3, 1), (4, 3, 2, 1, 3)]


-- 2025-12-15 23:37:19 --写入特征标:(3, 1, 0, 1, 4)
[(3, 2, 0, 2, 4), (3, 1, 0, 1, 4)]


-- 2025-12-15 23:37:36 --写入特征标:(3, 1, 0, 1, -4)
[(3, 2, 0, 2, -4), (3, 1, 0, 1, -4), (3, 2, 0, -4, 2), (3, 1, 0, -4, 1)]


-- 2025-12-15 23:39:18 --写入特征标:(3, 1, 2, 1, -4)
[(3, 1, 2, 1, -4), (3, 2, 1, 1, -4), (3, 2, 2, 2, -4), (3, 1, 2, -4, 1), (3, 2, 1, -4, 1), (3, 2, 2, -4, 2)]


-- 2025-12-15 23:44:25 --写入特征标:(3, 1, 1, 1, 4)
[(3, 2, 1, 2, 4), (3, 1, 2, 2, 4), (3, 1, 1, 1, 4)]


-- 2025-12-15 23:44:48 --写入特征标:(3, 1, 1, 1, -4)
[(3, 2, 1, 2, -4), (3, 1, 2, 2, -4), (3, 1, 1, 1, -4), (3, 2, 1, -4, 2), (3, 1, 2, -4, 2), (3, 1, 1, -4, 1)]


-- 2025-12-15 23:44:57 --写入特征标:(-3, 1, 1, 1, -4)
[(-3, 2, 1, 2, -4), (-3, 1, 2, 2, -4), (-3, 1, 1, 1, -4), (-3, 2, 1, -4, 2), (-3, 1, 2, -4, 2), (-3, 1, 1, -4, 1), (2, 1, -3, 2, -4), (1, 2, -3, 2, -4), (1, 1, -3, 1, -4), (2, 1, -3, -4, 2), (1, 2, -3, -4, 2), (1, 1, -3, -4, 1), (2, -3, 1, 2, -4), (1, -3, 2, 2, -4), (1, -3, 1, 1, -4), (2, -3, 1, -4, 2), (1, -3, 2, -4, 2), (1, -3, 1, -4, 1)]


-- 2025-12-15 23:48:46 --写入特征标:(4, 1, 3, 1, 2)
[(4, 3, 3, 2, 3), (4, 2, 3, 2, 2), (4, 3, 2, 2, 2), (4, 1, 3, 1, 2), (4, 3, 1, 1, 2)]


-- 2025-12-15 23:49:30 --写入特征标:(-4, 1, 3, 1, 2)
[(-4, 3, 3, 2, 3), (-4, 2, 3, 2, 2), (-4, 3, 2, 2, 2), (-4, 1, 3, 1, 2), (-4, 3, 1, 1, 2), (3, 3, -4, 2, 3), (2, 3, -4, 2, 2), (3, 2, -4, 2, 2), (1, 3, -4, 1, 2), (3, 1, -4, 1, 2), (3, -4, 3, 2, 3), (2, -4, 3, 2, 2), (3, -4, 2, 2, 2), (1, -4, 3, 1, 2), (3, -4, 1, 1, 2)]


-- 2025-12-15 23:51:31 --写入特征标:(-4, 1, -3, 1, 2)
[(3, -4, -3, 2, 3), (2, -4, -3, 2, 2), (1, -4, -3, 1, 2), (-3, 3, -4, 2, 3), (-3, 2, -4, 2, 2), (-3, 1, -4, 1, 2), (-4, 3, -3, 2, 3), (-4, 2, -3, 2, 2), (-4, 1, -3, 1, 2), (3, -3, -4, 2, 3), (2, -3, -4, 2, 2), (1, -3, -4, 1, 2)]


-- 2025-12-15 23:54:01 --写入特征标:(4, 1, 1, 1, 2)
[(4, 1, 1, 1, 2), (4, 2, 1, 2, 2), (4, 1, 2, 2, 2), (4, 3, 1, 2, 3), (4, 1, 3, 2, 3)]


-- 2025-12-16 13:35:11 --写入特征标:(4, 2, 5, 1, 2)
[(5, 2, 4, 1, 2), (5, 3, 4, 1, 3), (4, 5, 2, 1, 2), (4, 5, 3, 1, 3), (4, 2, 5, 1, 2), (4, 3, 5, 1, 3), (5, 4, 2, 1, 2), (5, 4, 3, 1, 3)]


-- 2025-12-16 13:36:06 --写入特征标:(5, 3, 3, 2, 3)
[(5, 4, 3, 2, 4), (5, 3, 4, 2, 4), (5, 3, 3, 2, 3)]


-- 2025-12-16 13:43:48 --写入特征标:(6, 3, 3, 2, 3)
[(6, 4, 3, 2, 4), (6, 3, 4, 2, 4), (6, 3, 3, 2, 3)]


-- 2025-12-16 13:44:39 --写入特征标:(4, 2, 6, 1, 2)
[(6, 2, 4, 1, 2), (6, 3, 4, 1, 3), (4, 6, 2, 1, 2), (4, 6, 3, 1, 3), (4, 2, 6, 1, 2), (4, 3, 6, 1, 3), (6, 4, 2, 1, 2), (6, 4, 3, 1, 3)]


-- 2025-12-16 13:44:55 --写入特征标:(3, 1, 6, 1, 2)
[(6, 2, 3, 2, 2), (6, 1, 3, 1, 2), (6, 3, 4, 2, 4), (6, 3, 3, 2, 3), (3, 6, 2, 2, 2), (3, 6, 1, 1, 2), (4, 6, 3, 2, 4), (3, 6, 3, 2, 3), (3, 2, 6, 2, 2), (3, 1, 6, 1, 2), (4, 3, 6, 2, 4), (3, 3, 6, 2, 3), (6, 3, 2, 2, 2), (6, 3, 1, 1, 2), (6, 4, 3, 2, 4), (6, 3, 3, 2, 3)]


-- 2025-12-16 13:46:50 --写入特征标:(4, 2, 4, 1, 2)
[(4, 4, 2, 1, 2), (4, 4, 3, 1, 3), (4, 2, 4, 1, 2), (4, 3, 4, 1, 3)]


-- 2025-12-16 13:47:09 --写入特征标:(3, 1, 4, 1, 2)
[(3, 4, 2, 2, 2), (4, 3, 2, 2, 2), (3, 4, 1, 1, 2), (4, 3, 1, 1, 2), (4, 4, 3, 2, 4), (3, 4, 3, 2, 3), (4, 3, 3, 2, 3), (3, 2, 4, 2, 2), (4, 2, 3, 2, 2), (3, 1, 4, 1, 2), (4, 1, 3, 1, 2), (4, 3, 4, 2, 4), (3, 3, 4, 2, 3), (4, 3, 3, 2, 3)]


-- 2025-12-16 13:53:59 --写入特征标:(4, 2, 0, 1, 2)
[(4, 2, 0, 1, 2), (4, 3, 0, 1, 3)]


-- 2025-12-16 13:54:13 --写入特征标:(4, 2, -2, 1, 2)
[(4, 2, -2, 1, 2), (4, 3, -2, 1, 3)]


-- 2025-12-16 13:55:06 --写入特征标:(3, 1, -2, 1, 2)
[(3, 2, -2, 2, 2), (3, 1, -2, 1, 2), (4, 3, -2, 2, 4), (3, 3, -2, 2, 3)]


-- 2025-12-16 13:59:19 --写入特征标:(3, 1, 1, 2, 3)
[(4, 1, 1, 2, 4), (3, 1, 1, 2, 3)]


-- 2025-12-16 13:59:30 --写入特征标:(3, 1, 1, 1, 2)
[(4, 3, 1, 2, 4), (4, 1, 3, 2, 4), (3, 1, 1, 1, 2), (3, 2, 1, 2, 2), (3, 1, 2, 2, 2), (3, 3, 1, 2, 3), (3, 1, 3, 2, 3)]


-- 2025-12-16 14:00:16 --写入特征标:(3, 1, 0, 2, 3)
[(4, 1, 0, 2, 4), (3, 1, 0, 2, 3)]


-- 2025-12-16 14:19:30 --写入特征标:(2, 1, 5, 1, 3)
[(5, 2, 2, 2, 3), (5, 1, 2, 1, 3), (5, 2, 3, 3, 3), (5, 2, 4, 3, 4), (2, 5, 2, 2, 3), (2, 5, 1, 1, 3), (3, 5, 2, 3, 3), (4, 5, 2, 3, 4), (2, 2, 5, 2, 3), (2, 1, 5, 1, 3), (3, 2, 5, 3, 3), (4, 2, 5, 3, 4), (5, 2, 2, 2, 3), (5, 2, 1, 1, 3), (5, 3, 2, 3, 3), (5, 4, 2, 3, 4)]


-- 2025-12-16 14:20:24 --写入特征标:(2, 1, 9, 2, 6)
[(9, 1, 3, 3, 6), (9, 1, 2, 2, 6), (3, 9, 1, 3, 6), (2, 9, 1, 2, 6), (3, 1, 9, 3, 6), (2, 1, 9, 2, 6), (9, 3, 1, 3, 6), (9, 2, 1, 2, 6)]


-- 2025-12-16 14:20:37 --写入特征标:(2, 1, 9, 1, 6)
[(9, 2, 3, 3, 6), (9, 2, 2, 2, 6), (9, 1, 2, 1, 6), (3, 9, 2, 3, 6), (2, 9, 2, 2, 6), (2, 9, 1, 1, 6), (3, 2, 9, 3, 6), (2, 2, 9, 2, 6), (2, 1, 9, 1, 6), (9, 3, 2, 3, 6), (9, 2, 2, 2, 6), (9, 2, 1, 1, 6)]


-- 2025-12-16 14:22:03 --写入特征标:(2, 1, 8, 2, 6)
[(8, 1, 3, 3, 6), (8, 1, 2, 2, 6), (3, 8, 1, 3, 6), (2, 8, 1, 2, 6), (3, 1, 8, 3, 6), (2, 1, 8, 2, 6), (8, 3, 1, 3, 6), (8, 2, 1, 2, 6)]


-- 2025-12-16 14:22:20 --写入特征标:(2, 1, 8, 1, 6)
[(8, 2, 3, 3, 6), (8, 2, 2, 2, 6), (8, 1, 2, 1, 6), (3, 8, 2, 3, 6), (2, 8, 2, 2, 6), (2, 8, 1, 1, 6), (3, 2, 8, 3, 6), (2, 2, 8, 2, 6), (2, 1, 8, 1, 6), (8, 3, 2, 3, 6), (8, 2, 2, 2, 6), (8, 2, 1, 1, 6)]


-- 2025-12-16 14:22:47 --写入特征标:(2, 1, 8, 2, 4)
[(8, 1, 3, 3, 4), (8, 1, 2, 2, 4), (3, 8, 1, 3, 4), (2, 8, 1, 2, 4), (3, 1, 8, 3, 4), (2, 1, 8, 2, 4), (8, 3, 1, 3, 4), (8, 2, 1, 2, 4)]


-- 2025-12-16 14:23:06 --写入特征标:(2, 1, 8, 1, 3)
[(8, 2, 3, 3, 3), (8, 2, 4, 3, 4), (8, 1, 2, 1, 3), (8, 2, 2, 2, 3), (3, 8, 2, 3, 3), (4, 8, 2, 3, 4), (2, 8, 1, 1, 3), (2, 8, 2, 2, 3), (3, 2, 8, 3, 3), (4, 2, 8, 3, 4), (2, 1, 8, 1, 3), (2, 2, 8, 2, 3), (8, 3, 2, 3, 3), (8, 4, 2, 3, 4), (8, 2, 1, 1, 3), (8, 2, 2, 2, 3)]


-- 2025-12-16 14:36:39 --写入特征标:(2, 1, 8, 1, 4)
[(8, 2, 3, 3, 4), (8, 2, 2, 2, 4), (8, 1, 2, 1, 4), (3, 8, 2, 3, 4), (2, 8, 2, 2, 4), (2, 8, 1, 1, 4), (3, 2, 8, 3, 4), (2, 2, 8, 2, 4), (2, 1, 8, 1, 4), (8, 3, 2, 3, 4), (8, 2, 2, 2, 4), (8, 2, 1, 1, 4)]


-- 2025-12-16 14:40:04 --写入特征标:(2, 1, 5, 1, 4)
[(5, 2, 3, 3, 4), (5, 2, 2, 2, 4), (5, 1, 2, 1, 4), (3, 5, 2, 3, 4), (2, 5, 2, 2, 4), (2, 5, 1, 1, 4), (3, 2, 5, 3, 4), (2, 2, 5, 2, 4), (2, 1, 5, 1, 4), (5, 3, 2, 3, 4), (5, 2, 2, 2, 4), (5, 2, 1, 1, 4)]


-- 2025-12-16 14:41:27 --写入特征标:(2, 1, 5, 2, 4)
[(5, 1, 3, 3, 4), (5, 1, 2, 2, 4), (3, 5, 1, 3, 4), (2, 5, 1, 2, 4), (3, 1, 5, 3, 4), (2, 1, 5, 2, 4), (5, 3, 1, 3, 4), (5, 2, 1, 2, 4)]


-- 2025-12-16 14:44:29 --写入特征标:(2, 1, 0, 2, 4)
[(3, 1, 0, 3, 4), (2, 1, 0, 2, 4)]


-- 2025-12-16 14:46:17 --写入特征标:(2, 1, 0, 1, 3)
[(3, 2, 0, 3, 3), (4, 2, 0, 3, 4), (2, 1, 0, 1, 3), (2, 2, 0, 2, 3)]


-- 2025-12-16 14:46:20 --写入特征标:(2, 1, 0, 1, 4)
[(3, 2, 0, 3, 4), (2, 2, 0, 2, 4), (2, 1, 0, 1, 4)]


-- 2025-12-16 15:25:54 --写入特征标:(2, 1, 6, 1, 4)
[(6, 2, 3, 3, 4), (6, 2, 2, 2, 4), (6, 1, 2, 1, 4), (3, 6, 2, 3, 4), (2, 6, 2, 2, 4), (2, 6, 1, 1, 4), (3, 2, 6, 3, 4), (2, 2, 6, 2, 4), (2, 1, 6, 1, 4), (6, 3, 2, 3, 4), (6, 2, 2, 2, 4), (6, 2, 1, 1, 4)]


-- 2025-12-16 15:41:42 --写入特征标:(2, 1, 4, 1, 5)
[(4, 2, 3, 3, 5), (4, 2, 2, 2, 5), (4, 1, 2, 1, 5), (3, 4, 2, 3, 5), (2, 4, 2, 2, 5), (2, 4, 1, 1, 5), (3, 2, 4, 3, 5), (2, 2, 4, 2, 5), (2, 1, 4, 1, 5), (4, 3, 2, 3, 5), (4, 2, 2, 2, 5), (4, 2, 1, 1, 5)]


-- 2025-12-16 15:46:30 --写入特征标:(2, 1, 3, 3, 5)
[(4, 1, 2, 4, 5), (3, 1, 2, 3, 5), (2, 4, 1, 4, 5), (2, 3, 1, 3, 5), (2, 1, 4, 4, 5), (2, 1, 3, 3, 5), (4, 2, 1, 4, 5), (3, 2, 1, 3, 5)]


-- 2025-12-16 15:46:53 --写入特征标:(2, 1, 3, 3, 9)
[(4, 1, 2, 4, 9), (3, 1, 2, 3, 9), (2, 4, 1, 4, 9), (2, 3, 1, 3, 9), (2, 1, 4, 4, 9), (2, 1, 3, 3, 9), (4, 2, 1, 4, 9), (3, 2, 1, 3, 9)]


-- 2025-12-16 15:50:06 --写入特征标:(2, 1, 3, 2, 9)
[(2, 3, 1, 2, 9), (3, 2, 1, 2, 9), (3, 3, 1, 3, 9), (2, 1, 3, 2, 9), (3, 1, 2, 2, 9), (3, 1, 3, 3, 9)]


-- 2025-12-16 15:50:27 --写入特征标:(2, 1, 3, 1, 5)
[(2, 3, 2, 2, 5), (2, 3, 1, 1, 5), (3, 2, 2, 2, 5), (3, 2, 1, 1, 5), (3, 3, 2, 3, 5), (2, 2, 3, 2, 5), (2, 1, 3, 1, 5), (3, 2, 2, 2, 5), (3, 1, 2, 1, 5), (3, 2, 3, 3, 5)]


-- 2025-12-16 15:50:58 --写入特征标:(2, 1, 3, 1, 9)
[(2, 3, 2, 2, 9), (2, 3, 1, 1, 9), (3, 2, 2, 2, 9), (3, 2, 1, 1, 9), (3, 3, 2, 3, 9), (2, 2, 3, 2, 9), (2, 1, 3, 1, 9), (3, 2, 2, 2, 9), (3, 1, 2, 1, 9), (3, 2, 3, 3, 9)]


-- 2025-12-16 15:53:21 --写入特征标:(2, 1, 3, 1, 4)
[(2, 3, 1, 1, 4), (3, 2, 1, 1, 4), (2, 3, 2, 2, 4), (3, 2, 2, 2, 4), (3, 3, 2, 3, 4), (2, 1, 3, 1, 4), (3, 1, 2, 1, 4), (2, 2, 3, 2, 4), (3, 2, 2, 2, 4), (3, 2, 3, 3, 4)]


-- 2025-12-16 15:54:52 --写入特征标:(2, 1, 5, 1, 6)
[(5, 1, 2, 1, 6), (5, 2, 2, 2, 6), (5, 2, 3, 3, 6), (2, 5, 1, 1, 6), (2, 5, 2, 2, 6), (3, 5, 2, 3, 6), (2, 1, 5, 1, 6), (2, 2, 5, 2, 6), (3, 2, 5, 3, 6), (5, 2, 1, 1, 6), (5, 2, 2, 2, 6), (5, 3, 2, 3, 6)]


-- 2025-12-16 15:55:42 --写入特征标:(2, 1, 2, 1, 6)
[(2, 1, 2, 1, 6), (2, 2, 1, 1, 6), (2, 2, 2, 2, 6), (3, 2, 2, 3, 6)]


-- 2025-12-16 15:56:18 --写入特征标:(2, 1, 3, 1, 6)
[(2, 3, 1, 1, 6), (3, 2, 1, 1, 6), (2, 3, 2, 2, 6), (3, 2, 2, 2, 6), (3, 3, 2, 3, 6), (2, 1, 3, 1, 6), (3, 1, 2, 1, 6), (2, 2, 3, 2, 6), (3, 2, 2, 2, 6), (3, 2, 3, 3, 6)]


-- 2025-12-16 15:58:28 --写入特征标:(2, 1, 2, 1, 4)
[(2, 1, 2, 1, 4), (2, 2, 1, 1, 4), (2, 2, 2, 2, 4), (3, 2, 2, 3, 4)]


-- 2025-12-16 16:11:29 --写入特征标:(3, 1, 9, 1, 3)
[(9, 2, 4, 2, 4), (9, 2, 3, 2, 3), (9, 1, 4, 1, 4), (9, 1, 3, 1, 3), (4, 9, 2, 2, 4), (3, 9, 2, 2, 3), (4, 9, 1, 1, 4), (3, 9, 1, 1, 3), (4, 2, 9, 2, 4), (3, 2, 9, 2, 3), (4, 1, 9, 1, 4), (3, 1, 9, 1, 3), (9, 4, 2, 2, 4), (9, 3, 2, 2, 3), (9, 4, 1, 1, 4), (9, 3, 1, 1, 3)]


-- 2025-12-16 16:11:56 --写入特征标:(2, 1, 4, 1, 3)
[(4, 4, 2, 3, 4), (2, 4, 2, 2, 3), (3, 4, 2, 3, 3), (4, 2, 2, 2, 3), (4, 3, 2, 3, 3), (2, 4, 1, 1, 3), (4, 2, 1, 1, 3), (4, 2, 4, 3, 4), (2, 2, 4, 2, 3), (3, 2, 4, 3, 3), (4, 2, 2, 2, 3), (4, 2, 3, 3, 3), (2, 1, 4, 1, 3), (4, 1, 2, 1, 3)]


-- 2025-12-16 16:50:40 --写入特征标:(2, 1, 9, 1, 3)
[(9, 2, 4, 3, 4), (9, 2, 2, 2, 3), (9, 2, 3, 3, 3), (9, 1, 2, 1, 3), (4, 9, 2, 3, 4), (2, 9, 2, 2, 3), (3, 9, 2, 3, 3), (2, 9, 1, 1, 3), (4, 2, 9, 3, 4), (2, 2, 9, 2, 3), (3, 2, 9, 3, 3), (2, 1, 9, 1, 3), (9, 4, 2, 3, 4), (9, 2, 2, 2, 3), (9, 3, 2, 3, 3), (9, 2, 1, 1, 3)]


-- 2025-12-16 16:59:50 --写入特征标:(3, 2, 2, 1, 3)
[(3, 2, 2, 1, 3), (4, 2, 2, 1, 4)]


-- 2025-12-16 17:04:40 --写入特征标:(2, 1, 1, 1, 3)
[(2, 2, 1, 2, 3), (2, 1, 2, 2, 3), (2, 1, 1, 1, 3), (3, 2, 1, 3, 3), (3, 1, 2, 3, 3), (4, 2, 1, 3, 4), (4, 1, 2, 3, 4)]


-- 2025-12-16 17:09:26 --写入特征标:(2, 1, -1, 2, 3)
[(2, 1, -1, 2, 3), (3, 1, -1, 3, 3), (4, 1, -1, 3, 4)]


-- 2025-12-16 17:09:40 --写入特征标:(2, 1, -1, 1, 3)
[(2, 2, -1, 2, 3), (2, 1, -1, 1, 3), (3, 2, -1, 3, 3), (4, 2, -1, 3, 4)]


-- 2025-12-16 17:16:43 --写入特征标:(2, 1, 1, 1, 4)
[(3, 2, 1, 3, 4), (3, 1, 2, 3, 4), (2, 2, 1, 2, 4), (2, 1, 2, 2, 4), (2, 1, 1, 1, 4)]


-- 2025-12-16 17:20:35 --写入特征标:(2, 1, -1, 1, 4)
[(3, 2, -1, 3, 4), (2, 2, -1, 2, 4), (2, 1, -1, 1, 4)]


-- 2025-12-16 17:24:52 --写入特征标:(3, 2, -2, 1, 3)
[(4, 2, -2, 1, 4), (3, 2, -2, 1, 3)]


-- 2025-12-16 17:25:23 --写入特征标:(2, 1, -2, 1, 3)
[(4, 2, -2, 3, 4), (2, 1, -2, 1, 3), (2, 2, -2, 2, 3), (3, 2, -2, 3, 3)]


-- 2025-12-16 23:06:39 --写入特征标:(2, 1, 3, 1, 0)
[(2, 3, 1, 1, 0), (3, 2, 1, 1, 0), (2, 3, 2, 2, 0), (3, 2, 2, 2, 0), (3, 3, 2, 3, 0), (2, 3, 1, 0, 1), (3, 2, 1, 0, 1), (2, 3, 2, 0, 2), (3, 2, 2, 0, 2), (3, 3, 2, 0, 3), (2, 1, 3, 1, 0), (3, 1, 2, 1, 0), (2, 2, 3, 2, 0), (3, 2, 2, 2, 0), (3, 2, 3, 3, 0), (2, 1, 3, 0, 1), (3, 1, 2, 0, 1), (2, 2, 3, 0, 2), (3, 2, 2, 0, 2), (3, 2, 3, 0, 3)]


-- 2025-12-16 23:07:07 --写入特征标:(2, 1, 2, 1, 0)
[(2, 1, 2, 1, 0), (2, 2, 1, 1, 0), (2, 2, 2, 2, 0), (3, 2, 2, 3, 0), (2, 1, 2, 0, 1), (2, 2, 1, 0, 1), (2, 2, 2, 0, 2), (3, 2, 2, 0, 3)]


-- 2025-12-16 23:07:28 --写入特征标:(2, 1, 4, 1, 0)
[(4, 1, 2, 1, 0), (4, 2, 2, 2, 0), (4, 2, 3, 3, 0), (4, 1, 2, 0, 1), (4, 2, 2, 0, 2), (4, 2, 3, 0, 3), (2, 4, 1, 1, 0), (2, 4, 2, 2, 0), (3, 4, 2, 3, 0), (2, 4, 1, 0, 1), (2, 4, 2, 0, 2), (3, 4, 2, 0, 3), (2, 1, 4, 1, 0), (2, 2, 4, 2, 0), (3, 2, 4, 3, 0), (2, 1, 4, 0, 1), (2, 2, 4, 0, 2), (3, 2, 4, 0, 3), (4, 2, 1, 1, 0), (4, 2, 2, 2, 0), (4, 3, 2, 3, 0), (4, 2, 1, 0, 1), (4, 2, 2, 0, 2), (4, 3, 2, 0, 3)]


-- 2025-12-16 23:17:49 --写入特征标:(2, 1, 1, 1, 0)
[(2, 1, 1, 1, 0), (2, 1, 2, 2, 0), (2, 2, 1, 2, 0), (3, 1, 2, 3, 0), (3, 2, 1, 3, 0), (2, 1, 1, 0, 1), (2, 1, 2, 0, 2), (2, 2, 1, 0, 2), (3, 1, 2, 0, 3), (3, 2, 1, 0, 3)]


-- 2025-12-16 23:19:58 --写入特征标:(2, 1, -1, 1, 0)
[(2, 1, -1, 1, 0), (2, 2, -1, 2, 0), (3, 2, -1, 3, 0), (2, 1, -1, 0, 1), (2, 2, -1, 0, 2), (3, 2, -1, 0, 3)]


-- 2025-12-16 23:20:22 --写入特征标:(2, 1, 0, 1, -1)
[(2, 1, 0, 1, -1), (2, 2, 0, 2, -1), (3, 2, 0, 3, -1), (2, 1, 0, -1, 1), (2, 2, 0, -1, 2), (3, 2, 0, -1, 3)]


-- 2025-12-16 23:22:21 --写入特征标:(2, 1, 0, 1, -3)
[(2, 1, 0, 1, -3), (2, 2, 0, 2, -3), (3, 2, 0, 3, -3), (2, 1, 0, -3, 1), (2, 2, 0, -3, 2), (3, 2, 0, -3, 3)]


-- 2025-12-16 23:43:24 --写入特征标:(3, 4, 1, 5, 1)
[(3, 4, 2, 5, 2), (3, 4, 1, 5, 1), (3, 4, 2, 2, 5), (3, 4, 1, 1, 5), (4, 3, 2, 5, 2), (4, 3, 1, 5, 1), (4, 3, 2, 2, 5), (4, 3, 1, 1, 5)]


-- 2025-12-16 23:49:13 --写入特征标:(-3, 4, 1, 2, 1)
[(4, -3, 2, 2, 2), (4, -3, 1, 1, 2), (4, -3, 1, 2, 1), (2, 4, -3, 2, 2), (1, 4, -3, 1, 2), (1, 4, -3, 2, 1), (-3, 4, 2, 2, 2), (-3, 4, 1, 1, 2), (-3, 4, 1, 2, 1), (4, 2, -3, 2, 2), (4, 1, -3, 1, 2), (4, 1, -3, 2, 1)]


-- 2025-12-16 23:50:09 --写入特征标:(-3, 4, 1, 3, 1)
[(4, -3, 2, 3, 2), (4, -3, 1, 3, 1), (4, -3, 2, 2, 3), (4, -3, 1, 1, 3), (2, 4, -3, 3, 2), (1, 4, -3, 3, 1), (2, 4, -3, 2, 3), (1, 4, -3, 1, 3), (-3, 4, 2, 3, 2), (-3, 4, 1, 3, 1), (-3, 4, 2, 2, 3), (-3, 4, 1, 1, 3), (4, 2, -3, 3, 2), (4, 1, -3, 3, 1), (4, 2, -3, 2, 3), (4, 1, -3, 1, 3)]


-- 2025-12-16 23:57:32 --写入特征标:(-3, 4, 1, 1, 1)
[(4, -3, 1, 1, 1), (4, -3, 2, 2, 1), (4, -3, 2, 1, 2), (1, 4, -3, 1, 1), (2, 4, -3, 2, 1), (2, 4, -3, 1, 2), (-3, 4, 1, 1, 1), (-3, 4, 2, 2, 1), (-3, 4, 2, 1, 2), (4, 1, -3, 1, 1), (4, 2, -3, 2, 1), (4, 2, -3, 1, 2)]


-- 2025-12-17 11:20:26 --写入特征标:(5, 2, 1, 4, 1)
[(5, 3, 2, 4, 3), (5, 2, 2, 4, 2), (5, 2, 1, 4, 1), (5, 3, 2, 3, 4), (5, 2, 2, 2, 4), (5, 2, 1, 1, 4)]


-- 2025-12-17 11:20:52 --写入特征标:(0, 2, 1, 4, 1)
[(3, 0, 2, 4, 3), (2, 0, 2, 4, 2), (2, 0, 1, 4, 1), (3, 0, 2, 3, 4), (2, 0, 2, 2, 4), (2, 0, 1, 1, 4), (2, 3, 0, 4, 3), (2, 2, 0, 4, 2), (1, 2, 0, 4, 1), (2, 3, 0, 3, 4), (2, 2, 0, 2, 4), (1, 2, 0, 1, 4), (0, 3, 2, 4, 3), (0, 2, 2, 4, 2), (0, 2, 1, 4, 1), (0, 3, 2, 3, 4), (0, 2, 2, 2, 4), (0, 2, 1, 1, 4), (3, 2, 0, 4, 3), (2, 2, 0, 4, 2), (2, 1, 0, 4, 1), (3, 2, 0, 3, 4), (2, 2, 0, 2, 4), (2, 1, 0, 1, 4)]


-- 2025-12-17 11:21:11 --写入特征标:(-5, 2, 1, 4, 1)
[(3, -5, 2, 4, 3), (2, -5, 2, 4, 2), (2, -5, 1, 4, 1), (3, -5, 2, 3, 4), (2, -5, 2, 2, 4), (2, -5, 1, 1, 4), (2, 3, -5, 4, 3), (2, 2, -5, 4, 2), (1, 2, -5, 4, 1), (2, 3, -5, 3, 4), (2, 2, -5, 2, 4), (1, 2, -5, 1, 4), (-5, 3, 2, 4, 3), (-5, 2, 2, 4, 2), (-5, 2, 1, 4, 1), (-5, 3, 2, 3, 4), (-5, 2, 2, 2, 4), (-5, 2, 1, 1, 4), (3, 2, -5, 4, 3), (2, 2, -5, 4, 2), (2, 1, -5, 4, 1), (3, 2, -5, 3, 4), (2, 2, -5, 2, 4), (2, 1, -5, 1, 4)]


-- 2025-12-17 11:22:07 --写入特征标:(6, 2, 1, 5, 1)
[(6, 3, 2, 5, 3), (6, 2, 2, 5, 2), (6, 2, 1, 5, 1), (6, 3, 2, 3, 5), (6, 2, 2, 2, 5), (6, 2, 1, 1, 5)]


-- 2025-12-17 11:22:24 --写入特征标:(6, 2, 1, -5, 1)
[(6, 3, 2, -5, 3), (6, 2, 2, -5, 2), (6, 2, 1, -5, 1)]


-- 2025-12-17 11:23:01 --写入特征标:(4, 2, 1, -5, 1)
[(4, 3, 2, -5, 3), (4, 2, 2, -5, 2), (4, 2, 1, -5, 1)]


-- 2025-12-17 11:24:09 --写入特征标:(4, 2, 1, 0, 1)
[(4, 3, 2, 0, 3), (4, 2, 2, 0, 2), (4, 2, 1, 0, 1)]


-- 2025-12-17 11:24:23 --写入特征标:(-4, 2, 1, 0, 1)
[(3, -4, 2, 0, 3), (2, -4, 2, 0, 2), (2, -4, 1, 0, 1), (2, 3, -4, 0, 3), (2, 2, -4, 0, 2), (1, 2, -4, 0, 1), (-4, 3, 2, 0, 3), (-4, 2, 2, 0, 2), (-4, 2, 1, 0, 1), (3, 2, -4, 0, 3), (2, 2, -4, 0, 2), (2, 1, -4, 0, 1)]


-- 2025-12-17 11:29:28 --写入特征标:(-4, 2, 1, 3, 1)
[(3, -4, 2, 3, 3), (2, -4, 2, 2, 3), (2, -4, 2, 3, 2), (2, -4, 1, 1, 3), (2, -4, 1, 3, 1), (2, 3, -4, 3, 3), (2, 2, -4, 2, 3), (2, 2, -4, 3, 2), (1, 2, -4, 1, 3), (1, 2, -4, 3, 1), (-4, 3, 2, 3, 3), (-4, 2, 2, 2, 3), (-4, 2, 2, 3, 2), (-4, 2, 1, 1, 3), (-4, 2, 1, 3, 1), (3, 2, -4, 3, 3), (2, 2, -4, 2, 3), (2, 2, -4, 3, 2), (2, 1, -4, 1, 3), (2, 1, -4, 3, 1)]


-- 2025-12-17 11:29:36 --写入特征标:(4, 2, 1, 3, 1)
[(4, 3, 2, 3, 3), (4, 2, 2, 2, 3), (4, 2, 2, 3, 2), (4, 2, 1, 1, 3), (4, 2, 1, 3, 1)]


-- 2025-12-17 11:30:39 --写入特征标:(2, 2, 1, 3, 1)
[(3, 2, 2, 3, 3), (2, 3, 2, 3, 3), (2, 2, 2, 2, 3), (2, 2, 2, 3, 2), (2, 2, 1, 1, 3), (2, 2, 1, 3, 1)]


-- 2025-12-17 11:53:44 --写入特征标:(5, 2, 1, 3, 1)
[(5, 3, 2, 3, 3), (5, 2, 2, 2, 3), (5, 2, 2, 3, 2), (5, 2, 1, 1, 3), (5, 2, 1, 3, 1)]


-- 2025-12-17 11:55:04 --写入特征标:(2, 2, 1, 4, 1)
[(3, 2, 2, 4, 3), (2, 3, 2, 4, 3), (2, 2, 2, 4, 2), (2, 2, 1, 4, 1), (3, 2, 2, 3, 4), (2, 3, 2, 3, 4), (2, 2, 2, 2, 4), (2, 2, 1, 1, 4)]


-- 2025-12-17 11:56:36 --写入特征标:(5, 2, 1, 0, 1)
[(5, 3, 2, 0, 3), (5, 2, 2, 0, 2), (5, 2, 1, 0, 1)]


-- 2025-12-17 11:56:49 --写入特征标:(5, 2, 1, -1, 1)
[(5, 3, 2, -1, 3), (5, 2, 2, -1, 2), (5, 2, 1, -1, 1)]


-- 2025-12-17 11:57:05 --写入特征标:(2, 2, 1, -1, 1)
[(3, 2, 2, -1, 3), (2, 3, 2, -1, 3), (2, 2, 2, -1, 2), (2, 2, 1, -1, 1)]


-- 2025-12-17 11:57:20 --写入特征标:(4, 2, 1, -1, 1)
[(4, 3, 2, -1, 3), (4, 2, 2, -1, 2), (4, 2, 1, -1, 1)]


-- 2025-12-17 12:00:32 --写入特征标:(3, 2, 1, 4, 1)
[(4, 3, 2, 4, 4), (3, 3, 2, 3, 4), (3, 3, 2, 4, 3), (3, 2, 2, 2, 4), (3, 2, 2, 4, 2), (3, 2, 1, 1, 4), (3, 2, 1, 4, 1)]


-- 2025-12-17 12:00:45 --写入特征标:(3, 2, 1, 5, 1)
[(4, 3, 2, 5, 4), (3, 3, 2, 5, 3), (3, 2, 2, 5, 2), (3, 2, 1, 5, 1), (4, 3, 2, 4, 5), (3, 3, 2, 3, 5), (3, 2, 2, 2, 5), (3, 2, 1, 1, 5)]


-- 2025-12-17 12:10:22 --写入特征标:(3, 2, 1, 6, 1)
[(4, 3, 2, 6, 4), (3, 3, 2, 6, 3), (3, 2, 2, 6, 2), (3, 2, 1, 6, 1), (4, 3, 2, 4, 6), (3, 3, 2, 3, 6), (3, 2, 2, 2, 6), (3, 2, 1, 1, 6)]


-- 2025-12-17 12:13:15 --写入特征标:(3, 2, 1, 0, 1)
[(4, 3, 2, 0, 4), (3, 3, 2, 0, 3), (3, 2, 2, 0, 2), (3, 2, 1, 0, 1)]


-- 2025-12-17 12:14:21 --写入特征标:(3, 2, 1, -1, 1)
[(4, 3, 2, -1, 4), (3, 3, 2, -1, 3), (3, 2, 2, -1, 2), (3, 2, 1, -1, 1)]


-- 2025-12-17 12:22:18 --写入特征标:(-3, 2, 1, 3, 1)
[(3, -3, 2, 3, 3), (2, -3, 2, 2, 3), (2, -3, 2, 3, 2), (2, -3, 1, 1, 3), (2, -3, 1, 3, 1), (2, 3, -3, 3, 3), (2, 2, -3, 2, 3), (2, 2, -3, 3, 2), (1, 2, -3, 1, 3), (1, 2, -3, 3, 1), (-3, 3, 2, 3, 3), (-3, 2, 2, 2, 3), (-3, 2, 2, 3, 2), (-3, 2, 1, 1, 3), (-3, 2, 1, 3, 1), (3, 2, -3, 3, 3), (2, 2, -3, 2, 3), (2, 2, -3, 3, 2), (2, 1, -3, 1, 3), (2, 1, -3, 3, 1)]


-- 2025-12-17 12:25:10 --写入特征标:(-3, 2, 1, 4, 1)
[(3, -3, 2, 4, 3), (2, -3, 2, 4, 2), (2, -3, 1, 4, 1), (3, -3, 2, 3, 4), (2, -3, 2, 2, 4), (2, -3, 1, 1, 4), (2, 3, -3, 4, 3), (2, 2, -3, 4, 2), (1, 2, -3, 4, 1), (2, 3, -3, 3, 4), (2, 2, -3, 2, 4), (1, 2, -3, 1, 4), (-3, 3, 2, 4, 3), (-3, 2, 2, 4, 2), (-3, 2, 1, 4, 1), (-3, 3, 2, 3, 4), (-3, 2, 2, 2, 4), (-3, 2, 1, 1, 4), (3, 2, -3, 4, 3), (2, 2, -3, 4, 2), (2, 1, -3, 4, 1), (3, 2, -3, 3, 4), (2, 2, -3, 2, 4), (2, 1, -3, 1, 4)]


-- 2025-12-17 12:25:37 --写入特征标:(0, 2, 1, 3, 1)
[(3, 0, 2, 3, 3), (2, 0, 2, 2, 3), (2, 0, 2, 3, 2), (2, 0, 1, 1, 3), (2, 0, 1, 3, 1), (2, 3, 0, 3, 3), (2, 2, 0, 2, 3), (2, 2, 0, 3, 2), (1, 2, 0, 1, 3), (1, 2, 0, 3, 1), (0, 3, 2, 3, 3), (0, 2, 2, 2, 3), (0, 2, 2, 3, 2), (0, 2, 1, 1, 3), (0, 2, 1, 3, 1), (3, 2, 0, 3, 3), (2, 2, 0, 2, 3), (2, 2, 0, 3, 2), (2, 1, 0, 1, 3), (2, 1, 0, 3, 1)]


-- 2025-12-17 12:26:57 --写入特征标:(0, 2, 1, -3, 1)
[(3, 0, 2, -3, 3), (2, 0, 2, -3, 2), (2, 0, 1, -3, 1), (2, 3, 0, -3, 3), (2, 2, 0, -3, 2), (1, 2, 0, -3, 1), (0, 3, 2, -3, 3), (0, 2, 2, -3, 2), (0, 2, 1, -3, 1), (3, 2, 0, -3, 3), (2, 2, 0, -3, 2), (2, 1, 0, -3, 1)]


-- 2025-12-17 12:27:50 --写入特征标:(-1, 2, 1, 0, 1)
[(3, -1, 2, 0, 3), (2, -1, 2, 0, 2), (2, -1, 1, 0, 1), (2, 3, -1, 0, 3), (2, 2, -1, 0, 2), (1, 2, -1, 0, 1), (-1, 3, 2, 0, 3), (-1, 2, 2, 0, 2), (-1, 2, 1, 0, 1), (3, 2, -1, 0, 3), (2, 2, -1, 0, 2), (2, 1, -1, 0, 1)]


-- 2025-12-17 12:28:15 --写入特征标:(0, 2, 1, -1, 1)
[(3, 0, 2, -1, 3), (2, 0, 2, -1, 2), (2, 0, 1, -1, 1), (2, 3, 0, -1, 3), (2, 2, 0, -1, 2), (1, 2, 0, -1, 1), (0, 3, 2, -1, 3), (0, 2, 2, -1, 2), (0, 2, 1, -1, 1), (3, 2, 0, -1, 3), (2, 2, 0, -1, 2), (2, 1, 0, -1, 1)]


-- 2025-12-17 13:04:55 --写入特征标:(4, 2, 1, 1, 1)
[(4, 2, 1, 1, 1), (4, 2, 2, 2, 1), (4, 2, 2, 1, 2), (4, 3, 2, 3, 1), (4, 3, 2, 1, 3)]


-- 2025-12-17 13:06:09 --写入特征标:(3, 2, 1, 1, 1)
[(3, 2, 1, 1, 1), (3, 2, 2, 2, 1), (3, 2, 2, 1, 2), (3, 3, 2, 3, 1), (3, 3, 2, 1, 3), (4, 3, 2, 4, 1), (4, 3, 2, 1, 4)]


-- 2025-12-17 13:06:30 --写入特征标:(0, 2, 1, 1, 1)
[(2, 0, 1, 1, 1), (2, 0, 2, 2, 1), (2, 0, 2, 1, 2), (3, 0, 2, 3, 1), (3, 0, 2, 1, 3), (1, 2, 0, 1, 1), (2, 2, 0, 2, 1), (2, 2, 0, 1, 2), (2, 3, 0, 3, 1), (2, 3, 0, 1, 3), (0, 2, 1, 1, 1), (0, 2, 2, 2, 1), (0, 2, 2, 1, 2), (0, 3, 2, 3, 1), (0, 3, 2, 1, 3), (2, 1, 0, 1, 1), (2, 2, 0, 2, 1), (2, 2, 0, 1, 2), (3, 2, 0, 3, 1), (3, 2, 0, 1, 3)]


-- 2025-12-17 13:13:36 --写入特征标:(-1, 2, 1, 1, 1)
[(2, -1, 1, 1, 1), (2, -1, 2, 2, 1), (2, -1, 2, 1, 2), (3, -1, 2, 3, 1), (3, -1, 2, 1, 3), (1, 2, -1, 1, 1), (2, 2, -1, 2, 1), (2, 2, -1, 1, 2), (2, 3, -1, 3, 1), (2, 3, -1, 1, 3), (-1, 2, 1, 1, 1), (-1, 2, 2, 2, 1), (-1, 2, 2, 1, 2), (-1, 3, 2, 3, 1), (-1, 3, 2, 1, 3), (2, 1, -1, 1, 1), (2, 2, -1, 2, 1), (2, 2, -1, 1, 2), (3, 2, -1, 3, 1), (3, 2, -1, 1, 3)]


-- 2025-12-17 13:24:18 --写入特征标:(2, 4, 1, 3, 1)
[(3, 4, 2, 3, 3), (2, 4, 2, 2, 3), (2, 4, 2, 3, 2), (2, 4, 1, 1, 3), (2, 4, 1, 3, 1), (4, 3, 2, 3, 3), (4, 2, 2, 2, 3), (4, 2, 2, 3, 2), (4, 2, 1, 1, 3), (4, 2, 1, 3, 1)]


-- 2025-12-17 13:26:52 --写入特征标:(2, 5, 1, 0, 1)
[(3, 5, 2, 0, 3), (2, 5, 2, 0, 2), (2, 5, 1, 0, 1), (5, 3, 2, 0, 3), (5, 2, 2, 0, 2), (5, 2, 1, 0, 1)]


-- 2025-12-17 13:38:52 --写入特征标:(3, 4, 2, 4, 3)
[(4, 5, 2, 4, 5), (4, 5, 2, 5, 4), (3, 5, 2, 3, 5), (4, 4, 2, 4, 4), (3, 5, 2, 5, 3), (3, 4, 2, 3, 4), (3, 4, 2, 4, 3), (5, 4, 2, 4, 5), (5, 4, 2, 5, 4), (5, 3, 2, 3, 5), (4, 4, 2, 4, 4), (5, 3, 2, 5, 3), (4, 3, 2, 3, 4), (4, 3, 2, 4, 3)]


-- 2025-12-17 13:39:18 --写入特征标:(3, 3, 2, 4, 3)
[(4, 3, 2, 4, 4), (3, 4, 2, 4, 4), (3, 3, 2, 3, 4), (3, 3, 2, 4, 3)]


-- 2025-12-17 13:41:00 --写入特征标:(2, 3, 1, 4, 1)
[(2, 3, 2, 4, 2), (2, 3, 1, 4, 1), (3, 2, 2, 4, 2), (3, 2, 1, 4, 1), (3, 3, 2, 4, 3), (2, 3, 2, 2, 4), (2, 3, 1, 1, 4), (3, 2, 2, 2, 4), (3, 2, 1, 1, 4), (3, 3, 2, 3, 4)]


-- 2025-12-17 13:41:56 --写入特征标:(2, 3, 1, 5, 2)
[(2, 3, 1, 5, 2), (3, 2, 1, 5, 2), (3, 3, 1, 5, 3), (2, 3, 1, 2, 5), (3, 2, 1, 2, 5), (3, 3, 1, 3, 5)]


-- 2025-12-17 13:42:19 --写入特征标:(2, 3, 1, -1, 2)
[(2, 3, 1, -1, 2), (3, 2, 1, -1, 2), (3, 3, 1, -1, 3)]


-- 2025-12-17 13:42:34 --写入特征标:(2, 3, 1, 5, 1)
[(2, 3, 2, 5, 2), (2, 3, 1, 5, 1), (3, 2, 2, 5, 2), (3, 2, 1, 5, 1), (3, 3, 2, 5, 3), (2, 3, 2, 2, 5), (2, 3, 1, 1, 5), (3, 2, 2, 2, 5), (3, 2, 1, 1, 5), (3, 3, 2, 3, 5)]


-- 2025-12-17 13:42:46 --写入特征标:(2, 3, 1, -1, 1)
[(2, 3, 2, -1, 2), (2, 3, 1, -1, 1), (3, 2, 2, -1, 2), (3, 2, 1, -1, 1), (3, 3, 2, -1, 3)]


-- 2025-12-17 13:43:02 --写入特征标:(2, 3, 1, 0, 1)
[(2, 3, 2, 0, 2), (2, 3, 1, 0, 1), (3, 2, 2, 0, 2), (3, 2, 1, 0, 1), (3, 3, 2, 0, 3)]


-- 2025-12-17 13:49:21 --写入特征标:(2, 0, 1, 3, 1)
[(3, 0, 2, 3, 3), (2, 0, 2, 2, 3), (2, 0, 2, 3, 2), (2, 0, 1, 1, 3), (2, 0, 1, 3, 1), (3, 2, 0, 3, 3), (2, 2, 0, 2, 3), (2, 2, 0, 3, 2), (2, 1, 0, 1, 3), (2, 1, 0, 3, 1)]


-- 2025-12-17 13:50:46 --写入特征标:(2, 0, 1, 4, 1)
[(3, 0, 2, 4, 3), (2, 0, 2, 4, 2), (2, 0, 1, 4, 1), (3, 0, 2, 3, 4), (2, 0, 2, 2, 4), (2, 0, 1, 1, 4), (3, 2, 0, 4, 3), (2, 2, 0, 4, 2), (2, 1, 0, 4, 1), (3, 2, 0, 3, 4), (2, 2, 0, 2, 4), (2, 1, 0, 1, 4)]


-- 2025-12-17 13:51:03 --写入特征标:(2, 0, 1, -1, 1)
[(3, 0, 2, -1, 3), (2, 0, 2, -1, 2), (2, 0, 1, -1, 1), (3, 2, 0, -1, 3), (2, 2, 0, -1, 2), (2, 1, 0, -1, 1)]


-- 2025-12-17 13:57:05 --写入特征标:(2, 4, 1, 1, 1)
[(2, 4, 1, 1, 1), (2, 4, 2, 2, 1), (2, 4, 2, 1, 2), (3, 4, 2, 3, 1), (3, 4, 2, 1, 3), (4, 2, 1, 1, 1), (4, 2, 2, 2, 1), (4, 2, 2, 1, 2), (4, 3, 2, 3, 1), (4, 3, 2, 1, 3)]


-- 2025-12-17 13:58:05 --写入特征标:(2, 3, 1, 1, 1)
[(2, 3, 1, 1, 1), (3, 2, 1, 1, 1), (2, 3, 2, 2, 1), (2, 3, 2, 1, 2), (3, 2, 2, 2, 1), (3, 2, 2, 1, 2), (3, 3, 2, 3, 1), (3, 3, 2, 1, 3)]


-- 2025-12-17 13:58:55 --写入特征标:(2, 0, 1, 1, 1)
[(2, 0, 1, 1, 1), (2, 0, 2, 2, 1), (2, 0, 2, 1, 2), (3, 0, 2, 3, 1), (3, 0, 2, 1, 3), (2, 1, 0, 1, 1), (2, 2, 0, 2, 1), (2, 2, 0, 1, 2), (3, 2, 0, 3, 1), (3, 2, 0, 1, 3)]


-- 2025-12-17 15:42:07 --写入特征标:(2, 2, 1, 0, 1)
[(3, 2, 2, 0, 3), (2, 3, 2, 0, 3), (2, 2, 2, 0, 2), (2, 2, 1, 0, 1)]


-- 2025-12-17 15:44:33 --写入特征标:(2, 2, 1, 1, 1)
[(2, 2, 1, 1, 1), (2, 2, 2, 2, 1), (2, 2, 2, 1, 2), (2, 3, 2, 3, 1), (3, 2, 2, 3, 1), (2, 3, 2, 1, 3), (3, 2, 2, 1, 3)]


-- 2025-12-17 16:28:47 --写入特征标:(3, 4, 1, 1, 5)
[(3, 4, 2, 2, 5), (3, 4, 1, 1, 5), (4, 3, 2, 2, 5), (4, 3, 1, 1, 5)]


-- 2025-12-17 16:30:08 --写入特征标:(3, 4, 1, 1, 0)
[(3, 4, 2, 2, 0), (3, 4, 1, 1, 0), (3, 4, 2, 0, 2), (3, 4, 1, 0, 1), (4, 3, 2, 2, 0), (4, 3, 1, 1, 0), (4, 3, 2, 0, 2), (4, 3, 1, 0, 1)]


-- 2025-12-17 16:30:34 --写入特征标:(0, 4, 1, 1, 5)
[(4, 0, 2, 2, 5), (4, 0, 1, 1, 5), (2, 4, 0, 2, 5), (1, 4, 0, 1, 5), (0, 4, 2, 2, 5), (0, 4, 1, 1, 5), (4, 2, 0, 2, 5), (4, 1, 0, 1, 5)]


-- 2025-12-17 16:31:11 --写入特征标:(1, 1, 1, 1, 5)
[(2, 1, 1, 2, 5), (1, 2, 1, 2, 5), (1, 1, 2, 2, 5), (1, 1, 1, 1, 5)]


-- 2025-12-17 16:31:30 --写入特征标:(0, 1, 1, 1, 5)
[(0, 2, 1, 2, 5), (0, 1, 2, 2, 5), (0, 1, 1, 1, 5), (2, 1, 0, 2, 5), (1, 2, 0, 2, 5), (1, 1, 0, 1, 5), (2, 0, 1, 2, 5), (1, 0, 2, 2, 5), (1, 0, 1, 1, 5)]


-- 2025-12-17 16:31:43 --写入特征标:(-1, 0, 1, 1, 5)
[(-1, 0, 2, 2, 5), (-1, 0, 1, 1, 5), (2, -1, 0, 2, 5), (1, -1, 0, 1, 5), (0, 2, -1, 2, 5), (0, 1, -1, 1, 5), (0, -1, 2, 2, 5), (0, -1, 1, 1, 5), (-1, 2, 0, 2, 5), (-1, 1, 0, 1, 5), (2, 0, -1, 2, 5), (1, 0, -1, 1, 5)]


-- 2025-12-17 16:35:47 --写入特征标:(5, 4, 1, 1, 2)
[(5, 4, 1, 1, 2), (5, 4, 2, 2, 2), (5, 4, 3, 2, 3)]


-- 2025-12-17 16:37:15 --写入特征标:(-5, -4, 1, 1, 2)
[(-5, -4, 1, 1, 2), (-5, -4, 2, 2, 2), (-5, -4, 3, 2, 3), (1, -5, -4, 1, 2), (2, -5, -4, 2, 2), (3, -5, -4, 2, 3), (-4, 1, -5, 1, 2), (-4, 2, -5, 2, 2), (-4, 3, -5, 2, 3), (-4, -5, 1, 1, 2), (-4, -5, 2, 2, 2), (-4, -5, 3, 2, 3), (-5, 1, -4, 1, 2), (-5, 2, -4, 2, 2), (-5, 3, -4, 2, 3), (1, -4, -5, 1, 2), (2, -4, -5, 2, 2), (3, -4, -5, 2, 3)]


-- 2025-12-17 16:37:28 --写入特征标:(-5, 4, 1, 1, 2)
[(4, -5, 1, 1, 2), (4, -5, 2, 2, 2), (4, -5, 3, 2, 3), (1, 4, -5, 1, 2), (2, 4, -5, 2, 2), (3, 4, -5, 2, 3), (-5, 4, 1, 1, 2), (-5, 4, 2, 2, 2), (-5, 4, 3, 2, 3), (4, 1, -5, 1, 2), (4, 2, -5, 2, 2), (4, 3, -5, 2, 3)]


-- 2025-12-17 16:37:39 --写入特征标:(-5, 0, 1, 1, 2)
[(-5, 0, 1, 1, 2), (-5, 0, 2, 2, 2), (-5, 0, 3, 2, 3), (1, -5, 0, 1, 2), (2, -5, 0, 2, 2), (3, -5, 0, 2, 3), (0, 1, -5, 1, 2), (0, 2, -5, 2, 2), (0, 3, -5, 2, 3), (0, -5, 1, 1, 2), (0, -5, 2, 2, 2), (0, -5, 3, 2, 3), (-5, 1, 0, 1, 2), (-5, 2, 0, 2, 2), (-5, 3, 0, 2, 3), (1, 0, -5, 1, 2), (2, 0, -5, 2, 2), (3, 0, -5, 2, 3)]


-- 2025-12-17 16:37:48 --写入特征标:(-1, 0, 1, 1, 2)
[(-1, 0, 1, 1, 2), (-1, 0, 2, 2, 2), (-1, 0, 3, 2, 3), (1, -1, 0, 1, 2), (2, -1, 0, 2, 2), (3, -1, 0, 2, 3), (0, 1, -1, 1, 2), (0, 2, -1, 2, 2), (0, 3, -1, 2, 3), (0, -1, 1, 1, 2), (0, -1, 2, 2, 2), (0, -1, 3, 2, 3), (-1, 1, 0, 1, 2), (-1, 2, 0, 2, 2), (-1, 3, 0, 2, 3), (1, 0, -1, 1, 2), (2, 0, -1, 2, 2), (3, 0, -1, 2, 3)]


-- 2025-12-17 16:37:59 --写入特征标:(-1, -1, 1, 1, 2)
[(-1, -1, 1, 1, 2), (-1, -1, 2, 2, 2), (-1, -1, 3, 2, 3), (1, -1, -1, 1, 2), (2, -1, -1, 2, 2), (3, -1, -1, 2, 3), (-1, 1, -1, 1, 2), (-1, 2, -1, 2, 2), (-1, 3, -1, 2, 3)]


-- 2025-12-17 16:38:09 --写入特征标:(0, -1, 1, 1, 2)
[(1, -1, 0, 1, 2), (2, -1, 0, 2, 2), (3, -1, 0, 2, 3), (0, 1, -1, 1, 2), (0, 2, -1, 2, 2), (0, 3, -1, 2, 3), (0, -1, 1, 1, 2), (0, -1, 2, 2, 2), (0, -1, 3, 2, 3), (1, 0, -1, 1, 2), (2, 0, -1, 2, 2), (3, 0, -1, 2, 3)]


-- 2025-12-17 16:43:13 --写入特征标:(0, 3, 2, 1, 2)
[(3, 0, 2, 1, 2), (3, 0, 3, 1, 3), (4, 0, 3, 1, 4), (2, 3, 0, 1, 2), (3, 3, 0, 1, 3), (3, 4, 0, 1, 4), (0, 3, 2, 1, 2), (0, 3, 3, 1, 3), (0, 4, 3, 1, 4), (3, 2, 0, 1, 2), (3, 3, 0, 1, 3), (4, 3, 0, 1, 4)]


-- 2025-12-17 16:43:37 --写入特征标:(5, 3, 2, 1, 2)
[(5, 3, 2, 1, 2), (5, 3, 3, 1, 3), (5, 4, 3, 1, 4)]


-- 2025-12-17 16:44:33 --写入特征标:(6, 3, 2, 1, 2)
[(6, 3, 2, 1, 2), (6, 3, 3, 1, 3), (6, 4, 3, 1, 4)]


-- 2025-12-17 16:44:53 --写入特征标:(5, 3, 1, 1, 2)
[(5, 3, 1, 1, 2), (5, 3, 2, 2, 2), (5, 3, 3, 2, 3), (5, 4, 3, 2, 4)]


-- 2025-12-17 16:45:20 --写入特征标:(6, 3, 1, 1, 2)
[(6, 3, 1, 1, 2), (6, 3, 2, 2, 2), (6, 3, 3, 2, 3), (6, 4, 3, 2, 4)]


-- 2025-12-17 16:52:41 --写入特征标:(4, 3, 2, 1, 2)
[(4, 3, 2, 1, 2), (4, 3, 3, 1, 3), (4, 4, 3, 1, 4), (5, 4, 3, 1, 5)]


-- 2025-12-17 16:53:03 --写入特征标:(4, 3, 1, 1, 2)
[(4, 3, 1, 1, 2), (4, 3, 2, 2, 2), (4, 3, 3, 2, 3), (4, 4, 3, 2, 4), (5, 4, 3, 2, 5)]


-- 2025-12-17 17:01:29 --写入特征标:(3, 3, 2, 1, 2)
[(3, 3, 2, 1, 2), (3, 3, 3, 1, 3), (3, 4, 3, 1, 4), (4, 3, 3, 1, 4)]


-- 2025-12-17 17:08:30 --写入特征标:(-1, 3, 2, 1, 2)
[(3, -1, 2, 1, 2), (3, -1, 3, 1, 3), (4, -1, 3, 1, 4), (2, 3, -1, 1, 2), (3, 3, -1, 1, 3), (3, 4, -1, 1, 4), (-1, 3, 2, 1, 2), (-1, 3, 3, 1, 3), (-1, 4, 3, 1, 4), (3, 2, -1, 1, 2), (3, 3, -1, 1, 3), (4, 3, -1, 1, 4)]


-- 2025-12-17 17:09:56 --写入特征标:(3, 3, 0, 2, 3)
[(4, 3, 0, 2, 4), (3, 4, 0, 2, 4), (3, 3, 0, 2, 3)]


-- 2025-12-18 19:54:54 --写入特征标:(3, 3, -1, 2, 3)
[(4, 3, -1, 2, 4), (3, 4, -1, 2, 4), (3, 3, -1, 2, 3)]


-- 2025-12-18 20:19:33 --写入特征标:(3, 5, 2, 1, 2)
[(3, 5, 2, 1, 2), (3, 5, 3, 1, 3), (4, 5, 3, 1, 4), (5, 3, 2, 1, 2), (5, 3, 3, 1, 3), (5, 4, 3, 1, 4)]


-- 2025-12-18 20:19:47 --写入特征标:(3, 6, 2, 1, 2)
[(3, 6, 2, 1, 2), (3, 6, 3, 1, 3), (4, 6, 3, 1, 4), (6, 3, 2, 1, 2), (6, 3, 3, 1, 3), (6, 4, 3, 1, 4)]


-- 2025-12-18 20:19:59 --写入特征标:(3, 5, 1, 1, 2)
[(3, 5, 1, 1, 2), (3, 5, 2, 2, 2), (3, 5, 3, 2, 3), (4, 5, 3, 2, 4), (5, 3, 1, 1, 2), (5, 3, 2, 2, 2), (5, 3, 3, 2, 3), (5, 4, 3, 2, 4)]


-- 2025-12-18 20:20:20 --写入特征标:(3, 6, 1, 1, 2)
[(3, 6, 1, 1, 2), (3, 6, 2, 2, 2), (3, 6, 3, 2, 3), (4, 6, 3, 2, 4), (6, 3, 1, 1, 2), (6, 3, 2, 2, 2), (6, 3, 3, 2, 3), (6, 4, 3, 2, 4)]


-- 2025-12-18 20:23:31 --写入特征标:(3, 4, 2, 1, 2)
[(3, 4, 2, 1, 2), (4, 3, 2, 1, 2), (3, 4, 3, 1, 3), (4, 3, 3, 1, 3), (4, 4, 3, 1, 4)]


-- 2025-12-18 20:23:45 --写入特征标:(3, 4, 1, 1, 2)
[(3, 4, 1, 1, 2), (3, 4, 2, 2, 2), (4, 3, 1, 1, 2), (4, 3, 2, 2, 2), (3, 4, 3, 2, 3), (4, 3, 3, 2, 3), (4, 4, 3, 2, 4)]


-- 2025-12-18 20:26:34 --写入特征标:(3, -1, 2, 1, 2)
[(3, -1, 2, 1, 2), (3, -1, 3, 1, 3), (4, -1, 3, 1, 4), (3, 2, -1, 1, 2), (3, 3, -1, 1, 3), (4, 3, -1, 1, 4)]


-- 2025-12-18 20:26:47 --写入特征标:(3, 0, 2, 1, 2)
[(3, 0, 2, 1, 2), (3, 0, 3, 1, 3), (4, 0, 3, 1, 4), (3, 2, 0, 1, 2), (3, 3, 0, 1, 3), (4, 3, 0, 1, 4)]


-- 2025-12-18 20:26:58 --写入特征标:(3, -1, 1, 1, 2)
[(3, -1, 1, 1, 2), (3, -1, 2, 2, 2), (3, -1, 3, 2, 3), (4, -1, 3, 2, 4), (3, 1, -1, 1, 2), (3, 2, -1, 2, 2), (3, 3, -1, 2, 3), (4, 3, -1, 2, 4)]


-- 2025-12-18 20:27:34 --写入特征标:(3, 0, 1, 1, 2)
[(3, 0, 1, 1, 2), (3, 0, 2, 2, 2), (3, 0, 3, 2, 3), (4, 0, 3, 2, 4), (3, 1, 0, 1, 2), (3, 2, 0, 2, 2), (3, 3, 0, 2, 3), (4, 3, 0, 2, 4)]


-- 2025-12-18 20:35:30 --写入特征标:(5, 2, 1, 1, -4)
[(5, 2, 1, 1, -4), (5, 2, 2, 2, -4), (5, 3, 2, 3, -4), (5, 2, 1, -4, 1), (5, 2, 2, -4, 2), (5, 3, 2, -4, 3)]


-- 2025-12-18 20:35:57 --写入特征标:(-5, 2, 1, 1, -4)
[(2, -5, 1, 1, -4), (2, -5, 2, 2, -4), (3, -5, 2, 3, -4), (2, -5, 1, -4, 1), (2, -5, 2, -4, 2), (3, -5, 2, -4, 3), (1, 2, -5, 1, -4), (2, 2, -5, 2, -4), (2, 3, -5, 3, -4), (1, 2, -5, -4, 1), (2, 2, -5, -4, 2), (2, 3, -5, -4, 3), (-5, 2, 1, 1, -4), (-5, 2, 2, 2, -4), (-5, 3, 2, 3, -4), (-5, 2, 1, -4, 1), (-5, 2, 2, -4, 2), (-5, 3, 2, -4, 3), (2, 1, -5, 1, -4), (2, 2, -5, 2, -4), (3, 2, -5, 3, -4), (2, 1, -5, -4, 1), (2, 2, -5, -4, 2), (3, 2, -5, -4, 3)]


-- 2025-12-18 20:37:22 --写入特征标:(5, -4, 1, 1, 2)
[(5, -4, 1, 1, 2), (5, -4, 2, 2, 2), (5, -4, 3, 2, 3), (5, 1, -4, 1, 2), (5, 2, -4, 2, 2), (5, 3, -4, 2, 3)]


-- 2025-12-18 20:37:34 --写入特征标:(5, -1, 1, 1, 2)
[(5, -1, 1, 1, 2), (5, -1, 2, 2, 2), (5, -1, 3, 2, 3), (5, 1, -1, 1, 2), (5, 2, -1, 2, 2), (5, 3, -1, 2, 3)]


-- 2025-12-18 20:43:28 --写入特征标:(0, 2, 1, 1, 4)
[(2, 0, 1, 1, 4), (2, 0, 2, 2, 4), (3, 0, 2, 3, 4), (1, 2, 0, 1, 4), (2, 2, 0, 2, 4), (2, 3, 0, 3, 4), (0, 2, 1, 1, 4), (0, 2, 2, 2, 4), (0, 3, 2, 3, 4), (2, 1, 0, 1, 4), (2, 2, 0, 2, 4), (3, 2, 0, 3, 4)]


-- 2025-12-18 20:43:43 --写入特征标:(0, 2, 1, 1, -2)
[(2, 0, 1, 1, -2), (2, 0, 2, 2, -2), (3, 0, 2, 3, -2), (2, 0, 1, -2, 1), (2, 0, 2, -2, 2), (3, 0, 2, -2, 3), (1, 2, 0, 1, -2), (2, 2, 0, 2, -2), (2, 3, 0, 3, -2), (1, 2, 0, -2, 1), (2, 2, 0, -2, 2), (2, 3, 0, -2, 3), (0, 2, 1, 1, -2), (0, 2, 2, 2, -2), (0, 3, 2, 3, -2), (0, 2, 1, -2, 1), (0, 2, 2, -2, 2), (0, 3, 2, -2, 3), (2, 1, 0, 1, -2), (2, 2, 0, 2, -2), (3, 2, 0, 3, -2), (2, 1, 0, -2, 1), (2, 2, 0, -2, 2), (3, 2, 0, -2, 3)]


-- 2025-12-18 20:44:23 --写入特征标:(5, 2, 1, 1, -2)
[(5, 2, 1, 1, -2), (5, 2, 2, 2, -2), (5, 3, 2, 3, -2), (5, 2, 1, -2, 1), (5, 2, 2, -2, 2), (5, 3, 2, -2, 3)]


-- 2025-12-18 20:50:32 --写入特征标:(-1, 2, 1, 1, 4)
[(2, -1, 1, 1, 4), (2, -1, 2, 2, 4), (3, -1, 2, 3, 4), (1, 2, -1, 1, 4), (2, 2, -1, 2, 4), (2, 3, -1, 3, 4), (-1, 2, 1, 1, 4), (-1, 2, 2, 2, 4), (-1, 3, 2, 3, 4), (2, 1, -1, 1, 4), (2, 2, -1, 2, 4), (3, 2, -1, 3, 4)]


-- 2025-12-18 20:52:56 --写入特征标:(2, 2, 1, 1, 0)
[(3, 2, 2, 3, 0), (2, 3, 2, 3, 0), (2, 2, 2, 2, 0), (2, 2, 1, 1, 0), (3, 2, 2, 0, 3), (2, 3, 2, 0, 3), (2, 2, 2, 0, 2), (2, 2, 1, 0, 1)]


-- 2025-12-18 21:00:35 --写入特征标:(3, 2, 1, 1, 0)
[(3, 2, 1, 1, 0), (3, 2, 2, 2, 0), (3, 3, 2, 3, 0), (4, 3, 2, 4, 0), (3, 2, 1, 0, 1), (3, 2, 2, 0, 2), (3, 3, 2, 0, 3), (4, 3, 2, 0, 4)]


-- 2025-12-18 21:06:14 --写入特征标:(3, 2, 1, 1, 4)
[(5, 3, 2, 4, 5), (3, 2, 1, 1, 4), (3, 2, 2, 2, 4), (3, 3, 2, 3, 4), (4, 3, 2, 4, 4)]


-- 2025-12-18 21:17:04 --写入特征标:(6, 2, 1, 2, 3)
[(6, 2, 1, 2, 3), (6, 3, 1, 3, 3), (6, 4, 1, 3, 4)]


-- 2025-12-18 21:18:19 --写入特征标:(0, 2, 1, 1, 3)
[(2, 0, 2, 2, 3), (2, 0, 1, 1, 3), (3, 0, 2, 3, 3), (4, 0, 2, 3, 4), (2, 2, 0, 2, 3), (1, 2, 0, 1, 3), (2, 3, 0, 3, 3), (2, 4, 0, 3, 4), (0, 2, 2, 2, 3), (0, 2, 1, 1, 3), (0, 3, 2, 3, 3), (0, 4, 2, 3, 4), (2, 2, 0, 2, 3), (2, 1, 0, 1, 3), (3, 2, 0, 3, 3), (4, 2, 0, 3, 4)]


-- 2025-12-18 21:22:57 --写入特征标:(4, 3, 2, 1, 3)
[(4, 3, 2, 1, 3), (4, 4, 2, 1, 4), (5, 4, 2, 1, 5)]


-- 2025-12-18 21:27:32 --写入特征标:(2, 2, 1, 2, 3)
[(2, 2, 1, 2, 3), (3, 2, 1, 3, 3), (2, 3, 1, 3, 3), (4, 2, 1, 3, 4), (2, 4, 1, 3, 4)]


-- 2025-12-18 21:31:55 --写入特征标:(-1, 2, 1, 2, 3)
[(2, -1, 1, 2, 3), (3, -1, 1, 3, 3), (4, -1, 1, 3, 4), (1, 2, -1, 2, 3), (1, 3, -1, 3, 3), (1, 4, -1, 3, 4), (-1, 2, 1, 2, 3), (-1, 3, 1, 3, 3), (-1, 4, 1, 3, 4), (2, 1, -1, 2, 3), (3, 1, -1, 3, 3), (4, 1, -1, 3, 4)]


-- 2025-12-18 21:32:25 --写入特征标:(-1, 2, 1, 1, 3)
[(2, -1, 2, 2, 3), (2, -1, 1, 1, 3), (3, -1, 2, 3, 3), (4, -1, 2, 3, 4), (2, 2, -1, 2, 3), (1, 2, -1, 1, 3), (2, 3, -1, 3, 3), (2, 4, -1, 3, 4), (-1, 2, 2, 2, 3), (-1, 2, 1, 1, 3), (-1, 3, 2, 3, 3), (-1, 4, 2, 3, 4), (2, 2, -1, 2, 3), (2, 1, -1, 1, 3), (3, 2, -1, 3, 3), (4, 2, -1, 3, 4)]


-- 2025-12-18 21:47:22 --写入特征标:(2, 4, 1, 1, 5)
[(2, 4, 1, 1, 5), (2, 4, 2, 2, 5), (3, 4, 2, 3, 5), (4, 2, 1, 1, 5), (4, 2, 2, 2, 5), (4, 3, 2, 3, 5)]


-- 2025-12-18 21:47:36 --写入特征标:(2, 4, 1, 1, 0)
[(2, 4, 1, 1, 0), (2, 4, 2, 2, 0), (3, 4, 2, 3, 0), (2, 4, 1, 0, 1), (2, 4, 2, 0, 2), (3, 4, 2, 0, 3), (4, 2, 1, 1, 0), (4, 2, 2, 2, 0), (4, 3, 2, 3, 0), (4, 2, 1, 0, 1), (4, 2, 2, 0, 2), (4, 3, 2, 0, 3)]


-- 2025-12-18 21:49:02 --写入特征标:(2, 3, 1, 1, 0)
[(2, 3, 1, 1, 0), (3, 2, 1, 1, 0), (2, 3, 2, 2, 0), (3, 2, 2, 2, 0), (3, 3, 2, 3, 0), (2, 3, 1, 0, 1), (3, 2, 1, 0, 1), (2, 3, 2, 0, 2), (3, 2, 2, 0, 2), (3, 3, 2, 0, 3)]


-- 2025-12-18 21:50:14 --写入特征标:(2, 3, 1, 1, 4)
[(2, 3, 1, 1, 4), (3, 2, 1, 1, 4), (2, 3, 2, 2, 4), (3, 2, 2, 2, 4), (3, 3, 2, 3, 4)]


-- 2025-12-18 21:51:07 --写入特征标:(2, 0, 1, 1, 4)
[(2, 0, 1, 1, 4), (2, 0, 2, 2, 4), (3, 0, 2, 3, 4), (2, 1, 0, 1, 4), (2, 2, 0, 2, 4), (3, 2, 0, 3, 4)]


-- 2025-12-18 21:52:42 --写入特征标:(2, 0, 1, 1, -4)
[(2, 0, 1, 1, -4), (2, 0, 2, 2, -4), (3, 0, 2, 3, -4), (2, 0, 1, -4, 1), (2, 0, 2, -4, 2), (3, 0, 2, -4, 3), (2, 1, 0, 1, -4), (2, 2, 0, 2, -4), (3, 2, 0, 3, -4), (2, 1, 0, -4, 1), (2, 2, 0, -4, 2), (3, 2, 0, -4, 3)]


-- 2025-12-18 22:01:04 --写入特征标:(2, 4, 1, 1, 3)
[(4, 4, 2, 3, 4), (3, 4, 2, 3, 3), (4, 3, 2, 3, 3), (2, 4, 2, 2, 3), (2, 4, 1, 1, 3), (4, 2, 2, 2, 3), (4, 2, 1, 1, 3)]


-- 2025-12-18 22:02:25 --写入特征标:(2, 0, 1, 2, 3)
[(2, 0, 1, 2, 3), (3, 0, 1, 3, 3), (4, 0, 1, 3, 4), (2, 1, 0, 2, 3), (3, 1, 0, 3, 3), (4, 1, 0, 3, 4)]


-- 2025-12-18 22:03:18 --写入特征标:(2, 0, 1, 1, 3)
[(2, 0, 2, 2, 3), (2, 0, 1, 1, 3), (3, 0, 2, 3, 3), (4, 0, 2, 3, 4), (2, 2, 0, 2, 3), (2, 1, 0, 1, 3), (3, 2, 0, 3, 3), (4, 2, 0, 3, 4)]


-- 2025-12-18 22:03:47 --写入特征标:(2, 5, 1, 1, 3)
[(2, 5, 2, 2, 3), (2, 5, 1, 1, 3), (3, 5, 2, 3, 3), (4, 5, 2, 3, 4), (5, 2, 2, 2, 3), (5, 2, 1, 1, 3), (5, 3, 2, 3, 3), (5, 4, 2, 3, 4)]


-- 2025-12-18 22:26:06 --写入特征标:(4, 3, 2, 1, 4)
[(5, 3, 2, 1, 5), (4, 3, 2, 1, 4)]


-- 2025-12-18 22:30:18 --写入特征标:(4, 4, 2, 3, 4)
[(5, 4, 2, 3, 5), (4, 5, 2, 3, 5), (4, 4, 2, 3, 4)]

