
-- 2025-12-19 10:58:04 --写入特征标:(4, 3, 2, 1, 4)
[(4, 3, 2, 1, 4), (5, 3, 2, 1, 5)]


-- 2025-12-19 11:04:45 --写入特征标:(4, 3, 5, 1, 4)
[(4, 3, 5, 1, 4), (5, 3, 4, 1, 4), (5, 3, 5, 1, 5), (4, 5, 3, 1, 4), (5, 4, 3, 1, 4), (5, 5, 3, 1, 5)]


-- 2025-12-19 11:07:16 --写入特征标:(4, 4, 5, 1, 4)
[(4, 4, 5, 1, 4), (4, 5, 4, 1, 4), (5, 4, 4, 1, 4), (4, 5, 5, 1, 5), (5, 4, 5, 1, 5), (5, 5, 4, 1, 5)]


-- 2025-12-19 11:07:37 --写入特征标:(4, 4, 1, 5, 4)
[(4, 4, 1, 5, 4), (4, 5, 1, 4, 4), (5, 4, 1, 4, 4), (4, 5, 1, 5, 5), (5, 4, 1, 5, 5), (5, 5, 1, 4, 5), (4, 4, 5, 1, 4), (4, 5, 4, 1, 4), (5, 4, 4, 1, 4), (4, 5, 5, 1, 5), (5, 4, 5, 1, 5), (5, 5, 4, 1, 5)]


-- 2025-12-19 11:09:18 --写入特征标:(4, 4, 4, 5, 4)
[(4, 4, 4, 5, 4), (4, 4, 5, 4, 4), (4, 5, 4, 4, 4), (5, 4, 4, 4, 4), (4, 4, 5, 5, 5), (4, 5, 4, 5, 5), (4, 5, 5, 4, 5), (5, 4, 4, 5, 5), (5, 4, 5, 4, 5), (5, 5, 4, 4, 5)]


-- 2025-12-19 11:39:27 --写入特征标:(4, 3, 4, 1, 4)
[(4, 3, 4, 1, 4), (4, 3, 5, 1, 5), (5, 3, 4, 1, 5), (4, 4, 3, 1, 4), (4, 5, 3, 1, 5), (5, 4, 3, 1, 5)]


-- 2025-12-19 11:46:30 --写入特征标:(4, 3, 2, 4, 4)
[(4, 4, 2, 3, 4), (4, 5, 2, 3, 5), (5, 4, 2, 3, 5), (4, 3, 4, 2, 4), (4, 3, 5, 2, 5), (5, 3, 4, 2, 5), (4, 4, 3, 2, 4), (4, 5, 3, 2, 5), (5, 4, 3, 2, 5), (4, 3, 2, 4, 4), (4, 3, 2, 5, 5), (5, 3, 2, 4, 5)]


-- 2025-12-19 11:48:04 --写入特征标:(4, 4, 3, 4, 4)
[(4, 4, 3, 4, 4), (4, 4, 3, 5, 5), (4, 5, 3, 4, 5), (5, 4, 3, 4, 5), (4, 4, 4, 3, 4), (4, 4, 5, 3, 5), (4, 5, 4, 3, 5), (5, 4, 4, 3, 5)]


-- 2025-12-19 11:50:41 --写入特征标:(4, 5, 3, 4, 4)
[(5, 4, 3, 4, 4), (5, 4, 3, 5, 5), (5, 5, 3, 4, 5), (6, 4, 3, 5, 6), (6, 5, 3, 4, 6), (4, 5, 4, 3, 4), (4, 5, 5, 3, 5), (5, 5, 4, 3, 5), (4, 6, 5, 3, 6), (5, 6, 4, 3, 6), (4, 5, 3, 4, 4), (4, 5, 3, 5, 5), (5, 5, 3, 4, 5), (4, 6, 3, 5, 6), (5, 6, 3, 4, 6), (5, 4, 4, 3, 4), (5, 4, 5, 3, 5), (5, 5, 4, 3, 5), (6, 4, 5, 3, 6), (6, 5, 4, 3, 6)]


-- 2025-12-19 11:54:35 --写入特征标:(4, 5, 6, 4, 4)
[(5, 6, 4, 4, 4), (6, 5, 4, 4, 4), (5, 6, 4, 5, 5), (5, 6, 5, 4, 5), (6, 5, 4, 5, 5), (6, 5, 5, 4, 5), (6, 6, 4, 5, 6), (6, 6, 5, 4, 6), (4, 5, 6, 4, 4), (4, 6, 5, 4, 4), (4, 5, 6, 5, 5), (4, 6, 5, 5, 5), (5, 5, 6, 4, 5), (5, 6, 5, 4, 5), (4, 6, 6, 5, 6), (5, 6, 6, 4, 6), (5, 4, 6, 4, 4), (6, 4, 5, 4, 4), (5, 4, 6, 5, 5), (5, 5, 6, 4, 5), (6, 4, 5, 5, 5), (6, 5, 5, 4, 5), (6, 4, 6, 5, 6), (6, 5, 6, 4, 6)]


-- 2025-12-19 11:55:11 --写入特征标:(4, 5, 0, 4, 4)
[(5, 4, 0, 4, 4), (5, 4, 0, 5, 5), (5, 5, 0, 4, 5), (6, 4, 0, 5, 6), (6, 5, 0, 4, 6), (4, 5, 4, 0, 4), (4, 5, 5, 0, 5), (5, 5, 4, 0, 5), (4, 6, 5, 0, 6), (5, 6, 4, 0, 6), (4, 5, 0, 4, 4), (4, 5, 0, 5, 5), (5, 5, 0, 4, 5), (4, 6, 0, 5, 6), (5, 6, 0, 4, 6), (5, 4, 4, 0, 4), (5, 4, 5, 0, 5), (5, 5, 4, 0, 5), (6, 4, 5, 0, 6), (6, 5, 4, 0, 6)]


-- 2025-12-19 12:02:25 --写入特征标:(1, 3, 1, 1, 1)
[(1, 3, 1, 1, 1), (1, 3, 1, 2, 2), (1, 3, 2, 1, 2), (2, 3, 1, 1, 2), (3, 1, 1, 1, 1), (3, 1, 1, 2, 2), (3, 1, 2, 1, 2), (3, 2, 1, 1, 2)]


-- 2025-12-19 12:03:35 --写入特征标:(1, 0, 1, 1, 1)
[(1, 1, 0, 1, 1), (1, 1, 0, 2, 2), (1, 2, 0, 1, 2), (2, 1, 0, 1, 2), (1, 0, 1, 1, 1), (1, 0, 1, 2, 2), (1, 0, 2, 1, 2), (2, 0, 1, 1, 2), (1, 1, 1, 0, 1), (1, 1, 2, 0, 2), (1, 2, 1, 0, 2), (2, 1, 1, 0, 2)]


-- 2025-12-19 12:04:15 --写入特征标:(1, 1, 1, 1, 1)
[(2, 1, 1, 1, 2), (1, 2, 1, 1, 2), (1, 1, 2, 1, 2), (1, 1, 1, 2, 2), (1, 1, 1, 1, 1)]


-- 2025-12-19 13:12:40 --写入特征标:(1, 4, 2, 1, 1)
[(3, 4, 2, 1, 3), (3, 4, 1, 2, 3), (2, 4, 2, 1, 2), (2, 4, 1, 2, 2), (2, 4, 1, 1, 1), (4, 2, 3, 1, 3), (4, 1, 3, 2, 3), (4, 2, 2, 1, 2), (4, 1, 2, 2, 2), (4, 1, 2, 1, 1), (4, 3, 2, 1, 3), (4, 3, 1, 2, 3), (4, 2, 2, 1, 2), (4, 2, 1, 2, 2), (4, 2, 1, 1, 1), (2, 4, 3, 1, 3), (1, 4, 3, 2, 3), (2, 4, 2, 1, 2), (1, 4, 2, 2, 2), (1, 4, 2, 1, 1)]


-- 2025-12-19 13:13:04 --写入特征标:(1, 0, 2, 1, 1)
[(2, 0, 3, 1, 3), (1, 0, 3, 2, 3), (2, 0, 2, 1, 2), (1, 0, 2, 2, 2), (1, 0, 2, 1, 1), (3, 2, 0, 1, 3), (3, 1, 0, 2, 3), (2, 2, 0, 1, 2), (2, 1, 0, 2, 2), (2, 1, 0, 1, 1), (2, 3, 1, 0, 3), (1, 3, 2, 0, 3), (2, 2, 1, 0, 2), (1, 2, 2, 0, 2), (1, 2, 1, 0, 1), (2, 3, 0, 1, 3), (1, 3, 0, 2, 3), (2, 2, 0, 1, 2), (1, 2, 0, 2, 2), (1, 2, 0, 1, 1), (3, 2, 1, 0, 3), (3, 1, 2, 0, 3), (2, 2, 1, 0, 2), (2, 1, 2, 0, 2), (2, 1, 1, 0, 1), (3, 2, 1, 0, 3), (3, 1, 2, 0, 3), (2, 2, 1, 0, 2), (2, 1, 2, 0, 2), (2, 1, 1, 0, 1), (3, 0, 2, 1, 3), (3, 0, 1, 2, 3), (2, 0, 2, 1, 2), (2, 0, 1, 2, 2), (2, 0, 1, 1, 1), (2, 1, 3, 0, 3), (1, 2, 3, 0, 3), (2, 1, 2, 0, 2), (1, 2, 2, 0, 2), (1, 1, 2, 0, 1)]


-- 2025-12-19 13:14:31 --写入特征标:(2, 1, 1, 0, 1)
[(3, 2, 1, 0, 3), (3, 1, 2, 0, 3), (2, 2, 1, 0, 2), (2, 1, 2, 0, 2), (2, 1, 1, 0, 1)]


-- 2025-12-19 13:19:09 --写入特征标:(1, 5, 2, 1, 1)
[(3, 5, 2, 1, 3), (3, 5, 1, 2, 3), (2, 5, 2, 1, 2), (2, 5, 1, 2, 2), (2, 5, 1, 1, 1), (5, 2, 3, 1, 3), (5, 1, 3, 2, 3), (5, 2, 2, 1, 2), (5, 1, 2, 2, 2), (5, 1, 2, 1, 1), (5, 3, 2, 1, 3), (5, 3, 1, 2, 3), (5, 2, 2, 1, 2), (5, 2, 1, 2, 2), (5, 2, 1, 1, 1), (2, 5, 3, 1, 3), (1, 5, 3, 2, 3), (2, 5, 2, 1, 2), (1, 5, 2, 2, 2), (1, 5, 2, 1, 1)]


-- 2025-12-19 13:21:57 --写入特征标:(1, -1, 2, 1, 1)
[(2, -1, 3, 1, 3), (1, -1, 3, 2, 3), (2, -1, 2, 1, 2), (1, -1, 2, 2, 2), (1, -1, 2, 1, 1), (3, 2, -1, 1, 3), (3, 1, -1, 2, 3), (2, 2, -1, 1, 2), (2, 1, -1, 2, 2), (2, 1, -1, 1, 1), (2, 3, 1, -1, 3), (1, 3, 2, -1, 3), (2, 2, 1, -1, 2), (1, 2, 2, -1, 2), (1, 2, 1, -1, 1), (2, 3, -1, 1, 3), (1, 3, -1, 2, 3), (2, 2, -1, 1, 2), (1, 2, -1, 2, 2), (1, 2, -1, 1, 1), (3, 2, 1, -1, 3), (3, 1, 2, -1, 3), (2, 2, 1, -1, 2), (2, 1, 2, -1, 2), (2, 1, 1, -1, 1), (3, 2, 1, -1, 3), (3, 1, 2, -1, 3), (2, 2, 1, -1, 2), (2, 1, 2, -1, 2), (2, 1, 1, -1, 1), (3, -1, 2, 1, 3), (3, -1, 1, 2, 3), (2, -1, 2, 1, 2), (2, -1, 1, 2, 2), (2, -1, 1, 1, 1), (2, 1, 3, -1, 3), (1, 2, 3, -1, 3), (2, 1, 2, -1, 2), (1, 2, 2, -1, 2), (1, 1, 2, -1, 1)]


-- 2025-12-19 13:23:31 --写入特征标:(0, -2, 1, 0, 0)
[(1, -2, 2, 0, 2), (0, -2, 2, 1, 2), (1, -2, 1, 0, 1), (0, -2, 1, 1, 1), (0, -2, 1, 0, 0), (2, 1, -2, 0, 2), (2, 0, -2, 1, 2), (1, 1, -2, 0, 1), (1, 0, -2, 1, 1), (1, 0, -2, 0, 0), (1, 2, 0, -2, 2), (0, 2, 1, -2, 2), (1, 1, 0, -2, 1), (0, 1, 1, -2, 1), (0, 1, 0, -2, 0), (1, 2, -2, 0, 2), (0, 2, -2, 1, 2), (1, 1, -2, 0, 1), (0, 1, -2, 1, 1), (0, 1, -2, 0, 0), (2, 1, 0, -2, 2), (2, 0, 1, -2, 2), (1, 1, 0, -2, 1), (1, 0, 1, -2, 1), (1, 0, 0, -2, 0), (2, 1, 0, -2, 2), (2, 0, 1, -2, 2), (1, 1, 0, -2, 1), (1, 0, 1, -2, 1), (1, 0, 0, -2, 0), (2, -2, 1, 0, 2), (2, -2, 0, 1, 2), (1, -2, 1, 0, 1), (1, -2, 0, 1, 1), (1, -2, 0, 0, 0), (1, 0, 2, -2, 2), (0, 1, 2, -2, 2), (1, 0, 1, -2, 1), (0, 1, 1, -2, 1), (0, 0, 1, -2, 0)]


-- 2025-12-19 13:35:05 --写入特征标:(0, 2, 1, 0, 1)
[(1, 2, 0, 0, 1), (2, 2, 0, 0, 2), (2, 3, 0, 0, 3), (2, 0, 1, 0, 1), (2, 0, 2, 0, 2), (3, 0, 2, 0, 3), (2, 1, 0, 0, 1), (2, 2, 0, 0, 2), (3, 2, 0, 0, 3), (0, 2, 1, 0, 1), (0, 2, 2, 0, 2), (0, 3, 2, 0, 3)]


-- 2025-12-19 13:37:03 --写入特征标:(2, 2, 1, 0, 2)
[(3, 2, 1, 0, 3), (2, 3, 1, 0, 3), (2, 2, 1, 0, 2)]


-- 2025-12-19 13:37:47 --写入特征标:(2, 2, 0, 1, 2)
[(3, 2, 0, 1, 3), (2, 3, 0, 1, 3), (2, 2, 0, 1, 2), (3, 2, 1, 0, 3), (2, 3, 1, 0, 3), (2, 2, 1, 0, 2)]


-- 2025-12-19 13:46:24 --写入特征标:(0, 0, 0, 0, 0)
[(1, 0, 0, 0, 1), (0, 1, 0, 0, 1), (0, 0, 1, 0, 1), (0, 0, 0, 1, 1), (0, 0, 0, 0, 0)]


-- 2025-12-19 13:47:31 --写入特征标:(0, 1, 0, 0, 0)
[(1, 2, 0, 0, 2), (0, 2, 1, 0, 2), (0, 2, 0, 1, 2), (1, 1, 0, 0, 1), (0, 1, 1, 0, 1), (0, 1, 0, 1, 1), (0, 1, 0, 0, 0), (2, 1, 0, 0, 2), (2, 0, 1, 0, 2), (2, 0, 0, 1, 2), (1, 1, 0, 0, 1), (1, 0, 1, 0, 1), (1, 0, 0, 1, 1), (1, 0, 0, 0, 0)]


-- 2025-12-19 13:49:59 --写入特征标:(0, 0, 1, 0, 0)
[(1, 2, 0, 0, 2), (0, 2, 1, 0, 2), (0, 2, 0, 1, 2), (1, 1, 0, 0, 1), (0, 1, 1, 0, 1), (0, 1, 0, 1, 1), (0, 1, 0, 0, 0), (1, 0, 2, 0, 2), (0, 1, 2, 0, 2), (0, 0, 2, 1, 2), (1, 0, 1, 0, 1), (0, 1, 1, 0, 1), (0, 0, 1, 1, 1), (0, 0, 1, 0, 0), (2, 1, 0, 0, 2), (2, 0, 1, 0, 2), (2, 0, 0, 1, 2), (1, 1, 0, 0, 1), (1, 0, 1, 0, 1), (1, 0, 0, 1, 1), (1, 0, 0, 0, 0)]


-- 2025-12-19 13:53:25 --写入特征标:(1, 1, 1, 0, 1)
[(2, 1, 1, 0, 2), (1, 2, 1, 0, 2), (1, 1, 2, 0, 2), (1, 1, 1, 0, 1)]


-- 2025-12-19 13:55:36 --写入特征标:(0, 1, 1, 0, 1)
[(2, 1, 0, 0, 2), (1, 2, 0, 0, 2), (1, 1, 0, 0, 1), (0, 2, 1, 0, 2), (0, 1, 2, 0, 2), (0, 1, 1, 0, 1), (2, 0, 1, 0, 2), (1, 0, 2, 0, 2), (1, 0, 1, 0, 1)]


-- 2025-12-19 14:01:11 --写入特征标:(0, 1, 3, 0, 0)
[(2, 3, 1, 0, 2), (2, 3, 0, 1, 2), (1, 3, 1, 0, 1), (1, 3, 0, 1, 1), (1, 3, 0, 0, 0), (1, 2, 3, 0, 2), (0, 2, 3, 1, 2), (1, 1, 3, 0, 1), (0, 1, 3, 1, 1), (0, 1, 3, 0, 0), (3, 1, 2, 0, 2), (3, 0, 2, 1, 2), (3, 1, 1, 0, 1), (3, 0, 1, 1, 1), (3, 0, 1, 0, 0), (3, 2, 1, 0, 2), (3, 2, 0, 1, 2), (3, 1, 1, 0, 1), (3, 1, 0, 1, 1), (3, 1, 0, 0, 0), (2, 1, 3, 0, 2), (2, 0, 3, 1, 2), (1, 1, 3, 0, 1), (1, 0, 3, 1, 1), (1, 0, 3, 0, 0), (1, 3, 2, 0, 2), (0, 3, 2, 1, 2), (1, 3, 1, 0, 1), (0, 3, 1, 1, 1), (0, 3, 1, 0, 0)]


-- 2025-12-19 14:05:01 --写入特征标:(0, 1, 2, 0, 0)
[(1, 2, 0, 0, 0), (2, 1, 0, 0, 0), (1, 2, 0, 1, 1), (1, 2, 1, 0, 1), (2, 1, 0, 1, 1), (2, 1, 1, 0, 1), (2, 2, 0, 1, 2), (2, 2, 1, 0, 2), (0, 1, 2, 0, 0), (0, 2, 1, 0, 0), (0, 1, 2, 1, 1), (0, 2, 1, 1, 1), (1, 1, 2, 0, 1), (1, 2, 1, 0, 1), (0, 2, 2, 1, 2), (1, 2, 2, 0, 2), (1, 0, 2, 0, 0), (2, 0, 1, 0, 0), (1, 0, 2, 1, 1), (1, 1, 2, 0, 1), (2, 0, 1, 1, 1), (2, 1, 1, 0, 1), (2, 0, 2, 1, 2), (2, 1, 2, 0, 2)]


-- 2025-12-19 14:05:28 --写入特征标:(0, 1, -1, 0, 0)
[(1, 0, -1, 0, 0), (1, 0, -1, 1, 1), (1, 1, -1, 0, 1), (2, 0, -1, 1, 2), (2, 1, -1, 0, 2), (0, 1, 0, -1, 0), (0, 1, 1, -1, 1), (1, 1, 0, -1, 1), (0, 2, 1, -1, 2), (1, 2, 0, -1, 2), (0, 1, -1, 0, 0), (0, 1, -1, 1, 1), (1, 1, -1, 0, 1), (0, 2, -1, 1, 2), (1, 2, -1, 0, 2), (1, 0, 0, -1, 0), (1, 0, 1, -1, 1), (1, 1, 0, -1, 1), (2, 0, 1, -1, 2), (2, 1, 0, -1, 2)]


-- 2025-12-19 14:10:28 --写入特征标:(0, 2, 2, 0, 0)
[(2, 2, 1, 0, 1), (2, 2, 0, 1, 1), (2, 2, 0, 0, 0), (1, 2, 2, 0, 1), (0, 2, 2, 1, 1), (0, 2, 2, 0, 0), (2, 1, 2, 0, 1), (2, 0, 2, 1, 1), (2, 0, 2, 0, 0)]


-- 2025-12-19 14:13:25 --写入特征标:(0, 3, 1, 0, 0)
[(2, 3, 1, 0, 2), (2, 3, 0, 1, 2), (1, 3, 1, 0, 1), (1, 3, 0, 1, 1), (1, 3, 0, 0, 0), (3, 1, 2, 0, 2), (3, 0, 2, 1, 2), (3, 1, 1, 0, 1), (3, 0, 1, 1, 1), (3, 0, 1, 0, 0), (3, 2, 1, 0, 2), (3, 2, 0, 1, 2), (3, 1, 1, 0, 1), (3, 1, 0, 1, 1), (3, 1, 0, 0, 0), (1, 3, 2, 0, 2), (0, 3, 2, 1, 2), (1, 3, 1, 0, 1), (0, 3, 1, 1, 1), (0, 3, 1, 0, 0)]


-- 2025-12-19 14:21:03 --写入特征标:(1, 1, 1, 0, 0)
[(2, 1, 1, 1, 2), (1, 2, 1, 1, 2), (1, 1, 2, 1, 2), (1, 1, 1, 1, 1), (1, 1, 1, 0, 0)]


-- 2025-12-19 14:21:20 --写入特征标:(0, 1, 1, 0, 0)
[(2, 0, 1, 1, 2), (2, 1, 0, 1, 2), (2, 1, 1, 0, 2), (0, 2, 1, 1, 2), (1, 2, 0, 1, 2), (1, 2, 1, 0, 2), (0, 1, 2, 1, 2), (1, 0, 2, 1, 2), (1, 1, 2, 0, 2), (0, 1, 1, 1, 1), (1, 0, 1, 1, 1), (1, 1, 0, 1, 1), (1, 1, 1, 0, 1), (0, 1, 1, 0, 0), (1, 0, 1, 0, 0), (1, 1, 0, 0, 0), (1, 1, 1, 0, 1)]


-- 2025-12-19 19:40:51 --写入特征标:(2, 0, 1, 2, 0)
[(2, 0, 2, 1, 0), (2, 1, 2, 0, 0), (2, 1, 2, 1, 1), (2, 2, 0, 1, 0), (2, 2, 1, 0, 0), (2, 2, 1, 1, 1), (2, 0, 1, 2, 0), (2, 1, 0, 2, 0), (2, 1, 1, 2, 1)]


-- 2025-12-19 19:41:14 --写入特征标:(-2, 0, 1, 2, 0)
[(-2, 0, 1, 2, 0), (-2, 1, 0, 2, 0), (-2, 1, 1, 2, 1), (0, -2, 2, 1, 0), (1, -2, 2, 0, 0), (1, -2, 2, 1, 1), (2, 0, -2, 1, 0), (2, 1, -2, 0, 0), (2, 1, -2, 1, 1), (0, 2, 1, -2, 0), (1, 2, 0, -2, 0), (1, 2, 1, -2, 1), (0, 1, -2, 2, 0), (1, 0, -2, 2, 0), (1, 1, -2, 2, 1), (-2, 2, 0, 1, 0), (-2, 2, 1, 0, 0), (-2, 2, 1, 1, 1), (0, -2, 1, 2, 0), (1, -2, 0, 2, 0), (1, -2, 1, 2, 1), (-2, 0, 2, 1, 0), (-2, 1, 2, 0, 0), (-2, 1, 2, 1, 1), (0, 2, -2, 1, 0), (1, 2, -2, 0, 0), (1, 2, -2, 1, 1), (2, 0, 1, -2, 0), (2, 1, 0, -2, 0), (2, 1, 1, -2, 1), (2, -2, 0, 1, 0), (2, -2, 1, 0, 0), (2, -2, 1, 1, 1), (0, 1, 2, -2, 0), (1, 0, 2, -2, 0), (1, 1, 2, -2, 1)]


-- 2025-12-19 19:42:43 --写入特征标:(-2, 0, 2, 1, 0)
[(0, -2, 2, 1, 0), (1, -2, 2, 0, 0), (1, -2, 2, 1, 1), (2, 0, -2, 1, 0), (2, 1, -2, 0, 0), (2, 1, -2, 1, 1), (0, 2, 1, -2, 0), (1, 2, 0, -2, 0), (1, 2, 1, -2, 1), (-2, 2, 0, 1, 0), (-2, 2, 1, 0, 0), (-2, 2, 1, 1, 1), (-2, 0, 2, 1, 0), (-2, 1, 2, 0, 0), (-2, 1, 2, 1, 1), (0, 2, -2, 1, 0), (1, 2, -2, 0, 0), (1, 2, -2, 1, 1), (2, 0, 1, -2, 0), (2, 1, 0, -2, 0), (2, 1, 1, -2, 1), (2, -2, 0, 1, 0), (2, -2, 1, 0, 0), (2, -2, 1, 1, 1), (0, 1, 2, -2, 0), (1, 0, 2, -2, 0), (1, 1, 2, -2, 1)]


-- 2025-12-19 19:42:58 --写入特征标:(2, 0, 2, 1, 0)
[(2, 0, 2, 1, 0), (2, 1, 2, 0, 0), (2, 1, 2, 1, 1), (2, 2, 0, 1, 0), (2, 2, 1, 0, 0), (2, 2, 1, 1, 1)]


-- 2025-12-19 19:45:49 --写入特征标:(2, 0, 0, 1, 0)
[(2, 0, 0, 1, 0), (2, 0, 1, 0, 0), (2, 1, 0, 0, 0), (2, 0, 1, 1, 1), (2, 1, 0, 1, 1), (2, 1, 1, 0, 1)]


-- 2025-12-19 19:46:30 --写入特征标:(-2, 0, 0, 1, 0)
[(-2, 0, 0, 1, 0), (-2, 0, 1, 0, 0), (-2, 1, 0, 0, 0), (-2, 0, 1, 1, 1), (-2, 1, 0, 1, 1), (-2, 1, 1, 0, 1), (0, 0, -2, 1, 0), (0, 1, -2, 0, 0), (1, 0, -2, 0, 0), (0, 1, -2, 1, 1), (1, 0, -2, 1, 1), (1, 1, -2, 0, 1), (0, -2, 0, 1, 0), (0, -2, 1, 0, 0), (1, -2, 0, 0, 0), (0, -2, 1, 1, 1), (1, -2, 0, 1, 1), (1, -2, 1, 0, 1), (0, 0, 1, -2, 0), (0, 1, 0, -2, 0), (1, 0, 0, -2, 0), (0, 1, 1, -2, 1), (1, 0, 1, -2, 1), (1, 1, 0, -2, 1)]


-- 2025-12-19 19:46:38 --写入特征标:(-1, 0, 0, 1, 0)
[(-1, 0, 0, 1, 0), (-1, 0, 1, 0, 0), (-1, 1, 0, 0, 0), (-1, 0, 1, 1, 1), (-1, 1, 0, 1, 1), (-1, 1, 1, 0, 1), (0, 0, -1, 1, 0), (0, 1, -1, 0, 0), (1, 0, -1, 0, 0), (0, 1, -1, 1, 1), (1, 0, -1, 1, 1), (1, 1, -1, 0, 1), (0, -1, 0, 1, 0), (0, -1, 1, 0, 0), (1, -1, 0, 0, 0), (0, -1, 1, 1, 1), (1, -1, 0, 1, 1), (1, -1, 1, 0, 1), (0, 0, 1, -1, 0), (0, 1, 0, -1, 0), (1, 0, 0, -1, 0), (0, 1, 1, -1, 1), (1, 0, 1, -1, 1), (1, 1, 0, -1, 1)]


-- 2025-12-19 19:47:22 --写入特征标:(-1, 0, 2, 1, 0)
[(0, -1, 2, 1, 0), (1, -1, 2, 0, 0), (1, -1, 2, 1, 1), (2, 0, -1, 1, 0), (2, 1, -1, 0, 0), (2, 1, -1, 1, 1), (0, 2, 1, -1, 0), (1, 2, 0, -1, 0), (1, 2, 1, -1, 1), (-1, 2, 0, 1, 0), (-1, 2, 1, 0, 0), (-1, 2, 1, 1, 1), (-1, 0, 2, 1, 0), (-1, 1, 2, 0, 0), (-1, 1, 2, 1, 1), (0, 2, -1, 1, 0), (1, 2, -1, 0, 0), (1, 2, -1, 1, 1), (2, 0, 1, -1, 0), (2, 1, 0, -1, 0), (2, 1, 1, -1, 1), (2, -1, 0, 1, 0), (2, -1, 1, 0, 0), (2, -1, 1, 1, 1), (0, 1, 2, -1, 0), (1, 0, 2, -1, 0), (1, 1, 2, -1, 1)]


-- 2025-12-19 19:52:29 --写入特征标:(-2, 0, 0, 0, 0)
[(-2, 1, 0, 0, 1), (-2, 0, 1, 0, 1), (-2, 0, 0, 1, 1), (-2, 0, 0, 0, 0), (1, 0, -2, 0, 1), (0, 1, -2, 0, 1), (0, 0, -2, 1, 1), (0, 0, -2, 0, 0), (1, -2, 0, 0, 1), (0, -2, 1, 0, 1), (0, -2, 0, 1, 1), (0, -2, 0, 0, 0), (1, 0, 0, -2, 1), (0, 1, 0, -2, 1), (0, 0, 1, -2, 1), (0, 0, 0, -2, 0)]


-- 2025-12-19 20:03:02 --写入特征标:(3, 0, 2, 0, 0)
[(3, 0, 2, 0, 0), (3, 0, 2, 1, 1), (3, 1, 2, 0, 1), (3, 2, 0, 0, 0), (3, 2, 0, 1, 1), (3, 2, 1, 0, 1)]


-- 2025-12-19 20:04:54 --写入特征标:(-3, 0, 2, 0, 0)
[(1, -3, 2, 0, 1), (0, -3, 2, 1, 1), (0, -3, 2, 0, 0), (2, 1, -3, 0, 1), (2, 0, -3, 1, 1), (2, 0, -3, 0, 0), (1, 2, 0, -3, 1), (0, 2, 1, -3, 1), (0, 2, 0, -3, 0), (-3, 2, 1, 0, 1), (-3, 2, 0, 1, 1), (-3, 2, 0, 0, 0), (-3, 1, 2, 0, 1), (-3, 0, 2, 1, 1), (-3, 0, 2, 0, 0), (1, 2, -3, 0, 1), (0, 2, -3, 1, 1), (0, 2, -3, 0, 0), (2, 1, 0, -3, 1), (2, 0, 1, -3, 1), (2, 0, 0, -3, 0), (2, -3, 1, 0, 1), (2, -3, 0, 1, 1), (2, -3, 0, 0, 0), (1, 0, 2, -3, 1), (0, 1, 2, -3, 1), (0, 0, 2, -3, 0)]


-- 2025-12-19 20:05:08 --写入特征标:(-1, 0, 2, 0, 0)
[(1, -1, 2, 0, 1), (0, -1, 2, 1, 1), (0, -1, 2, 0, 0), (2, 1, -1, 0, 1), (2, 0, -1, 1, 1), (2, 0, -1, 0, 0), (1, 2, 0, -1, 1), (0, 2, 1, -1, 1), (0, 2, 0, -1, 0), (-1, 2, 1, 0, 1), (-1, 2, 0, 1, 1), (-1, 2, 0, 0, 0), (-1, 1, 2, 0, 1), (-1, 0, 2, 1, 1), (-1, 0, 2, 0, 0), (1, 2, -1, 0, 1), (0, 2, -1, 1, 1), (0, 2, -1, 0, 0), (2, 1, 0, -1, 1), (2, 0, 1, -1, 1), (2, 0, 0, -1, 0), (2, -1, 1, 0, 1), (2, -1, 0, 1, 1), (2, -1, 0, 0, 0), (1, 0, 2, -1, 1), (0, 1, 2, -1, 1), (0, 0, 2, -1, 0)]


-- 2025-12-19 20:07:24 --写入特征标:(-1, 0, 1, 0, 0)
[(0, -1, 1, 0, 0), (0, -1, 1, 1, 1), (1, -1, 1, 0, 1), (0, -1, 2, 1, 2), (1, -1, 2, 0, 2), (1, 0, -1, 0, 0), (1, 0, -1, 1, 1), (1, 1, -1, 0, 1), (2, 0, -1, 1, 2), (2, 1, -1, 0, 2), (0, 1, 0, -1, 0), (0, 1, 1, -1, 1), (1, 1, 0, -1, 1), (0, 2, 1, -1, 2), (1, 2, 0, -1, 2), (-1, 1, 0, 0, 0), (-1, 1, 0, 1, 1), (-1, 1, 1, 0, 1), (-1, 2, 0, 1, 2), (-1, 2, 1, 0, 2), (-1, 0, 1, 0, 0), (-1, 0, 1, 1, 1), (-1, 1, 1, 0, 1), (-1, 0, 2, 1, 2), (-1, 1, 2, 0, 2), (0, 1, -1, 0, 0), (0, 1, -1, 1, 1), (1, 1, -1, 0, 1), (0, 2, -1, 1, 2), (1, 2, -1, 0, 2), (1, 0, 0, -1, 0), (1, 0, 1, -1, 1), (1, 1, 0, -1, 1), (2, 0, 1, -1, 2), (2, 1, 0, -1, 2), (1, -1, 0, 0, 0), (1, -1, 0, 1, 1), (1, -1, 1, 0, 1), (2, -1, 0, 1, 2), (2, -1, 1, 0, 2), (0, 0, 1, -1, 0), (0, 1, 1, -1, 1), (1, 0, 1, -1, 1), (0, 1, 2, -1, 2), (1, 0, 2, -1, 2)]


-- 2025-12-19 20:07:39 --写入特征标:(3, 0, 1, 0, 0)
[(3, 0, 1, 0, 0), (3, 0, 1, 1, 1), (3, 1, 1, 0, 1), (3, 0, 2, 1, 2), (3, 1, 2, 0, 2), (3, 1, 0, 0, 0), (3, 1, 0, 1, 1), (3, 1, 1, 0, 1), (3, 2, 0, 1, 2), (3, 2, 1, 0, 2)]


-- 2025-12-19 20:12:01 --写入特征标:(2, 0, 2, 0, 0)
[(2, 2, 1, 0, 1), (2, 2, 0, 1, 1), (2, 2, 0, 0, 0), (2, 1, 2, 0, 1), (2, 0, 2, 1, 1), (2, 0, 2, 0, 0)]


-- 2025-12-19 20:13:57 --写入特征标:(-2, 0, 2, 0, 0)
[(1, -2, 2, 0, 1), (0, -2, 2, 1, 1), (0, -2, 2, 0, 0), (2, 1, -2, 0, 1), (2, 0, -2, 1, 1), (2, 0, -2, 0, 0), (1, 2, 0, -2, 1), (0, 2, 1, -2, 1), (0, 2, 0, -2, 0), (-2, 2, 1, 0, 1), (-2, 2, 0, 1, 1), (-2, 2, 0, 0, 0), (-2, 1, 2, 0, 1), (-2, 0, 2, 1, 1), (-2, 0, 2, 0, 0), (1, 2, -2, 0, 1), (0, 2, -2, 1, 1), (0, 2, -2, 0, 0), (2, 1, 0, -2, 1), (2, 0, 1, -2, 1), (2, 0, 0, -2, 0), (2, -2, 1, 0, 1), (2, -2, 0, 1, 1), (2, -2, 0, 0, 0), (1, 0, 2, -2, 1), (0, 1, 2, -2, 1), (0, 0, 2, -2, 0)]


-- 2025-12-19 20:16:04 --写入特征标:(2, 0, -2, 0, 0)
[(2, 1, -2, 0, 1), (2, 0, -2, 1, 1), (2, 0, -2, 0, 0), (2, 1, 0, -2, 1), (2, 0, 1, -2, 1), (2, 0, 0, -2, 0)]


-- 2025-12-19 20:17:04 --写入特征标:(2, 0, 1, 0, 0)
[(2, 0, 1, 0, 0), (2, 0, 1, 1, 1), (2, 1, 1, 0, 1), (2, 0, 2, 1, 2), (2, 1, 2, 0, 2), (3, 0, 2, 1, 3), (3, 1, 2, 0, 3), (2, 1, 0, 0, 0), (2, 1, 0, 1, 1), (2, 1, 1, 0, 1), (2, 2, 0, 1, 2), (2, 2, 1, 0, 2), (3, 2, 0, 1, 3), (3, 2, 1, 0, 3)]


-- 2025-12-19 20:17:31 --写入特征标:(7, 0, 1, 0, 0)
[(7, 0, 1, 0, 0), (7, 0, 1, 1, 1), (7, 1, 1, 0, 1), (7, 0, 2, 1, 2), (7, 1, 2, 0, 2), (7, 1, 0, 0, 0), (7, 1, 0, 1, 1), (7, 1, 1, 0, 1), (7, 2, 0, 1, 2), (7, 2, 1, 0, 2)]


-- 2025-12-19 20:38:01 --写入特征标:(-2, 0, 1, 0, 0)
[(1, -2, 2, 0, 2), (0, -2, 2, 1, 2), (1, -2, 1, 0, 1), (0, -2, 1, 1, 1), (0, -2, 1, 0, 0), (2, 1, -2, 0, 2), (2, 0, -2, 1, 2), (1, 1, -2, 0, 1), (1, 0, -2, 1, 1), (1, 0, -2, 0, 0), (1, 2, 0, -2, 2), (0, 2, 1, -2, 2), (1, 1, 0, -2, 1), (0, 1, 1, -2, 1), (0, 1, 0, -2, 0), (-2, 2, 1, 0, 2), (-2, 2, 0, 1, 2), (-2, 1, 1, 0, 1), (-2, 1, 0, 1, 1), (-2, 1, 0, 0, 0), (-2, 1, 2, 0, 2), (-2, 0, 2, 1, 2), (-2, 1, 1, 0, 1), (-2, 0, 1, 1, 1), (-2, 0, 1, 0, 0), (1, 2, -2, 0, 2), (0, 2, -2, 1, 2), (1, 1, -2, 0, 1), (0, 1, -2, 1, 1), (0, 1, -2, 0, 0), (2, 1, 0, -2, 2), (2, 0, 1, -2, 2), (1, 1, 0, -2, 1), (1, 0, 1, -2, 1), (1, 0, 0, -2, 0), (2, -2, 1, 0, 2), (2, -2, 0, 1, 2), (1, -2, 1, 0, 1), (1, -2, 0, 1, 1), (1, -2, 0, 0, 0), (1, 0, 2, -2, 2), (0, 1, 2, -2, 2), (1, 0, 1, -2, 1), (0, 1, 1, -2, 1), (0, 0, 1, -2, 0)]


-- 2025-12-19 20:50:43 --写入特征标:(0, 0, -2, -1, 0)
[(1, 0, -2, -1, 1), (0, 1, -2, -1, 1), (0, 0, -2, -1, 0), (1, 0, -1, -2, 1), (0, 1, -1, -2, 1), (0, 0, -1, -2, 0)]


-- 2025-12-19 20:54:18 --写入特征标:(2, 0, -1, 0, 0)
[(2, 1, -1, 0, 1), (2, 0, -1, 1, 1), (2, 0, -1, 0, 0), (2, 1, 0, -1, 1), (2, 0, 1, -1, 1), (2, 0, 0, -1, 0)]


-- 2025-12-19 20:58:34 --写入特征标:(3, 0, -1, 0, 0)
[(3, 1, -1, 0, 1), (3, 0, -1, 1, 1), (3, 0, -1, 0, 0), (3, 1, 0, -1, 1), (3, 0, 1, -1, 1), (3, 0, 0, -1, 0)]


-- 2025-12-19 21:00:44 --写入特征标:(0, 0, -3, -1, 0)
[(1, 0, -3, -1, 1), (0, 1, -3, -1, 1), (0, 0, -3, -1, 0), (1, 0, -1, -3, 1), (0, 1, -1, -3, 1), (0, 0, -1, -3, 0)]


-- 2025-12-19 21:01:08 --写入特征标:(0, 0, -1, -3, 0)
[(1, 0, -1, -3, 1), (0, 1, -1, -3, 1), (0, 0, -1, -3, 0)]


-- 2025-12-19 21:04:12 --写入特征标:(-3, 0, -11, 0, 0)
[(1, 0, -11, -3, 1), (0, 1, -11, -3, 1), (0, 0, -11, -3, 0), (-3, 1, -11, 0, 1), (-3, 0, -11, 1, 1), (-3, 0, -11, 0, 0), (1, -3, 0, -11, 1), (0, -3, 1, -11, 1), (0, -3, 0, -11, 0), (1, 0, -3, -11, 1), (0, 1, -3, -11, 1), (0, 0, -3, -11, 0), (1, -3, -11, 0, 1), (0, -3, -11, 1, 1), (0, -3, -11, 0, 0), (-3, 1, 0, -11, 1), (-3, 0, 1, -11, 1), (-3, 0, 0, -11, 0)]


-- 2025-12-19 21:06:14 --写入特征标:(-2, 0, -3, 0, 0)
[(1, 0, -3, -2, 1), (0, 1, -3, -2, 1), (0, 0, -3, -2, 0), (-2, 1, -3, 0, 1), (-2, 0, -3, 1, 1), (-2, 0, -3, 0, 0), (1, -2, 0, -3, 1), (0, -2, 1, -3, 1), (0, -2, 0, -3, 0), (1, 0, -2, -3, 1), (0, 1, -2, -3, 1), (0, 0, -2, -3, 0), (1, -2, -3, 0, 1), (0, -2, -3, 1, 1), (0, -2, -3, 0, 0), (-2, 1, 0, -3, 1), (-2, 0, 1, -3, 1), (-2, 0, 0, -3, 0)]


-- 2025-12-19 21:14:45 --写入特征标:(-1, 0, -2, 0, 0)
[(1, 0, -2, -1, 1), (0, 1, -2, -1, 1), (0, 0, -2, -1, 0), (-1, 1, -2, 0, 1), (-1, 0, -2, 1, 1), (-1, 0, -2, 0, 0), (1, -1, 0, -2, 1), (0, -1, 1, -2, 1), (0, -1, 0, -2, 0), (1, 0, -1, -2, 1), (0, 1, -1, -2, 1), (0, 0, -1, -2, 0), (1, -1, -2, 0, 1), (0, -1, -2, 1, 1), (0, -1, -2, 0, 0), (-1, 1, 0, -2, 1), (-1, 0, 1, -2, 1), (-1, 0, 0, -2, 0)]


-- 2025-12-19 21:15:54 --写入特征标:(-2, 0, -4, 0, 0)
[(1, 0, -4, -2, 1), (0, 1, -4, -2, 1), (0, 0, -4, -2, 0), (-2, 1, -4, 0, 1), (-2, 0, -4, 1, 1), (-2, 0, -4, 0, 0), (1, -2, 0, -4, 1), (0, -2, 1, -4, 1), (0, -2, 0, -4, 0), (1, 0, -2, -4, 1), (0, 1, -2, -4, 1), (0, 0, -2, -4, 0), (1, -2, -4, 0, 1), (0, -2, -4, 1, 1), (0, -2, -4, 0, 0), (-2, 1, 0, -4, 1), (-2, 0, 1, -4, 1), (-2, 0, 0, -4, 0)]


-- 2025-12-19 21:18:41 --写入特征标:(0, 0, -2, -2, 0)
[(1, 0, -2, -2, 1), (0, 1, -2, -2, 1), (0, 0, -2, -2, 0)]


-- 2025-12-19 21:31:20 --写入特征标:(-4, 0, 0, 2, 0)
[(-4, 0, 0, 2, 0), (-4, 0, 1, 2, 1), (-4, 1, 0, 2, 1), (0, -4, 2, 0, 0), (0, -4, 2, 1, 1), (1, -4, 2, 0, 1), (2, 0, -4, 0, 0), (2, 0, -4, 1, 1), (2, 1, -4, 0, 1), (0, 2, 0, -4, 0), (0, 2, 1, -4, 1), (1, 2, 0, -4, 1), (0, 0, -4, 2, 0), (0, 1, -4, 2, 1), (1, 0, -4, 2, 1), (-4, 2, 0, 0, 0), (-4, 2, 0, 1, 1), (-4, 2, 1, 0, 1), (0, -4, 0, 2, 0), (0, -4, 1, 2, 1), (1, -4, 0, 2, 1), (-4, 0, 2, 0, 0), (-4, 0, 2, 1, 1), (-4, 1, 2, 0, 1), (0, 2, -4, 0, 0), (0, 2, -4, 1, 1), (1, 2, -4, 0, 1), (2, 0, 0, -4, 0), (2, 0, 1, -4, 1), (2, 1, 0, -4, 1), (2, -4, 0, 0, 0), (2, -4, 0, 1, 1), (2, -4, 1, 0, 1), (0, 0, 2, -4, 0), (0, 1, 2, -4, 1), (1, 0, 2, -4, 1)]


-- 2025-12-19 21:31:30 --写入特征标:(-4, 0, 0, -2, 0)
[(0, 0, -4, -2, 0), (0, 1, -4, -2, 1), (1, 0, -4, -2, 1), (-4, 0, 0, -2, 0), (-4, 0, 1, -2, 1), (-4, 1, 0, -2, 1), (0, -2, 0, -4, 0), (0, -2, 1, -4, 1), (1, -2, 0, -4, 1), (0, 0, -2, -4, 0), (0, 1, -2, -4, 1), (1, 0, -2, -4, 1), (0, -4, 0, -2, 0), (0, -4, 1, -2, 1), (1, -4, 0, -2, 1), (-2, 0, 0, -4, 0), (-2, 0, 1, -4, 1), (-2, 1, 0, -4, 1)]


-- 2025-12-19 21:31:41 --写入特征标:(-4, 0, 0, -6, 0)
[(0, -4, 0, -6, 0), (0, -4, 1, -6, 1), (1, -4, 0, -6, 1), (0, 0, -4, -6, 0), (0, 1, -4, -6, 1), (1, 0, -4, -6, 1), (-4, 0, 0, -6, 0), (-4, 0, 1, -6, 1), (-4, 1, 0, -6, 1)]


-- 2025-12-19 21:35:23 --写入特征标:(1, 0, 1, 1, 0)
[(1, 0, 1, 1, 0), (1, 1, 0, 1, 0), (1, 1, 1, 0, 0), (1, 1, 1, 1, 1), (2, 1, 1, 1, 2)]


-- 2025-12-19 21:35:36 --写入特征标:(1, 0, 1, -1, 0)
[(1, 0, 1, -1, 0), (1, 1, 0, -1, 0), (1, 1, 1, -1, 1), (2, 1, 1, -1, 2)]


-- 2025-12-19 21:35:47 --写入特征标:(1, 0, -1, 1, 0)
[(1, 0, -1, 1, 0), (1, 1, -1, 0, 0), (1, 1, -1, 1, 1), (2, 1, -1, 1, 2), (1, 0, 1, -1, 0), (1, 1, 0, -1, 0), (1, 1, 1, -1, 1), (2, 1, 1, -1, 2)]


-- 2025-12-19 21:36:05 --写入特征标:(1, 0, 3, 1, 0)
[(1, 3, 0, 1, 0), (1, 3, 1, 0, 0), (1, 3, 1, 1, 1), (2, 3, 1, 1, 2), (3, 0, 1, 1, 0), (3, 1, 1, 0, 0), (3, 1, 1, 1, 1), (3, 1, 2, 1, 2), (3, 1, 0, 1, 0), (3, 1, 1, 0, 0), (3, 1, 1, 1, 1), (3, 2, 1, 1, 2), (1, 0, 3, 1, 0), (1, 1, 3, 0, 0), (1, 1, 3, 1, 1), (2, 1, 3, 1, 2)]


-- 2025-12-19 21:36:36 --写入特征标:(1, 0, 3, 6, 0)
[(1, 0, 6, 3, 0), (1, 1, 6, 3, 1), (2, 1, 6, 3, 2), (3, 6, 0, 1, 0), (3, 6, 1, 1, 1), (3, 6, 1, 2, 2), (6, 3, 1, 0, 0), (6, 3, 1, 1, 1), (6, 3, 2, 1, 2), (3, 0, 1, 6, 0), (3, 1, 1, 6, 1), (3, 1, 2, 6, 2), (6, 1, 0, 3, 0), (6, 1, 1, 3, 1), (6, 2, 1, 3, 2), (1, 6, 3, 0, 0), (1, 6, 3, 1, 1), (2, 6, 3, 1, 2), (1, 3, 0, 6, 0), (1, 3, 1, 6, 1), (2, 3, 1, 6, 2), (6, 0, 3, 1, 0), (6, 1, 3, 1, 1), (6, 1, 3, 2, 2), (3, 1, 6, 0, 0), (3, 1, 6, 1, 1), (3, 2, 6, 1, 2), (1, 0, 3, 6, 0), (1, 1, 3, 6, 1), (2, 1, 3, 6, 2), (6, 3, 0, 1, 0), (6, 3, 1, 1, 1), (6, 3, 1, 2, 2), (3, 6, 1, 0, 0), (3, 6, 1, 1, 1), (3, 6, 2, 1, 2), (1, 6, 0, 3, 0), (1, 6, 1, 3, 1), (2, 6, 1, 3, 2), (3, 0, 6, 1, 0), (3, 1, 6, 1, 1), (3, 1, 6, 2, 2), (6, 1, 3, 0, 0), (6, 1, 3, 1, 1), (6, 2, 3, 1, 2), (3, 1, 0, 6, 0), (3, 1, 1, 6, 1), (3, 2, 1, 6, 2), (6, 0, 1, 3, 0), (6, 1, 1, 3, 1), (6, 1, 2, 3, 2), (1, 3, 6, 0, 0), (1, 3, 6, 1, 1), (2, 3, 6, 1, 2)]


-- 2025-12-19 21:40:16 --写入特征标:(1, 0, -3, -6, 0)
[(1, 0, -3, -6, 0), (1, 1, -3, -6, 1), (2, 1, -3, -6, 2)]


-- 2025-12-19 21:40:24 --写入特征标:(1, 0, -3, -1, 0)
[(1, 0, -1, -3, 0), (1, 1, -1, -3, 1), (2, 1, -1, -3, 2), (1, 0, -3, -1, 0), (1, 1, -3, -1, 1), (2, 1, -3, -1, 2)]


-- 2025-12-19 21:40:52 --写入特征标:(1, 0, 3, 4, 0)
[(1, 0, 4, 3, 0), (1, 1, 4, 3, 1), (2, 1, 4, 3, 2), (3, 4, 0, 1, 0), (3, 4, 1, 1, 1), (3, 4, 1, 2, 2), (4, 3, 1, 0, 0), (4, 3, 1, 1, 1), (4, 3, 2, 1, 2), (3, 0, 1, 4, 0), (3, 1, 1, 4, 1), (3, 1, 2, 4, 2), (4, 1, 0, 3, 0), (4, 1, 1, 3, 1), (4, 2, 1, 3, 2), (1, 4, 3, 0, 0), (1, 4, 3, 1, 1), (2, 4, 3, 1, 2), (1, 3, 0, 4, 0), (1, 3, 1, 4, 1), (2, 3, 1, 4, 2), (4, 0, 3, 1, 0), (4, 1, 3, 1, 1), (4, 1, 3, 2, 2), (3, 1, 4, 0, 0), (3, 1, 4, 1, 1), (3, 2, 4, 1, 2), (1, 0, 3, 4, 0), (1, 1, 3, 4, 1), (2, 1, 3, 4, 2), (4, 3, 0, 1, 0), (4, 3, 1, 1, 1), (4, 3, 1, 2, 2), (3, 4, 1, 0, 0), (3, 4, 1, 1, 1), (3, 4, 2, 1, 2), (1, 4, 0, 3, 0), (1, 4, 1, 3, 1), (2, 4, 1, 3, 2), (3, 0, 4, 1, 0), (3, 1, 4, 1, 1), (3, 1, 4, 2, 2), (4, 1, 3, 0, 0), (4, 1, 3, 1, 1), (4, 2, 3, 1, 2), (3, 1, 0, 4, 0), (3, 1, 1, 4, 1), (3, 2, 1, 4, 2), (4, 0, 1, 3, 0), (4, 1, 1, 3, 1), (4, 1, 2, 3, 2), (1, 3, 4, 0, 0), (1, 3, 4, 1, 1), (2, 3, 4, 1, 2)]


-- 2025-12-19 21:43:16 --写入特征标:(1, 0, -3, -4, 0)
[(1, 0, -3, -4, 0), (1, 1, -3, -4, 1), (2, 1, -3, -4, 2)]


-- 2025-12-19 21:43:50 --写入特征标:(1, 0, -4, -6, 0)
[(1, 0, -4, -6, 0), (1, 1, -4, -6, 1), (2, 1, -4, -6, 2)]


-- 2025-12-19 21:43:59 --写入特征标:(1, 0, -4, -4, 0)
[(1, 0, -4, -4, 0), (1, 1, -4, -4, 1), (2, 1, -4, -4, 2)]


-- 2025-12-19 21:44:10 --写入特征标:(1, 0, -4, -3, 0)
[(1, 0, -3, -4, 0), (1, 1, -3, -4, 1), (2, 1, -3, -4, 2), (1, 0, -4, -3, 0), (1, 1, -4, -3, 1), (2, 1, -4, -3, 2)]


-- 2025-12-19 21:45:33 --写入特征标:(1, 0, 2, 2, 0)
[(1, 2, 0, 2, 0), (2, 1, 0, 2, 0), (2, 2, 0, 1, 0), (1, 2, 1, 2, 1), (2, 1, 1, 2, 1), (2, 2, 1, 1, 1), (2, 2, 1, 2, 2), (1, 0, 2, 2, 0), (2, 0, 1, 2, 0), (2, 0, 2, 1, 0), (1, 1, 2, 2, 1), (2, 1, 1, 2, 1), (2, 1, 2, 1, 1), (2, 1, 2, 2, 2), (1, 2, 2, 0, 0), (2, 1, 2, 0, 0), (2, 2, 1, 0, 0), (1, 2, 2, 1, 1), (2, 1, 2, 1, 1), (2, 2, 1, 1, 1), (2, 2, 2, 1, 2)]


-- 2025-12-19 21:49:23 --写入特征标:(1, 0, 2, 1, 0)
[(1, 2, 0, 1, 0), (1, 2, 1, 0, 0), (2, 1, 0, 1, 0), (2, 1, 1, 0, 0), (1, 2, 1, 1, 1), (2, 1, 1, 1, 1), (2, 2, 1, 1, 2), (1, 0, 2, 1, 0), (1, 1, 2, 0, 0), (2, 0, 1, 1, 0), (2, 1, 1, 0, 0), (1, 1, 2, 1, 1), (2, 1, 1, 1, 1), (2, 1, 2, 1, 2)]


-- 2025-12-19 21:50:45 --写入特征标:(1, 0, 3, 3, 0)
[(3, 3, 0, 1, 0), (3, 3, 1, 1, 1), (3, 3, 1, 2, 2), (3, 0, 1, 3, 0), (3, 1, 1, 3, 1), (3, 1, 2, 3, 2), (1, 3, 0, 3, 0), (1, 3, 1, 3, 1), (2, 3, 1, 3, 2), (3, 1, 3, 0, 0), (3, 1, 3, 1, 1), (3, 2, 3, 1, 2), (1, 0, 3, 3, 0), (1, 1, 3, 3, 1), (2, 1, 3, 3, 2), (3, 3, 1, 0, 0), (3, 3, 1, 1, 1), (3, 3, 2, 1, 2), (3, 0, 3, 1, 0), (3, 1, 3, 1, 1), (3, 1, 3, 2, 2), (3, 1, 0, 3, 0), (3, 1, 1, 3, 1), (3, 2, 1, 3, 2), (1, 3, 3, 0, 0), (1, 3, 3, 1, 1), (2, 3, 3, 1, 2)]


-- 2025-12-19 22:28:49 --写入特征标:(4, 0, 1, 1, 0)
[(4, 0, 1, 1, 0), (4, 1, 0, 1, 0), (4, 1, 1, 0, 0), (4, 1, 1, 1, 1)]


-- 2025-12-19 22:32:22 --写入特征标:(1, 0, 1, 4, 1)
[(2, 0, 4, 1, 2), (1, 0, 4, 2, 2), (1, 0, 4, 1, 1), (4, 2, 0, 1, 2), (4, 1, 0, 2, 2), (4, 1, 0, 1, 1), (2, 4, 1, 0, 2), (1, 4, 2, 0, 2), (1, 4, 1, 0, 1), (2, 1, 0, 4, 2), (1, 2, 0, 4, 2), (1, 1, 0, 4, 1), (2, 0, 1, 4, 2), (1, 0, 2, 4, 2), (1, 0, 1, 4, 1), (2, 4, 0, 1, 2), (1, 4, 0, 2, 2), (1, 4, 0, 1, 1), (4, 2, 1, 0, 2), (4, 1, 2, 0, 2), (4, 1, 1, 0, 1), (4, 0, 2, 1, 2), (4, 0, 1, 2, 2), (4, 0, 1, 1, 1), (2, 1, 4, 0, 2), (1, 2, 4, 0, 2), (1, 1, 4, 0, 1)]


-- 2025-12-19 22:34:10 --写入特征标:(2, 0, 1, 4, 0)
[(2, 4, 0, 1, 0), (2, 4, 1, 0, 0), (2, 4, 1, 1, 1), (2, 0, 1, 4, 0), (2, 1, 0, 4, 0), (2, 1, 1, 4, 1), (4, 0, 2, 1, 0), (4, 1, 2, 0, 0), (4, 1, 2, 1, 1), (4, 2, 0, 1, 0), (4, 2, 1, 0, 0), (4, 2, 1, 1, 1), (2, 0, 4, 1, 0), (2, 1, 4, 0, 0), (2, 1, 4, 1, 1), (4, 0, 1, 2, 0), (4, 1, 0, 2, 0), (4, 1, 1, 2, 1)]


-- 2025-12-19 22:36:04 --写入特征标:(1, 0, 0, 4, 1)
[(2, 4, 0, 0, 2), (1, 4, 0, 0, 1), (2, 0, 0, 4, 2), (1, 0, 0, 4, 1), (4, 0, 2, 0, 2), (4, 0, 1, 0, 1), (4, 2, 0, 0, 2), (4, 1, 0, 0, 1), (2, 0, 4, 0, 2), (1, 0, 4, 0, 1), (4, 0, 0, 2, 2), (4, 0, 0, 1, 1)]


-- 2025-12-19 22:37:06 --写入特征标:(1, 0, 0, 4, 0)
[(2, 4, 1, 0, 2), (2, 4, 0, 1, 2), (1, 4, 1, 0, 1), (1, 4, 0, 1, 1), (1, 4, 0, 0, 0), (2, 1, 0, 4, 2), (2, 0, 1, 4, 2), (1, 1, 0, 4, 1), (1, 0, 1, 4, 1), (1, 0, 0, 4, 0), (4, 1, 2, 0, 2), (4, 0, 2, 1, 2), (4, 1, 1, 0, 1), (4, 0, 1, 1, 1), (4, 0, 1, 0, 0), (4, 2, 1, 0, 2), (4, 2, 0, 1, 2), (4, 1, 1, 0, 1), (4, 1, 0, 1, 1), (4, 1, 0, 0, 0), (2, 1, 4, 0, 2), (2, 0, 4, 1, 2), (1, 1, 4, 0, 1), (1, 0, 4, 1, 1), (1, 0, 4, 0, 0), (4, 1, 0, 2, 2), (4, 0, 1, 2, 2), (4, 1, 0, 1, 1), (4, 0, 1, 1, 1), (4, 0, 0, 1, 0)]


-- 2025-12-19 22:44:27 --写入特征标:(1, 0, 2, 4, 0)
[(1, 0, 4, 2, 0), (2, 0, 4, 1, 0), (1, 1, 4, 2, 1), (2, 1, 4, 1, 1), (2, 1, 4, 2, 2), (4, 1, 0, 2, 0), (4, 2, 0, 1, 0), (4, 1, 1, 2, 1), (4, 2, 1, 1, 1), (4, 2, 1, 2, 2), (1, 4, 2, 0, 0), (2, 4, 1, 0, 0), (1, 4, 2, 1, 1), (2, 4, 1, 1, 1), (2, 4, 2, 1, 2), (1, 2, 0, 4, 0), (2, 1, 0, 4, 0), (1, 2, 1, 4, 1), (2, 1, 1, 4, 1), (2, 2, 1, 4, 2), (1, 0, 2, 4, 0), (2, 0, 1, 4, 0), (1, 1, 2, 4, 1), (2, 1, 1, 4, 1), (2, 1, 2, 4, 2), (1, 4, 0, 2, 0), (2, 4, 0, 1, 0), (1, 4, 1, 2, 1), (2, 4, 1, 1, 1), (2, 4, 1, 2, 2), (4, 1, 2, 0, 0), (4, 2, 1, 0, 0), (4, 1, 2, 1, 1), (4, 2, 1, 1, 1), (4, 2, 2, 1, 2), (4, 0, 1, 2, 0), (4, 0, 2, 1, 0), (4, 1, 1, 2, 1), (4, 1, 2, 1, 1), (4, 1, 2, 2, 2), (1, 2, 4, 0, 0), (2, 1, 4, 0, 0), (1, 2, 4, 1, 1), (2, 1, 4, 1, 1), (2, 2, 4, 1, 2)]


-- 2025-12-19 22:46:18 --写入特征标:(1, -1, 1, 4, 1)
[(2, -1, 4, 1, 2), (1, -1, 4, 2, 2), (1, -1, 4, 1, 1), (4, 2, -1, 1, 2), (4, 1, -1, 2, 2), (4, 1, -1, 1, 1), (2, 4, 1, -1, 2), (1, 4, 2, -1, 2), (1, 4, 1, -1, 1), (2, 1, -1, 4, 2), (1, 2, -1, 4, 2), (1, 1, -1, 4, 1), (2, -1, 1, 4, 2), (1, -1, 2, 4, 2), (1, -1, 1, 4, 1), (2, 4, -1, 1, 2), (1, 4, -1, 2, 2), (1, 4, -1, 1, 1), (4, 2, 1, -1, 2), (4, 1, 2, -1, 2), (4, 1, 1, -1, 1), (4, -1, 2, 1, 2), (4, -1, 1, 2, 2), (4, -1, 1, 1, 1), (2, 1, 4, -1, 2), (1, 2, 4, -1, 2), (1, 1, 4, -1, 1)]


-- 2025-12-19 22:48:37 --写入特征标:(1, 0, 1, 3, 1)
[(2, 0, 3, 1, 2), (1, 0, 3, 2, 2), (1, 0, 3, 1, 1), (3, 2, 0, 1, 2), (3, 1, 0, 2, 2), (3, 1, 0, 1, 1), (2, 3, 1, 0, 2), (1, 3, 2, 0, 2), (1, 3, 1, 0, 1), (2, 1, 0, 3, 2), (1, 2, 0, 3, 2), (1, 1, 0, 3, 1), (2, 0, 1, 3, 2), (1, 0, 2, 3, 2), (1, 0, 1, 3, 1), (2, 3, 0, 1, 2), (1, 3, 0, 2, 2), (1, 3, 0, 1, 1), (3, 2, 1, 0, 2), (3, 1, 2, 0, 2), (3, 1, 1, 0, 1), (3, 0, 2, 1, 2), (3, 0, 1, 2, 2), (3, 0, 1, 1, 1), (2, 1, 3, 0, 2), (1, 2, 3, 0, 2), (1, 1, 3, 0, 1)]


-- 2025-12-19 22:50:38 --写入特征标:(1, 0, -1, 4, 0)
[(1, 4, -1, 0, 0), (1, 4, -1, 1, 1), (2, 4, -1, 1, 2), (4, 1, 0, -1, 0), (4, 1, 1, -1, 1), (4, 2, 1, -1, 2), (4, 0, -1, 1, 0), (4, 1, -1, 1, 1), (4, 1, -1, 2, 2), (1, 0, 4, -1, 0), (1, 1, 4, -1, 1), (2, 1, 4, -1, 2), (4, 1, -1, 0, 0), (4, 1, -1, 1, 1), (4, 2, -1, 1, 2), (1, 4, 0, -1, 0), (1, 4, 1, -1, 1), (2, 4, 1, -1, 2), (4, 0, 1, -1, 0), (4, 1, 1, -1, 1), (4, 1, 2, -1, 2), (1, 0, -1, 4, 0), (1, 1, -1, 4, 1), (2, 1, -1, 4, 2)]


-- 2025-12-19 22:52:03 --写入特征标:(1, 0, 0, 3, 0)
[(2, 3, 1, 0, 2), (2, 3, 0, 1, 2), (1, 3, 1, 0, 1), (1, 3, 0, 1, 1), (1, 3, 0, 0, 0), (2, 1, 0, 3, 2), (2, 0, 1, 3, 2), (1, 1, 0, 3, 1), (1, 0, 1, 3, 1), (1, 0, 0, 3, 0), (3, 1, 2, 0, 2), (3, 0, 2, 1, 2), (3, 1, 1, 0, 1), (3, 0, 1, 1, 1), (3, 0, 1, 0, 0), (3, 2, 1, 0, 2), (3, 2, 0, 1, 2), (3, 1, 1, 0, 1), (3, 1, 0, 1, 1), (3, 1, 0, 0, 0), (2, 1, 3, 0, 2), (2, 0, 3, 1, 2), (1, 1, 3, 0, 1), (1, 0, 3, 1, 1), (1, 0, 3, 0, 0), (3, 1, 0, 2, 2), (3, 0, 1, 2, 2), (3, 1, 0, 1, 1), (3, 0, 1, 1, 1), (3, 0, 0, 1, 0)]


-- 2025-12-19 22:54:42 --写入特征标:(2, 0, 1, 1, 0)
[(2, 0, 1, 1, 0), (2, 1, 0, 1, 0), (2, 1, 1, 0, 0), (2, 1, 1, 1, 1)]


-- 2025-12-19 23:01:02 --写入特征标:(1, 0, 0, 2, 0)
[(1, 2, 0, 0, 0), (2, 1, 0, 0, 0), (1, 2, 0, 1, 1), (1, 2, 1, 0, 1), (2, 1, 0, 1, 1), (2, 1, 1, 0, 1), (2, 2, 0, 1, 2), (2, 2, 1, 0, 2), (1, 0, 0, 2, 0), (2, 0, 0, 1, 0), (1, 0, 1, 2, 1), (1, 1, 0, 2, 1), (2, 0, 1, 1, 1), (2, 1, 0, 1, 1), (2, 0, 1, 2, 2), (2, 1, 0, 2, 2), (1, 0, 2, 0, 0), (2, 0, 1, 0, 0), (1, 0, 2, 1, 1), (1, 1, 2, 0, 1), (2, 0, 1, 1, 1), (2, 1, 1, 0, 1), (2, 0, 2, 1, 2), (2, 1, 2, 0, 2)]


-- 2025-12-19 23:21:21 --写入特征标:(4, 1, 1, 2, 1)
[(4, 1, 1, 2, 1), (4, 1, 2, 1, 1), (4, 2, 1, 1, 1), (4, 1, 2, 2, 2), (4, 2, 1, 2, 2), (4, 2, 2, 1, 2)]


-- 2025-12-19 23:36:19 --写入特征标:(1, 0, 1, 2, 0)
[(2, 0, 1, 1, 0), (1, 0, 2, 1, 0), (1, 0, 1, 2, 0), (2, 1, 0, 1, 0), (1, 2, 0, 1, 0), (1, 1, 0, 2, 0), (2, 1, 1, 0, 0), (1, 2, 1, 0, 0), (1, 1, 2, 0, 0), (2, 1, 1, 1, 1), (1, 2, 1, 1, 1), (1, 1, 2, 1, 1), (1, 1, 1, 2, 1), (2, 2, 1, 1, 2), (2, 1, 2, 1, 2), (2, 1, 1, 2, 2), (2, 1, 1, 1, 1)]


-- 2025-12-19 23:41:40 --写入特征标:(1, 0, 1, 3, 0)
[(3, 0, 1, 1, 0), (1, 0, 3, 1, 0), (1, 0, 1, 3, 0), (3, 1, 0, 1, 0), (1, 3, 0, 1, 0), (1, 1, 0, 3, 0), (3, 1, 1, 0, 0), (1, 3, 1, 0, 0), (1, 1, 3, 0, 0), (3, 1, 1, 1, 1), (1, 3, 1, 1, 1), (1, 1, 3, 1, 1), (1, 1, 1, 3, 1), (3, 2, 1, 1, 2), (2, 3, 1, 1, 2), (3, 1, 2, 1, 2), (2, 1, 3, 1, 2), (3, 1, 1, 2, 2), (2, 1, 1, 3, 2), (3, 1, 1, 1, 1)]


-- 2025-12-19 23:43:13 --写入特征标:(3, 0, 0, 1, 0)
[(3, 0, 0, 1, 0), (3, 0, 1, 0, 0), (3, 1, 0, 0, 0), (3, 0, 1, 1, 1), (3, 1, 0, 1, 1), (3, 1, 1, 0, 1)]


-- 2025-12-19 23:43:32 --写入特征标:(3, 0, 1, 1, 0)
[(3, 0, 1, 1, 0), (3, 1, 0, 1, 0), (3, 1, 1, 0, 0), (3, 1, 1, 1, 1)]


-- 2025-12-19 23:47:39 --写入特征标:(1, 0, 1, 4, 0)
[(4, 0, 1, 1, 0), (1, 0, 4, 1, 0), (1, 0, 1, 4, 0), (4, 1, 0, 1, 0), (1, 4, 0, 1, 0), (1, 1, 0, 4, 0), (4, 1, 1, 0, 0), (1, 4, 1, 0, 0), (1, 1, 4, 0, 0), (4, 1, 1, 1, 1), (1, 4, 1, 1, 1), (1, 1, 4, 1, 1), (1, 1, 1, 4, 1), (4, 2, 1, 1, 2), (2, 4, 1, 1, 2), (4, 1, 2, 1, 2), (2, 1, 4, 1, 2), (4, 1, 1, 2, 2), (2, 1, 1, 4, 2), (4, 1, 1, 1, 1)]


-- 2025-12-20 11:46:56 --写入特征标:(1, 0, 1, -3, 0)
[(1, 0, 1, -3, 0), (1, 1, 0, -3, 0), (1, 1, 1, -3, 1), (2, 1, 1, -3, 2)]


-- 2025-12-20 11:49:00 --写入特征标:(1, 0, 2, -1, 0)
[(1, 0, 2, -1, 0), (2, 0, 1, -1, 0), (1, 1, 2, -1, 1), (2, 1, 1, -1, 1), (2, 1, 2, -1, 2), (1, 2, 0, -1, 0), (2, 1, 0, -1, 0), (1, 2, 1, -1, 1), (2, 1, 1, -1, 1), (2, 2, 1, -1, 2)]


-- 2025-12-21 14:31:21 --写入特征标:(1, 0, -3, 1, 0)
[(1, 0, -3, 1, 0), (1, 1, -3, 0, 0), (1, 1, -3, 1, 1), (2, 1, -3, 1, 2), (1, 0, 1, -3, 0), (1, 1, 0, -3, 0), (1, 1, 1, -3, 1), (2, 1, 1, -3, 2)]


-- 2025-12-21 14:34:22 --写入特征标:(1, 0, -2, 1, 0)
[(1, 0, -2, 1, 0), (1, 1, -2, 0, 0), (1, 1, -2, 1, 1), (2, 1, -2, 1, 2), (1, 0, 1, -2, 0), (1, 1, 0, -2, 0), (1, 1, 1, -2, 1), (2, 1, 1, -2, 2)]


-- 2025-12-21 14:37:41 --写入特征标:(1, 0, 4, 1, 0)
[(1, 4, 0, 1, 0), (1, 4, 1, 0, 0), (1, 4, 1, 1, 1), (2, 4, 1, 1, 2), (4, 0, 1, 1, 0), (4, 1, 1, 0, 0), (4, 1, 1, 1, 1), (4, 1, 2, 1, 2), (4, 1, 0, 1, 0), (4, 1, 1, 0, 0), (4, 1, 1, 1, 1), (4, 2, 1, 1, 2), (1, 0, 4, 1, 0), (1, 1, 4, 0, 0), (1, 1, 4, 1, 1), (2, 1, 4, 1, 2)]


-- 2025-12-21 14:56:28 --写入特征标:(1, 0, -2, 3, 0)
[(1, 3, -2, 0, 0), (1, 3, -2, 1, 1), (2, 3, -2, 1, 2), (3, 1, 0, -2, 0), (3, 1, 1, -2, 1), (3, 2, 1, -2, 2), (3, 0, -2, 1, 0), (3, 1, -2, 1, 1), (3, 1, -2, 2, 2), (1, 0, 3, -2, 0), (1, 1, 3, -2, 1), (2, 1, 3, -2, 2), (3, 1, -2, 0, 0), (3, 1, -2, 1, 1), (3, 2, -2, 1, 2), (1, 3, 0, -2, 0), (1, 3, 1, -2, 1), (2, 3, 1, -2, 2), (3, 0, 1, -2, 0), (3, 1, 1, -2, 1), (3, 1, 2, -2, 2), (1, 0, -2, 3, 0), (1, 1, -2, 3, 1), (2, 1, -2, 3, 2)]


-- 2025-12-21 14:56:54 --写入特征标:(1, 0, -2, -3, 0)
[(1, 0, -2, -3, 0), (1, 1, -2, -3, 1), (2, 1, -2, -3, 2)]


-- 2025-12-21 14:57:46 --写入特征标:(1, 0, -1, -1, 0)
[(1, 0, -1, -1, 0), (1, 1, -1, -1, 1), (2, 1, -1, -1, 2)]


-- 2025-12-21 14:57:55 --写入特征标:(1, 0, -1, -2, 0)
[(1, 0, -1, -2, 0), (1, 1, -1, -2, 1), (2, 1, -1, -2, 2)]


-- 2025-12-21 14:58:51 --写入特征标:(1, 0, -1, 2, 0)
[(1, 2, -1, 0, 0), (2, 1, -1, 0, 0), (1, 2, -1, 1, 1), (2, 1, -1, 1, 1), (2, 2, -1, 1, 2), (1, 0, 2, -1, 0), (2, 0, 1, -1, 0), (1, 1, 2, -1, 1), (2, 1, 1, -1, 1), (2, 1, 2, -1, 2), (1, 2, 0, -1, 0), (2, 1, 0, -1, 0), (1, 2, 1, -1, 1), (2, 1, 1, -1, 1), (2, 2, 1, -1, 2), (1, 0, -1, 2, 0), (2, 0, -1, 1, 0), (1, 1, -1, 2, 1), (2, 1, -1, 1, 1), (2, 1, -1, 2, 2)]


-- 2025-12-21 14:59:04 --写入特征标:(1, 0, -1, 3, 0)
[(1, 3, -1, 0, 0), (1, 3, -1, 1, 1), (2, 3, -1, 1, 2), (3, 1, 0, -1, 0), (3, 1, 1, -1, 1), (3, 2, 1, -1, 2), (3, 0, -1, 1, 0), (3, 1, -1, 1, 1), (3, 1, -1, 2, 2), (1, 0, 3, -1, 0), (1, 1, 3, -1, 1), (2, 1, 3, -1, 2), (3, 1, -1, 0, 0), (3, 1, -1, 1, 1), (3, 2, -1, 1, 2), (1, 3, 0, -1, 0), (1, 3, 1, -1, 1), (2, 3, 1, -1, 2), (3, 0, 1, -1, 0), (3, 1, 1, -1, 1), (3, 1, 2, -1, 2), (1, 0, -1, 3, 0), (1, 1, -1, 3, 1), (2, 1, -1, 3, 2)]


-- 2025-12-21 15:07:49 --写入特征标:(1, 0, -2, 2, 0)
[(1, 2, -2, 0, 0), (2, 1, -2, 0, 0), (1, 2, -2, 1, 1), (2, 1, -2, 1, 1), (2, 2, -2, 1, 2), (1, 0, 2, -2, 0), (2, 0, 1, -2, 0), (1, 1, 2, -2, 1), (2, 1, 1, -2, 1), (2, 1, 2, -2, 2), (1, 2, 0, -2, 0), (2, 1, 0, -2, 0), (1, 2, 1, -2, 1), (2, 1, 1, -2, 1), (2, 2, 1, -2, 2), (1, 0, -2, 2, 0), (2, 0, -2, 1, 0), (1, 1, -2, 2, 1), (2, 1, -2, 1, 1), (2, 1, -2, 2, 2)]


-- 2025-12-21 15:08:12 --写入特征标:(1, 0, 3, -3, 0)
[(3, 1, 0, -3, 0), (3, 1, 1, -3, 1), (3, 2, 1, -3, 2), (1, 0, 3, -3, 0), (1, 1, 3, -3, 1), (2, 1, 3, -3, 2), (1, 3, 0, -3, 0), (1, 3, 1, -3, 1), (2, 3, 1, -3, 2), (3, 0, 1, -3, 0), (3, 1, 1, -3, 1), (3, 1, 2, -3, 2)]


-- 2025-12-21 15:08:36 --写入特征标:(1, 0, 3, -1, 0)
[(3, 1, 0, -1, 0), (3, 1, 1, -1, 1), (3, 2, 1, -1, 2), (1, 0, 3, -1, 0), (1, 1, 3, -1, 1), (2, 1, 3, -1, 2), (1, 3, 0, -1, 0), (1, 3, 1, -1, 1), (2, 3, 1, -1, 2), (3, 0, 1, -1, 0), (3, 1, 1, -1, 1), (3, 1, 2, -1, 2)]


-- 2025-12-21 15:13:18 --写入特征标:(1, 0, 2, 3, 0)
[(1, 0, 3, 2, 0), (2, 0, 3, 1, 0), (1, 1, 3, 2, 1), (2, 1, 3, 1, 1), (2, 1, 3, 2, 2), (3, 1, 0, 2, 0), (3, 2, 0, 1, 0), (3, 1, 1, 2, 1), (3, 2, 1, 1, 1), (3, 2, 1, 2, 2), (1, 3, 2, 0, 0), (2, 3, 1, 0, 0), (1, 3, 2, 1, 1), (2, 3, 1, 1, 1), (2, 3, 2, 1, 2), (1, 2, 0, 3, 0), (2, 1, 0, 3, 0), (1, 2, 1, 3, 1), (2, 1, 1, 3, 1), (2, 2, 1, 3, 2), (1, 0, 2, 3, 0), (2, 0, 1, 3, 0), (1, 1, 2, 3, 1), (2, 1, 1, 3, 1), (2, 1, 2, 3, 2), (1, 3, 0, 2, 0), (2, 3, 0, 1, 0), (1, 3, 1, 2, 1), (2, 3, 1, 1, 1), (2, 3, 1, 2, 2), (3, 1, 2, 0, 0), (3, 2, 1, 0, 0), (3, 1, 2, 1, 1), (3, 2, 1, 1, 1), (3, 2, 2, 1, 2), (3, 0, 1, 2, 0), (3, 0, 2, 1, 0), (3, 1, 1, 2, 1), (3, 1, 2, 1, 1), (3, 1, 2, 2, 2), (1, 2, 3, 0, 0), (2, 1, 3, 0, 0), (1, 2, 3, 1, 1), (2, 1, 3, 1, 1), (2, 2, 3, 1, 2)]


-- 2025-12-21 15:35:48 --写入特征标:(1, 0, 0, -2, 0)
[(1, 0, 0, -2, 0), (1, 0, 1, -2, 1), (1, 1, 0, -2, 1), (2, 0, 1, -2, 2), (2, 1, 0, -2, 2)]


-- 2025-12-21 15:40:04 --写入特征标:(1, 0, 0, -1, 0)
[(1, 0, 0, -1, 0), (1, 0, 1, -1, 1), (1, 1, 0, -1, 1), (2, 0, 1, -1, 2), (2, 1, 0, -1, 2)]


-- 2025-12-21 15:43:00 --写入特征标:(1, 0, 3, 0, 0)
[(1, 3, 0, 0, 0), (1, 3, 0, 1, 1), (1, 3, 1, 0, 1), (2, 3, 0, 1, 2), (2, 3, 1, 0, 2), (3, 0, 1, 0, 0), (3, 0, 1, 1, 1), (3, 1, 1, 0, 1), (3, 0, 2, 1, 2), (3, 1, 2, 0, 2), (3, 1, 0, 0, 0), (3, 1, 0, 1, 1), (3, 1, 1, 0, 1), (3, 2, 0, 1, 2), (3, 2, 1, 0, 2), (1, 0, 3, 0, 0), (1, 0, 3, 1, 1), (1, 1, 3, 0, 1), (2, 0, 3, 1, 2), (2, 1, 3, 0, 2)]


-- 2025-12-21 15:45:19 --写入特征标:(1, 0, 2, 0, 0)
[(1, 2, 0, 0, 0), (2, 1, 0, 0, 0), (1, 2, 0, 1, 1), (1, 2, 1, 0, 1), (2, 1, 0, 1, 1), (2, 1, 1, 0, 1), (2, 2, 0, 1, 2), (2, 2, 1, 0, 2), (1, 0, 2, 0, 0), (2, 0, 1, 0, 0), (1, 0, 2, 1, 1), (1, 1, 2, 0, 1), (2, 0, 1, 1, 1), (2, 1, 1, 0, 1), (2, 0, 2, 1, 2), (2, 1, 2, 0, 2)]


-- 2025-12-21 15:45:57 --写入特征标:(1, 0, -2, 0, 0)
[(1, 0, -2, 0, 0), (1, 0, -2, 1, 1), (1, 1, -2, 0, 1), (2, 0, -2, 1, 2), (2, 1, -2, 0, 2), (1, 0, 0, -2, 0), (1, 0, 1, -2, 1), (1, 1, 0, -2, 1), (2, 0, 1, -2, 2), (2, 1, 0, -2, 2)]


-- 2025-12-21 15:46:06 --写入特征标:(1, 0, -1, 0, 0)
[(1, 0, -1, 0, 0), (1, 0, -1, 1, 1), (1, 1, -1, 0, 1), (2, 0, -1, 1, 2), (2, 1, -1, 0, 2), (1, 0, 0, -1, 0), (1, 0, 1, -1, 1), (1, 1, 0, -1, 1), (2, 0, 1, -1, 2), (2, 1, 0, -1, 2)]


-- 2025-12-21 15:49:33 --写入特征标:(1, 0, 0, 0, 0)
[(2, 1, 0, 0, 2), (2, 0, 1, 0, 2), (2, 0, 0, 1, 2), (1, 1, 0, 0, 1), (1, 0, 1, 0, 1), (1, 0, 0, 1, 1), (1, 0, 0, 0, 0)]


-- 2025-12-21 16:01:56 --写入特征标:(2, 2, 0, 1, 0)
[(2, 2, 0, 1, 0), (2, 2, 1, 0, 0), (2, 2, 1, 1, 1)]


-- 2025-12-21 16:02:05 --写入特征标:(2, 3, 0, 1, 0)
[(2, 3, 0, 1, 0), (2, 3, 1, 0, 0), (2, 3, 1, 1, 1), (3, 2, 0, 1, 0), (3, 2, 1, 0, 0), (3, 2, 1, 1, 1)]


-- 2025-12-21 16:02:17 --写入特征标:(2, 3, 0, 4, 0)
[(3, 4, 0, 2, 0), (3, 4, 1, 2, 1), (4, 3, 2, 0, 0), (4, 3, 2, 1, 1), (4, 2, 0, 3, 0), (4, 2, 1, 3, 1), (2, 4, 3, 0, 0), (2, 4, 3, 1, 1), (2, 3, 0, 4, 0), (2, 3, 1, 4, 1), (3, 2, 4, 0, 0), (3, 2, 4, 1, 1), (4, 3, 0, 2, 0), (4, 3, 1, 2, 1), (3, 4, 2, 0, 0), (3, 4, 2, 1, 1), (2, 4, 0, 3, 0), (2, 4, 1, 3, 1), (4, 2, 3, 0, 0), (4, 2, 3, 1, 1), (3, 2, 0, 4, 0), (3, 2, 1, 4, 1), (2, 3, 4, 0, 0), (2, 3, 4, 1, 1)]


-- 2025-12-21 16:02:27 --写入特征标:(2, 3, 0, -4, 0)
[(3, 2, 0, -4, 0), (3, 2, 1, -4, 1), (2, 3, 0, -4, 0), (2, 3, 1, -4, 1)]


-- 2025-12-21 16:04:29 --写入特征标:(2, 3, 0, -1, 0)
[(3, 2, 0, -1, 0), (3, 2, 1, -1, 1), (2, 3, 0, -1, 0), (2, 3, 1, -1, 1)]


-- 2025-12-21 16:04:41 --写入特征标:(2, -3, 0, -1, 0)
[(2, 0, -1, -3, 0), (2, 1, -1, -3, 1), (2, -3, 0, -1, 0), (2, -3, 1, -1, 1), (2, 0, -3, -1, 0), (2, 1, -3, -1, 1), (2, -1, 0, -3, 0), (2, -1, 1, -3, 1)]


-- 2025-12-21 16:05:29 --写入特征标:(-1, 3, 0, -1, 0)
[(0, 3, -1, -1, 0), (1, 3, -1, -1, 1), (3, -1, 0, -1, 0), (3, -1, 1, -1, 1), (3, 0, -1, -1, 0), (3, 1, -1, -1, 1), (-1, 3, 0, -1, 0), (-1, 3, 1, -1, 1)]


-- 2025-12-21 16:05:40 --写入特征标:(-1, 2, 0, -1, 0)
[(0, 2, -1, -1, 0), (1, 2, -1, -1, 1), (2, -1, 0, -1, 0), (2, -1, 1, -1, 1), (2, 0, -1, -1, 0), (2, 1, -1, -1, 1), (-1, 2, 0, -1, 0), (-1, 2, 1, -1, 1)]


-- 2025-12-21 16:06:08 --写入特征标:(-1, -1, 0, -1, 0)
[(-1, 0, -1, -1, 0), (-1, 1, -1, -1, 1), (-1, -1, 0, -1, 0), (-1, -1, 1, -1, 1), (0, -1, -1, -1, 0), (1, -1, -1, -1, 1)]


-- 2025-12-21 16:06:48 --写入特征标:(-5, -4, 0, -1, 0)
[(-4, -5, 0, -1, 0), (-4, -5, 1, -1, 1), (-1, 0, -5, -4, 0), (-1, 1, -5, -4, 1), (0, -1, -4, -5, 0), (1, -1, -4, -5, 1), (0, -4, -5, -1, 0), (1, -4, -5, -1, 1), (-5, -1, 0, -4, 0), (-5, -1, 1, -4, 1), (-4, 0, -1, -5, 0), (-4, 1, -1, -5, 1), (-5, 0, -4, -1, 0), (-5, 1, -4, -1, 1), (0, -5, -1, -4, 0), (1, -5, -1, -4, 1), (-1, -4, 0, -5, 0), (-1, -4, 1, -5, 1), (-5, -4, 0, -1, 0), (-5, -4, 1, -1, 1), (0, -1, -5, -4, 0), (1, -1, -5, -4, 1), (-1, 0, -4, -5, 0), (-1, 1, -4, -5, 1), (-4, 0, -5, -1, 0), (-4, 1, -5, -1, 1), (-1, -5, 0, -4, 0), (-1, -5, 1, -4, 1), (0, -4, -1, -5, 0), (1, -4, -1, -5, 1), (0, -5, -4, -1, 0), (1, -5, -4, -1, 1), (-5, 0, -1, -4, 0), (-5, 1, -1, -4, 1), (-4, -1, 0, -5, 0), (-4, -1, 1, -5, 1)]


-- 2025-12-21 16:08:07 --写入特征标:(3, 4, 0, -1, 0)
[(4, 3, 0, -1, 0), (4, 3, 1, -1, 1), (3, 4, 0, -1, 0), (3, 4, 1, -1, 1)]


-- 2025-12-21 16:08:31 --写入特征标:(3, 2, 0, -1, 0)
[(3, 2, 0, -1, 0), (3, 2, 1, -1, 1)]


-- 2025-12-21 16:08:40 --写入特征标:(3, 3, 0, -1, 0)
[(3, 3, 0, -1, 0), (3, 3, 1, -1, 1)]


-- 2025-12-21 16:11:48 --写入特征标:(2, -1, 0, -1, 0)
[(2, -1, 0, -1, 0), (2, -1, 1, -1, 1), (2, 0, -1, -1, 0), (2, 1, -1, -1, 1)]


-- 2025-12-21 16:12:37 --写入特征标:(-2, -1, 0, -1, 0)
[(-1, -2, 0, -1, 0), (-1, -2, 1, -1, 1), (0, -1, -2, -1, 0), (1, -1, -2, -1, 1), (-1, 0, -1, -2, 0), (-1, 1, -1, -2, 1), (-2, 0, -1, -1, 0), (-2, 1, -1, -1, 1), (-2, -1, 0, -1, 0), (-2, -1, 1, -1, 1), (-1, 0, -2, -1, 0), (-1, 1, -2, -1, 1), (0, -1, -1, -2, 0), (1, -1, -1, -2, 1), (0, -2, -1, -1, 0), (1, -2, -1, -1, 1), (-1, -1, 0, -2, 0), (-1, -1, 1, -2, 1)]


-- 2025-12-21 16:13:16 --写入特征标:(-3, -1, 0, -1, 0)
[(-1, -3, 0, -1, 0), (-1, -3, 1, -1, 1), (0, -1, -3, -1, 0), (1, -1, -3, -1, 1), (-1, 0, -1, -3, 0), (-1, 1, -1, -3, 1), (-3, 0, -1, -1, 0), (-3, 1, -1, -1, 1), (-3, -1, 0, -1, 0), (-3, -1, 1, -1, 1), (-1, 0, -3, -1, 0), (-1, 1, -3, -1, 1), (0, -1, -1, -3, 0), (1, -1, -1, -3, 1), (0, -3, -1, -1, 0), (1, -3, -1, -1, 1), (-1, -1, 0, -3, 0), (-1, -1, 1, -3, 1)]


-- 2025-12-21 16:13:28 --写入特征标:(-3, -2, 0, -1, 0)
[(-2, -3, 0, -1, 0), (-2, -3, 1, -1, 1), (-1, 0, -3, -2, 0), (-1, 1, -3, -2, 1), (0, -1, -2, -3, 0), (1, -1, -2, -3, 1), (0, -2, -3, -1, 0), (1, -2, -3, -1, 1), (-3, -1, 0, -2, 0), (-3, -1, 1, -2, 1), (-2, 0, -1, -3, 0), (-2, 1, -1, -3, 1), (-3, 0, -2, -1, 0), (-3, 1, -2, -1, 1), (0, -3, -1, -2, 0), (1, -3, -1, -2, 1), (-1, -2, 0, -3, 0), (-1, -2, 1, -3, 1), (-3, -2, 0, -1, 0), (-3, -2, 1, -1, 1), (0, -1, -3, -2, 0), (1, -1, -3, -2, 1), (-1, 0, -2, -3, 0), (-1, 1, -2, -3, 1), (-2, 0, -3, -1, 0), (-2, 1, -3, -1, 1), (-1, -3, 0, -2, 0), (-1, -3, 1, -2, 1), (0, -2, -1, -3, 0), (1, -2, -1, -3, 1), (0, -3, -2, -1, 0), (1, -3, -2, -1, 1), (-3, 0, -1, -2, 0), (-3, 1, -1, -2, 1), (-2, -1, 0, -3, 0), (-2, -1, 1, -3, 1)]


-- 2025-12-21 16:13:44 --写入特征标:(-3, -2, 0, 1, 0)
[(-3, -2, 0, 1, 0), (-3, -2, 1, 0, 0), (-3, -2, 1, 1, 1), (0, 1, -3, -2, 0), (1, 0, -3, -2, 0), (1, 1, -3, -2, 1), (0, -3, -2, 1, 0), (1, -3, -2, 0, 0), (1, -3, -2, 1, 1), (-3, 0, 1, -2, 0), (-3, 1, 0, -2, 0), (-3, 1, 1, -2, 1), (-2, 0, -3, 1, 0), (-2, 1, -3, 0, 0), (-2, 1, -3, 1, 1), (0, -2, 1, -3, 0), (1, -2, 0, -3, 0), (1, -2, 1, -3, 1), (-2, -3, 0, 1, 0), (-2, -3, 1, 0, 0), (-2, -3, 1, 1, 1), (0, 1, -2, -3, 0), (1, 0, -2, -3, 0), (1, 1, -2, -3, 1), (-3, 0, -2, 1, 0), (-3, 1, -2, 0, 0), (-3, 1, -2, 1, 1), (0, -3, 1, -2, 0), (1, -3, 0, -2, 0), (1, -3, 1, -2, 1), (0, -2, -3, 1, 0), (1, -2, -3, 0, 0), (1, -2, -3, 1, 1), (-2, 0, 1, -3, 0), (-2, 1, 0, -3, 0), (-2, 1, 1, -3, 1)]


-- 2025-12-21 16:13:58 --写入特征标:(-3, -2, 0, 2, 0)
[(-3, -2, 0, 2, 0), (-3, -2, 1, 2, 1), (-2, -3, 2, 0, 0), (-2, -3, 2, 1, 1), (0, 2, -3, -2, 0), (1, 2, -3, -2, 1), (2, 0, -2, -3, 0), (2, 1, -2, -3, 1), (0, -3, -2, 2, 0), (1, -3, -2, 2, 1), (2, -2, -3, 0, 0), (2, -2, -3, 1, 1), (-3, 0, 2, -2, 0), (-3, 1, 2, -2, 1), (-2, 2, 0, -3, 0), (-2, 2, 1, -3, 1), (-2, 0, -3, 2, 0), (-2, 1, -3, 2, 1), (-3, 2, -2, 0, 0), (-3, 2, -2, 1, 1), (2, -3, 0, -2, 0), (2, -3, 1, -2, 1), (0, -2, 2, -3, 0), (1, -2, 2, -3, 1), (-2, -3, 0, 2, 0), (-2, -3, 1, 2, 1), (-3, -2, 2, 0, 0), (-3, -2, 2, 1, 1), (2, 0, -3, -2, 0), (2, 1, -3, -2, 1), (0, 2, -2, -3, 0), (1, 2, -2, -3, 1), (-3, 0, -2, 2, 0), (-3, 1, -2, 2, 1), (-2, 2, -3, 0, 0), (-2, 2, -3, 1, 1), (0, -3, 2, -2, 0), (1, -3, 2, -2, 1), (2, -2, 0, -3, 0), (2, -2, 1, -3, 1), (0, -2, -3, 2, 0), (1, -2, -3, 2, 1), (2, -3, -2, 0, 0), (2, -3, -2, 1, 1), (-3, 2, 0, -2, 0), (-3, 2, 1, -2, 1), (-2, 0, 2, -3, 0), (-2, 1, 2, -3, 1)]


-- 2025-12-21 16:14:14 --写入特征标:(-2, -1, 0, 1, 0)
[(-2, -1, 0, 1, 0), (-2, -1, 1, 0, 0), (-2, -1, 1, 1, 1), (0, 1, -2, -1, 0), (1, 0, -2, -1, 0), (1, 1, -2, -1, 1), (0, -2, -1, 1, 0), (1, -2, -1, 0, 0), (1, -2, -1, 1, 1), (-2, 0, 1, -1, 0), (-2, 1, 0, -1, 0), (-2, 1, 1, -1, 1), (-1, 0, -2, 1, 0), (-1, 1, -2, 0, 0), (-1, 1, -2, 1, 1), (0, -1, 1, -2, 0), (1, -1, 0, -2, 0), (1, -1, 1, -2, 1), (-1, -2, 0, 1, 0), (-1, -2, 1, 0, 0), (-1, -2, 1, 1, 1), (0, 1, -1, -2, 0), (1, 0, -1, -2, 0), (1, 1, -1, -2, 1), (-2, 0, -1, 1, 0), (-2, 1, -1, 0, 0), (-2, 1, -1, 1, 1), (0, -2, 1, -1, 0), (1, -2, 0, -1, 0), (1, -2, 1, -1, 1), (0, -1, -2, 1, 0), (1, -1, -2, 0, 0), (1, -1, -2, 1, 1), (-1, 0, 1, -2, 0), (-1, 1, 0, -2, 0), (-1, 1, 1, -2, 1)]


-- 2025-12-21 16:25:49 --写入特征标:(2, 1, 0, 1, 0)
[(2, 1, 0, 1, 0), (2, 1, 1, 0, 0), (2, 1, 1, 1, 1), (2, 2, 1, 1, 2), (3, 2, 1, 1, 3)]


-- 2025-12-21 16:28:50 --写入特征标:(3, 2, 0, 5, 0)
[(3, 5, 0, 2, 0), (3, 5, 1, 2, 1), (5, 3, 2, 0, 0), (5, 3, 2, 1, 1), (5, 2, 0, 3, 0), (5, 2, 1, 3, 1), (3, 2, 5, 0, 0), (3, 2, 5, 1, 1), (5, 3, 0, 2, 0), (5, 3, 1, 2, 1), (3, 5, 2, 0, 0), (3, 5, 2, 1, 1), (5, 2, 3, 0, 0), (5, 2, 3, 1, 1), (3, 2, 0, 5, 0), (3, 2, 1, 5, 1)]


-- 2025-12-21 16:30:32 --写入特征标:(3, 1, 0, 5, 0)
[(3, 5, 0, 1, 0), (3, 5, 1, 1, 1), (3, 5, 1, 2, 2), (5, 3, 1, 0, 0), (5, 3, 1, 1, 1), (5, 3, 2, 1, 2), (5, 1, 0, 3, 0), (5, 1, 1, 3, 1), (5, 2, 1, 3, 2), (3, 1, 5, 0, 0), (3, 1, 5, 1, 1), (3, 2, 5, 1, 2), (5, 3, 0, 1, 0), (5, 3, 1, 1, 1), (5, 3, 1, 2, 2), (3, 5, 1, 0, 0), (3, 5, 1, 1, 1), (3, 5, 2, 1, 2), (5, 1, 3, 0, 0), (5, 1, 3, 1, 1), (5, 2, 3, 1, 2), (3, 1, 0, 5, 0), (3, 1, 1, 5, 1), (3, 2, 1, 5, 2)]


-- 2025-12-21 16:31:12 --写入特征标:(3, 1, 0, 6, 0)
[(3, 6, 0, 1, 0), (3, 6, 1, 1, 1), (3, 6, 1, 2, 2), (6, 3, 1, 0, 0), (6, 3, 1, 1, 1), (6, 3, 2, 1, 2), (6, 1, 0, 3, 0), (6, 1, 1, 3, 1), (6, 2, 1, 3, 2), (3, 1, 6, 0, 0), (3, 1, 6, 1, 1), (3, 2, 6, 1, 2), (6, 3, 0, 1, 0), (6, 3, 1, 1, 1), (6, 3, 1, 2, 2), (3, 6, 1, 0, 0), (3, 6, 1, 1, 1), (3, 6, 2, 1, 2), (6, 1, 3, 0, 0), (6, 1, 3, 1, 1), (6, 2, 3, 1, 2), (3, 1, 0, 6, 0), (3, 1, 1, 6, 1), (3, 2, 1, 6, 2)]


-- 2025-12-21 16:31:35 --写入特征标:(3, 1, 0, 1, 0)
[(3, 1, 0, 1, 0), (3, 1, 1, 0, 0), (3, 1, 1, 1, 1), (3, 2, 1, 1, 2)]


-- 2025-12-21 16:31:47 --写入特征标:(3, 1, 0, 2, 0)
[(3, 1, 0, 2, 0), (3, 2, 0, 1, 0), (3, 1, 1, 2, 1), (3, 2, 1, 1, 1), (3, 2, 1, 2, 2), (3, 1, 2, 0, 0), (3, 2, 1, 0, 0), (3, 1, 2, 1, 1), (3, 2, 1, 1, 1), (3, 2, 2, 1, 2)]


-- 2025-12-21 16:39:59 --写入特征标:(3, 1, 0, 3, 0)
[(3, 3, 0, 1, 0), (3, 3, 1, 1, 1), (3, 3, 1, 2, 2), (3, 1, 3, 0, 0), (3, 1, 3, 1, 1), (3, 2, 3, 1, 2), (3, 3, 1, 0, 0), (3, 3, 1, 1, 1), (3, 3, 2, 1, 2), (3, 1, 0, 3, 0), (3, 1, 1, 3, 1), (3, 2, 1, 3, 2)]


-- 2025-12-21 16:42:46 --写入特征标:(4, 1, 0, 2, 0)
[(4, 1, 0, 2, 0), (4, 2, 0, 1, 0), (4, 1, 1, 2, 1), (4, 2, 1, 1, 1), (4, 2, 1, 2, 2), (4, 1, 2, 0, 0), (4, 2, 1, 0, 0), (4, 1, 2, 1, 1), (4, 2, 1, 1, 1), (4, 2, 2, 1, 2)]


-- 2025-12-21 16:43:01 --写入特征标:(4, 1, 0, 3, 0)
[(4, 3, 1, 0, 0), (4, 3, 1, 1, 1), (4, 3, 2, 1, 2), (4, 1, 0, 3, 0), (4, 1, 1, 3, 1), (4, 2, 1, 3, 2), (4, 3, 0, 1, 0), (4, 3, 1, 1, 1), (4, 3, 1, 2, 2), (4, 1, 3, 0, 0), (4, 1, 3, 1, 1), (4, 2, 3, 1, 2)]


-- 2025-12-21 16:43:13 --写入特征标:(4, 1, 0, -3, 0)
[(4, 1, 0, -3, 0), (4, 1, 1, -3, 1), (4, 2, 1, -3, 2)]


-- 2025-12-21 16:47:48 --写入特征标:(4, 1, 0, 5, 0)
[(4, 5, 0, 1, 0), (4, 5, 1, 1, 1), (4, 5, 1, 2, 2), (5, 4, 1, 0, 0), (5, 4, 1, 1, 1), (5, 4, 2, 1, 2), (5, 1, 0, 4, 0), (5, 1, 1, 4, 1), (5, 2, 1, 4, 2), (4, 1, 5, 0, 0), (4, 1, 5, 1, 1), (4, 2, 5, 1, 2), (5, 4, 0, 1, 0), (5, 4, 1, 1, 1), (5, 4, 1, 2, 2), (4, 5, 1, 0, 0), (4, 5, 1, 1, 1), (4, 5, 2, 1, 2), (5, 1, 4, 0, 0), (5, 1, 4, 1, 1), (5, 2, 4, 1, 2), (4, 1, 0, 5, 0), (4, 1, 1, 5, 1), (4, 2, 1, 5, 2)]


-- 2025-12-21 16:49:00 --写入特征标:(3, 1, 0, -1, 0)
[(3, 1, 0, -1, 0), (3, 1, 1, -1, 1), (3, 2, 1, -1, 2)]


-- 2025-12-21 16:54:23 --写入特征标:(1, 1, 0, -1, 0)
[(2, 1, 1, -1, 2), (1, 2, 1, -1, 2), (1, 1, 1, -1, 1), (1, 1, 0, -1, 0)]


-- 2025-12-21 16:56:23 --写入特征标:(1, 1, 0, 4, 0)
[(4, 2, 1, 1, 2), (4, 1, 1, 2, 2), (4, 1, 1, 1, 1), (4, 1, 0, 1, 0), (2, 4, 1, 1, 2), (1, 4, 2, 1, 2), (1, 4, 1, 1, 1), (1, 4, 1, 0, 0), (2, 1, 1, 4, 2), (1, 2, 1, 4, 2), (1, 1, 1, 4, 1), (1, 1, 0, 4, 0), (2, 4, 1, 1, 2), (1, 4, 1, 2, 2), (1, 4, 1, 1, 1), (1, 4, 0, 1, 0), (4, 2, 1, 1, 2), (4, 1, 2, 1, 2), (4, 1, 1, 1, 1), (4, 1, 1, 0, 0), (2, 1, 4, 1, 2), (1, 2, 4, 1, 2), (1, 1, 4, 1, 1), (1, 1, 4, 0, 0)]


-- 2025-12-21 16:58:51 --写入特征标:(1, 1, 0, -2, 0)
[(2, 1, 1, -2, 2), (1, 2, 1, -2, 2), (1, 1, 1, -2, 1), (1, 1, 0, -2, 0)]


-- 2025-12-21 17:04:09 --写入特征标:(1, 1, 0, 1, 0)
[(1, 1, 0, 1, 0), (1, 1, 1, 0, 0), (1, 1, 1, 1, 1), (1, 2, 1, 1, 2), (2, 1, 1, 1, 2)]


-- 2025-12-21 17:06:03 --写入特征标:(1, 1, 0, 2, 0)
[(1, 1, 0, 2, 0), (1, 2, 0, 1, 0), (2, 1, 0, 1, 0), (1, 1, 1, 2, 1), (1, 2, 1, 1, 1), (2, 1, 1, 1, 1), (1, 2, 1, 2, 2), (2, 1, 1, 2, 2), (2, 2, 1, 1, 2), (1, 1, 2, 0, 0), (1, 2, 1, 0, 0), (2, 1, 1, 0, 0), (1, 1, 2, 1, 1), (1, 2, 1, 1, 1), (2, 1, 1, 1, 1), (1, 2, 2, 1, 2), (2, 1, 2, 1, 2), (2, 2, 1, 1, 2)]


-- 2025-12-21 17:07:46 --写入特征标:(1, 1, 0, 3, 0)
[(3, 1, 0, 1, 0), (3, 1, 1, 1, 1), (3, 1, 1, 2, 2), (3, 2, 1, 1, 2), (1, 3, 1, 0, 0), (1, 3, 1, 1, 1), (1, 3, 2, 1, 2), (2, 3, 1, 1, 2), (1, 1, 0, 3, 0), (1, 1, 1, 3, 1), (1, 2, 1, 3, 2), (2, 1, 1, 3, 2), (1, 3, 0, 1, 0), (1, 3, 1, 1, 1), (1, 3, 1, 2, 2), (2, 3, 1, 1, 2), (3, 1, 1, 0, 0), (3, 1, 1, 1, 1), (3, 1, 2, 1, 2), (3, 2, 1, 1, 2), (1, 1, 3, 0, 0), (1, 1, 3, 1, 1), (1, 2, 3, 1, 2), (2, 1, 3, 1, 2)]


-- 2025-12-21 17:18:42 --写入特征标:(2, 1, 0, 4, 1)
[(2, 4, 0, 1, 1), (2, 4, 0, 2, 2), (3, 4, 0, 2, 3), (4, 2, 1, 0, 1), (4, 2, 2, 0, 2), (4, 3, 2, 0, 3), (4, 1, 0, 2, 1), (4, 2, 0, 2, 2), (4, 2, 0, 3, 3), (2, 1, 4, 0, 1), (2, 2, 4, 0, 2), (3, 2, 4, 0, 3), (4, 2, 0, 1, 1), (4, 2, 0, 2, 2), (4, 3, 0, 2, 3), (2, 4, 1, 0, 1), (2, 4, 2, 0, 2), (3, 4, 2, 0, 3), (4, 1, 2, 0, 1), (4, 2, 2, 0, 2), (4, 2, 3, 0, 3), (2, 1, 0, 4, 1), (2, 2, 0, 4, 2), (3, 2, 0, 4, 3)]


-- 2025-12-21 17:21:12 --写入特征标:(3, 1, 0, 4, 0)
[(3, 4, 0, 1, 0), (3, 4, 1, 1, 1), (3, 4, 1, 2, 2), (4, 3, 1, 0, 0), (4, 3, 1, 1, 1), (4, 3, 2, 1, 2), (4, 1, 0, 3, 0), (4, 1, 1, 3, 1), (4, 2, 1, 3, 2), (3, 1, 4, 0, 0), (3, 1, 4, 1, 1), (3, 2, 4, 1, 2), (4, 3, 0, 1, 0), (4, 3, 1, 1, 1), (4, 3, 1, 2, 2), (3, 4, 1, 0, 0), (3, 4, 1, 1, 1), (3, 4, 2, 1, 2), (4, 1, 3, 0, 0), (4, 1, 3, 1, 1), (4, 2, 3, 1, 2), (3, 1, 0, 4, 0), (3, 1, 1, 4, 1), (3, 2, 1, 4, 2)]


-- 2025-12-21 17:22:39 --写入特征标:(4, 2, 1, 1, 1)
[(4, 2, 1, 1, 1), (4, 2, 1, 2, 2), (4, 2, 2, 1, 2), (4, 3, 1, 2, 3), (4, 3, 2, 1, 3)]


-- 2025-12-21 17:23:18 --写入特征标:(4, 2, 1, 2, 2)
[(4, 3, 1, 2, 3), (4, 2, 1, 3, 3), (4, 2, 1, 2, 2), (4, 3, 2, 1, 3), (4, 2, 3, 1, 3), (4, 2, 2, 1, 2)]


-- 2025-12-21 17:23:46 --写入特征标:(4, 2, 2, 1, 2)
[(4, 3, 2, 1, 3), (4, 2, 3, 1, 3), (4, 2, 2, 1, 2)]


-- 2025-12-21 17:28:51 --写入特征标:(2, 1, 0, 4, 0)
[(2, 4, 0, 1, 0), (2, 4, 1, 1, 1), (2, 4, 1, 2, 2), (3, 4, 1, 2, 3), (4, 2, 1, 0, 0), (4, 2, 1, 1, 1), (4, 2, 2, 1, 2), (4, 3, 2, 1, 3), (4, 1, 0, 2, 0), (4, 1, 1, 2, 1), (4, 2, 1, 2, 2), (4, 2, 1, 3, 3), (2, 1, 4, 0, 0), (2, 1, 4, 1, 1), (2, 2, 4, 1, 2), (3, 2, 4, 1, 3), (4, 2, 0, 1, 0), (4, 2, 1, 1, 1), (4, 2, 1, 2, 2), (4, 3, 1, 2, 3), (2, 4, 1, 0, 0), (2, 4, 1, 1, 1), (2, 4, 2, 1, 2), (3, 4, 2, 1, 3), (4, 1, 2, 0, 0), (4, 1, 2, 1, 1), (4, 2, 2, 1, 2), (4, 2, 3, 1, 3), (2, 1, 0, 4, 0), (2, 1, 1, 4, 1), (2, 2, 1, 4, 2), (3, 2, 1, 4, 3)]


-- 2025-12-21 21:01:28 --写入特征标:(3, 2, 1, 1, 1)
[(4, 3, 2, 1, 4), (4, 3, 1, 2, 4), (3, 3, 2, 1, 3), (3, 3, 1, 2, 3), (3, 2, 2, 1, 2), (3, 2, 1, 2, 2), (3, 2, 1, 1, 1)]


-- 2025-12-21 21:03:47 --写入特征标:(2, 1, 0, 3, 0)
[(2, 3, 0, 1, 0), (3, 2, 0, 1, 0), (2, 3, 1, 1, 1), (3, 2, 1, 1, 1), (2, 3, 1, 2, 2), (3, 2, 1, 2, 2), (3, 3, 1, 2, 3), (2, 1, 3, 0, 0), (3, 1, 2, 0, 0), (2, 1, 3, 1, 1), (3, 1, 2, 1, 1), (2, 2, 3, 1, 2), (3, 2, 2, 1, 2), (3, 2, 3, 1, 3), (2, 3, 1, 0, 0), (3, 2, 1, 0, 0), (2, 3, 1, 1, 1), (3, 2, 1, 1, 1), (2, 3, 2, 1, 2), (3, 2, 2, 1, 2), (3, 3, 2, 1, 3), (2, 1, 0, 3, 0), (3, 1, 0, 2, 0), (2, 1, 1, 3, 1), (3, 1, 1, 2, 1), (2, 2, 1, 3, 2), (3, 2, 1, 2, 2), (3, 2, 1, 3, 3)]


-- 2025-12-21 21:09:11 --写入特征标:(2, 1, 0, 2, 0)
[(2, 1, 0, 2, 0), (2, 2, 0, 1, 0), (2, 1, 1, 2, 1), (2, 2, 1, 1, 1), (2, 2, 1, 2, 2), (3, 2, 1, 2, 3), (2, 1, 2, 0, 0), (2, 2, 1, 0, 0), (2, 1, 2, 1, 1), (2, 2, 1, 1, 1), (2, 2, 2, 1, 2), (3, 2, 2, 1, 3)]


-- 2025-12-21 21:22:00 --写入特征标:(2, 0, 0, 2, 0)
[(2, 2, 0, 0, 0), (2, 2, 0, 1, 1), (2, 2, 1, 0, 1), (2, 0, 0, 2, 0), (2, 0, 1, 2, 1), (2, 1, 0, 2, 1), (2, 0, 2, 0, 0), (2, 0, 2, 1, 1), (2, 1, 2, 0, 1)]


-- 2025-12-21 21:23:28 --写入特征标:(2, 0, 0, -2, 0)
[(2, 0, 0, -2, 0), (2, 0, 1, -2, 1), (2, 1, 0, -2, 1)]


-- 2025-12-21 21:23:38 --写入特征标:(2, 0, 0, -1, 0)
[(2, 0, 0, -1, 0), (2, 0, 1, -1, 1), (2, 1, 0, -1, 1)]


-- 2025-12-21 21:23:48 --写入特征标:(2, 0, 0, 3, 0)
[(2, 3, 0, 0, 0), (2, 3, 0, 1, 1), (2, 3, 1, 0, 1), (2, 0, 0, 3, 0), (2, 0, 1, 3, 1), (2, 1, 0, 3, 1), (3, 0, 2, 0, 0), (3, 0, 2, 1, 1), (3, 1, 2, 0, 1), (3, 2, 0, 0, 0), (3, 2, 0, 1, 1), (3, 2, 1, 0, 1), (2, 0, 3, 0, 0), (2, 0, 3, 1, 1), (2, 1, 3, 0, 1), (3, 0, 0, 2, 0), (3, 0, 1, 2, 1), (3, 1, 0, 2, 1)]


-- 2025-12-21 21:27:01 --写入特征标:(2, 0, 0, -3, 0)
[(2, 0, 0, -3, 0), (2, 0, 1, -3, 1), (2, 1, 0, -3, 1)]


-- 2025-12-21 21:27:18 --写入特征标:(3, 0, 0, -3, 0)
[(3, 0, 0, -3, 0), (3, 0, 1, -3, 1), (3, 1, 0, -3, 1)]


-- 2025-12-21 21:27:26 --写入特征标:(3, 0, 0, -1, 0)
[(3, 0, 0, -1, 0), (3, 0, 1, -1, 1), (3, 1, 0, -1, 1)]


-- 2025-12-21 21:27:40 --写入特征标:(3, 0, 0, 2, 0)
[(3, 0, 2, 0, 0), (3, 0, 2, 1, 1), (3, 1, 2, 0, 1), (3, 2, 0, 0, 0), (3, 2, 0, 1, 1), (3, 2, 1, 0, 1), (3, 0, 0, 2, 0), (3, 0, 1, 2, 1), (3, 1, 0, 2, 1)]


-- 2025-12-21 21:28:07 --写入特征标:(3, 0, 0, 3, 0)
[(3, 3, 0, 0, 0), (3, 3, 0, 1, 1), (3, 3, 1, 0, 1), (3, 0, 0, 3, 0), (3, 0, 1, 3, 1), (3, 1, 0, 3, 1), (3, 0, 3, 0, 0), (3, 0, 3, 1, 1), (3, 1, 3, 0, 1)]


-- 2025-12-21 21:30:09 --写入特征标:(-3, -1, 0, 3, 0)
[(-3, -1, 0, 3, 0), (-3, -1, 1, 3, 1), (-1, -3, 3, 0, 0), (-1, -3, 3, 1, 1), (0, 3, -3, -1, 0), (1, 3, -3, -1, 1), (3, 0, -1, -3, 0), (3, 1, -1, -3, 1), (0, -3, -1, 3, 0), (1, -3, -1, 3, 1), (3, -1, -3, 0, 0), (3, -1, -3, 1, 1), (-3, 0, 3, -1, 0), (-3, 1, 3, -1, 1), (-1, 3, 0, -3, 0), (-1, 3, 1, -3, 1), (-1, 0, -3, 3, 0), (-1, 1, -3, 3, 1), (-3, 3, -1, 0, 0), (-3, 3, -1, 1, 1), (3, -3, 0, -1, 0), (3, -3, 1, -1, 1), (0, -1, 3, -3, 0), (1, -1, 3, -3, 1), (-1, -3, 0, 3, 0), (-1, -3, 1, 3, 1), (-3, -1, 3, 0, 0), (-3, -1, 3, 1, 1), (3, 0, -3, -1, 0), (3, 1, -3, -1, 1), (0, 3, -1, -3, 0), (1, 3, -1, -3, 1), (-3, 0, -1, 3, 0), (-3, 1, -1, 3, 1), (-1, 3, -3, 0, 0), (-1, 3, -3, 1, 1), (0, -3, 3, -1, 0), (1, -3, 3, -1, 1), (3, -1, 0, -3, 0), (3, -1, 1, -3, 1), (0, -1, -3, 3, 0), (1, -1, -3, 3, 1), (3, -3, -1, 0, 0), (3, -3, -1, 1, 1), (-3, 3, 0, -1, 0), (-3, 3, 1, -1, 1), (-1, 0, 3, -3, 0), (-1, 1, 3, -3, 1)]


-- 2025-12-21 21:30:23 --写入特征标:(-1, -3, 0, 3, 0)
[(-1, -3, 3, 0, 0), (-1, -3, 3, 1, 1), (0, 3, -3, -1, 0), (1, 3, -3, -1, 1), (3, 0, -1, -3, 0), (3, 1, -1, -3, 1), (0, -3, -1, 3, 0), (1, -3, -1, 3, 1), (3, -1, -3, 0, 0), (3, -1, -3, 1, 1), (-1, 3, 0, -3, 0), (-1, 3, 1, -3, 1), (-1, 0, -3, 3, 0), (-1, 1, -3, 3, 1), (3, -3, 0, -1, 0), (3, -3, 1, -1, 1), (0, -1, 3, -3, 0), (1, -1, 3, -3, 1), (-1, -3, 0, 3, 0), (-1, -3, 1, 3, 1), (3, 0, -3, -1, 0), (3, 1, -3, -1, 1), (0, 3, -1, -3, 0), (1, 3, -1, -3, 1), (-1, 3, -3, 0, 0), (-1, 3, -3, 1, 1), (0, -3, 3, -1, 0), (1, -3, 3, -1, 1), (3, -1, 0, -3, 0), (3, -1, 1, -3, 1), (0, -1, -3, 3, 0), (1, -1, -3, 3, 1), (3, -3, -1, 0, 0), (3, -3, -1, 1, 1), (-1, 0, 3, -3, 0), (-1, 1, 3, -3, 1)]


-- 2025-12-21 21:30:38 --写入特征标:(-1, -3, 0, 1, 0)
[(0, 1, -3, -1, 0), (1, 0, -3, -1, 0), (1, 1, -3, -1, 1), (0, -3, -1, 1, 0), (1, -3, -1, 0, 0), (1, -3, -1, 1, 1), (-1, 0, -3, 1, 0), (-1, 1, -3, 0, 0), (-1, 1, -3, 1, 1), (0, -1, 1, -3, 0), (1, -1, 0, -3, 0), (1, -1, 1, -3, 1), (-1, -3, 0, 1, 0), (-1, -3, 1, 0, 0), (-1, -3, 1, 1, 1), (0, 1, -1, -3, 0), (1, 0, -1, -3, 0), (1, 1, -1, -3, 1), (0, -3, 1, -1, 0), (1, -3, 0, -1, 0), (1, -3, 1, -1, 1), (0, -1, -3, 1, 0), (1, -1, -3, 0, 0), (1, -1, -3, 1, 1), (-1, 0, 1, -3, 0), (-1, 1, 0, -3, 0), (-1, 1, 1, -3, 1)]


-- 2025-12-21 21:31:26 --写入特征标:(-1, 3, 0, 1, 0)
[(3, 0, -1, 1, 0), (3, 1, -1, 0, 0), (3, 1, -1, 1, 1), (0, 3, 1, -1, 0), (1, 3, 0, -1, 0), (1, 3, 1, -1, 1), (-1, 3, 0, 1, 0), (-1, 3, 1, 0, 0), (-1, 3, 1, 1, 1), (0, 3, -1, 1, 0), (1, 3, -1, 0, 0), (1, 3, -1, 1, 1), (3, 0, 1, -1, 0), (3, 1, 0, -1, 0), (3, 1, 1, -1, 1), (3, -1, 0, 1, 0), (3, -1, 1, 0, 0), (3, -1, 1, 1, 1)]


-- 2025-12-21 21:40:17 --写入特征标:(-2, -4, 0, 1, 0)
[(0, 1, -4, -2, 0), (1, 0, -4, -2, 0), (1, 1, -4, -2, 1), (0, -4, -2, 1, 0), (1, -4, -2, 0, 0), (1, -4, -2, 1, 1), (-2, 0, -4, 1, 0), (-2, 1, -4, 0, 0), (-2, 1, -4, 1, 1), (0, -2, 1, -4, 0), (1, -2, 0, -4, 0), (1, -2, 1, -4, 1), (-2, -4, 0, 1, 0), (-2, -4, 1, 0, 0), (-2, -4, 1, 1, 1), (0, 1, -2, -4, 0), (1, 0, -2, -4, 0), (1, 1, -2, -4, 1), (0, -4, 1, -2, 0), (1, -4, 0, -2, 0), (1, -4, 1, -2, 1), (0, -2, -4, 1, 0), (1, -2, -4, 0, 0), (1, -2, -4, 1, 1), (-2, 0, 1, -4, 0), (-2, 1, 0, -4, 0), (-2, 1, 1, -4, 1)]


-- 2025-12-21 21:41:02 --写入特征标:(-2, -4, 0, -8, 0)
[(0, -2, -4, -8, 0), (1, -2, -4, -8, 1), (-2, -4, 0, -8, 0), (-2, -4, 1, -8, 1), (-2, 0, -4, -8, 0), (-2, 1, -4, -8, 1), (0, -4, -2, -8, 0), (1, -4, -2, -8, 1)]


-- 2025-12-21 21:42:50 --写入特征标:(-2, -1, 0, -8, 0)
[(0, -1, -2, -8, 0), (1, -1, -2, -8, 1), (-2, 0, -1, -8, 0), (-2, 1, -1, -8, 1), (-1, -2, 0, -8, 0), (-1, -2, 1, -8, 1), (-1, 0, -2, -8, 0), (-1, 1, -2, -8, 1), (0, -2, -1, -8, 0), (1, -2, -1, -8, 1), (-2, -1, 0, -8, 0), (-2, -1, 1, -8, 1)]


-- 2025-12-21 21:43:01 --写入特征标:(-3, -2, 0, -8, 0)
[(0, -2, -3, -8, 0), (1, -2, -3, -8, 1), (-3, 0, -2, -8, 0), (-3, 1, -2, -8, 1), (-2, -3, 0, -8, 0), (-2, -3, 1, -8, 1), (-2, 0, -3, -8, 0), (-2, 1, -3, -8, 1), (0, -3, -2, -8, 0), (1, -3, -2, -8, 1), (-3, -2, 0, -8, 0), (-3, -2, 1, -8, 1)]


-- 2025-12-21 21:43:22 --写入特征标:(-2, -3, 0, -8, 0)
[(0, -2, -3, -8, 0), (1, -2, -3, -8, 1), (-2, -3, 0, -8, 0), (-2, -3, 1, -8, 1), (-2, 0, -3, -8, 0), (-2, 1, -3, -8, 1), (0, -3, -2, -8, 0), (1, -3, -2, -8, 1)]


-- 2025-12-21 21:43:32 --写入特征标:(-1, -3, 0, -8, 0)
[(0, -1, -3, -8, 0), (1, -1, -3, -8, 1), (-1, -3, 0, -8, 0), (-1, -3, 1, -8, 1), (-1, 0, -3, -8, 0), (-1, 1, -3, -8, 1), (0, -3, -1, -8, 0), (1, -3, -1, -8, 1)]


-- 2025-12-21 21:43:40 --写入特征标:(-1, -2, 0, -8, 0)
[(0, -1, -2, -8, 0), (1, -1, -2, -8, 1), (-1, -2, 0, -8, 0), (-1, -2, 1, -8, 1), (-1, 0, -2, -8, 0), (-1, 1, -2, -8, 1), (0, -2, -1, -8, 0), (1, -2, -1, -8, 1)]


-- 2025-12-21 21:44:08 --写入特征标:(-1, -2, 0, -2, 0)
[(-1, 0, -2, -2, 0), (-1, 1, -2, -2, 1), (0, -2, -1, -2, 0), (1, -2, -1, -2, 1), (0, -1, -2, -2, 0), (1, -1, -2, -2, 1), (-1, -2, 0, -2, 0), (-1, -2, 1, -2, 1)]


-- 2025-12-21 21:45:25 --写入特征标:(-3, -5, 0, -6, 0)
[(0, -3, -5, -6, 0), (1, -3, -5, -6, 1), (-3, -5, 0, -6, 0), (-3, -5, 1, -6, 1), (-3, 0, -5, -6, 0), (-3, 1, -5, -6, 1), (0, -5, -3, -6, 0), (1, -5, -3, -6, 1)]


-- 2025-12-21 21:45:52 --写入特征标:(-3, -5, 0, -5, 0)
[(-3, 0, -5, -5, 0), (-3, 1, -5, -5, 1), (0, -5, -3, -5, 0), (1, -5, -3, -5, 1), (0, -3, -5, -5, 0), (1, -3, -5, -5, 1), (-3, -5, 0, -5, 0), (-3, -5, 1, -5, 1)]


-- 2025-12-21 21:46:01 --写入特征标:(-3, -5, 0, -4, 0)
[(-3, 0, -5, -4, 0), (-3, 1, -5, -4, 1), (0, -3, -4, -5, 0), (1, -3, -4, -5, 1), (0, -5, -3, -4, 0), (1, -5, -3, -4, 1), (-3, -4, 0, -5, 0), (-3, -4, 1, -5, 1), (0, -3, -5, -4, 0), (1, -3, -5, -4, 1), (-3, 0, -4, -5, 0), (-3, 1, -4, -5, 1), (-3, -5, 0, -4, 0), (-3, -5, 1, -4, 1), (0, -4, -3, -5, 0), (1, -4, -3, -5, 1)]


-- 2025-12-21 21:46:55 --写入特征标:(-3, -4, 0, -5, 0)
[(0, -3, -4, -5, 0), (1, -3, -4, -5, 1), (-3, -4, 0, -5, 0), (-3, -4, 1, -5, 1), (-3, 0, -4, -5, 0), (-3, 1, -4, -5, 1), (0, -4, -3, -5, 0), (1, -4, -3, -5, 1)]


-- 2025-12-21 21:48:03 --写入特征标:(-3, -7, 0, -4, 0)
[(-3, 0, -7, -4, 0), (-3, 1, -7, -4, 1), (0, -3, -4, -7, 0), (1, -3, -4, -7, 1), (0, -7, -3, -4, 0), (1, -7, -3, -4, 1), (-3, -4, 0, -7, 0), (-3, -4, 1, -7, 1), (0, -3, -7, -4, 0), (1, -3, -7, -4, 1), (-3, 0, -4, -7, 0), (-3, 1, -4, -7, 1), (-3, -7, 0, -4, 0), (-3, -7, 1, -4, 1), (0, -4, -3, -7, 0), (1, -4, -3, -7, 1)]


-- 2025-12-21 21:48:30 --写入特征标:(-3, -7, 0, -7, 0)
[(-3, 0, -7, -7, 0), (-3, 1, -7, -7, 1), (0, -7, -3, -7, 0), (1, -7, -3, -7, 1), (0, -3, -7, -7, 0), (1, -3, -7, -7, 1), (-3, -7, 0, -7, 0), (-3, -7, 1, -7, 1)]


-- 2025-12-21 21:52:20 --写入特征标:(0, -2, -2, -7, 0)
[(0, -2, -2, -7, 0), (1, -2, -2, -7, 1)]


-- 2025-12-21 21:53:03 --写入特征标:(0, -2, -2, -1, 0)
[(0, -2, -1, -2, 0), (1, -2, -1, -2, 1), (0, -1, -2, -2, 0), (1, -1, -2, -2, 1), (0, -2, -2, -1, 0), (1, -2, -2, -1, 1)]


-- 2025-12-21 21:53:17 --写入特征标:(0, -1, -2, -3, 0)
[(0, -1, -2, -3, 0), (1, -1, -2, -3, 1)]


-- 2025-12-21 21:56:40 --写入特征标:(-2, -2, 0, -2, 0)
[(-2, 0, -2, -2, 0), (-2, 1, -2, -2, 1), (-2, -2, 0, -2, 0), (-2, -2, 1, -2, 1), (0, -2, -2, -2, 0), (1, -2, -2, -2, 1)]


-- 2025-12-21 22:01:43 --写入特征标:(-2, -2, 0, -1, 0)
[(-1, 0, -2, -2, 0), (-1, 1, -2, -2, 1), (-2, -1, 0, -2, 0), (-2, -1, 1, -2, 1), (-2, 0, -2, -1, 0), (-2, 1, -2, -1, 1), (0, -2, -1, -2, 0), (1, -2, -1, -2, 1), (-2, -2, 0, -1, 0), (-2, -2, 1, -1, 1), (0, -1, -2, -2, 0), (1, -1, -2, -2, 1), (-1, -2, 0, -2, 0), (-1, -2, 1, -2, 1), (0, -2, -2, -1, 0), (1, -2, -2, -1, 1), (-2, 0, -1, -2, 0), (-2, 1, -1, -2, 1)]


-- 2025-12-21 22:02:17 --写入特征标:(-2, -2, 0, 1, 0)
[(-2, -2, 0, 1, 0), (-2, -2, 1, 0, 0), (-2, -2, 1, 1, 1), (0, 1, -2, -2, 0), (1, 0, -2, -2, 0), (1, 1, -2, -2, 1), (0, -2, -2, 1, 0), (1, -2, -2, 0, 0), (1, -2, -2, 1, 1), (-2, 0, 1, -2, 0), (-2, 1, 0, -2, 0), (-2, 1, 1, -2, 1), (-2, 0, -2, 1, 0), (-2, 1, -2, 0, 0), (-2, 1, -2, 1, 1), (0, -2, 1, -2, 0), (1, -2, 0, -2, 0), (1, -2, 1, -2, 1)]


-- 2025-12-21 22:02:24 --写入特征标:(-2, -2, 0, 2, 0)
[(-2, -2, 0, 2, 0), (-2, -2, 1, 2, 1), (0, 2, -2, -2, 0), (1, 2, -2, -2, 1), (0, -2, -2, 2, 0), (1, -2, -2, 2, 1), (-2, 0, 2, -2, 0), (-2, 1, 2, -2, 1), (-2, 2, -2, 0, 0), (-2, 2, -2, 1, 1), (2, -2, 0, -2, 0), (2, -2, 1, -2, 1), (-2, -2, 2, 0, 0), (-2, -2, 2, 1, 1), (2, 0, -2, -2, 0), (2, 1, -2, -2, 1), (-2, 0, -2, 2, 0), (-2, 1, -2, 2, 1), (0, -2, 2, -2, 0), (1, -2, 2, -2, 1), (2, -2, -2, 0, 0), (2, -2, -2, 1, 1), (-2, 2, 0, -2, 0), (-2, 2, 1, -2, 1)]


-- 2025-12-21 22:04:37 --写入特征标:(-2, -2, 0, -3, 0)
[(-2, 0, -2, -3, 0), (-2, 1, -2, -3, 1), (0, -2, -2, -3, 0), (1, -2, -2, -3, 1), (-2, -2, 0, -3, 0), (-2, -2, 1, -3, 1)]


-- 2025-12-21 22:07:41 --写入特征标:(-2, -3, 0, 3, 0)
[(-2, -3, 3, 0, 0), (-2, -3, 3, 1, 1), (0, 3, -3, -2, 0), (1, 3, -3, -2, 1), (3, 0, -2, -3, 0), (3, 1, -2, -3, 1), (0, -3, -2, 3, 0), (1, -3, -2, 3, 1), (3, -2, -3, 0, 0), (3, -2, -3, 1, 1), (-2, 3, 0, -3, 0), (-2, 3, 1, -3, 1), (-2, 0, -3, 3, 0), (-2, 1, -3, 3, 1), (3, -3, 0, -2, 0), (3, -3, 1, -2, 1), (0, -2, 3, -3, 0), (1, -2, 3, -3, 1), (-2, -3, 0, 3, 0), (-2, -3, 1, 3, 1), (3, 0, -3, -2, 0), (3, 1, -3, -2, 1), (0, 3, -2, -3, 0), (1, 3, -2, -3, 1), (-2, 3, -3, 0, 0), (-2, 3, -3, 1, 1), (0, -3, 3, -2, 0), (1, -3, 3, -2, 1), (3, -2, 0, -3, 0), (3, -2, 1, -3, 1), (0, -2, -3, 3, 0), (1, -2, -3, 3, 1), (3, -3, -2, 0, 0), (3, -3, -2, 1, 1), (-2, 0, 3, -3, 0), (-2, 1, 3, -3, 1)]


-- 2025-12-21 22:08:59 --写入特征标:(-2, -3, 0, 1, 0)
[(0, 1, -3, -2, 0), (1, 0, -3, -2, 0), (1, 1, -3, -2, 1), (0, -3, -2, 1, 0), (1, -3, -2, 0, 0), (1, -3, -2, 1, 1), (-2, 0, -3, 1, 0), (-2, 1, -3, 0, 0), (-2, 1, -3, 1, 1), (0, -2, 1, -3, 0), (1, -2, 0, -3, 0), (1, -2, 1, -3, 1), (-2, -3, 0, 1, 0), (-2, -3, 1, 0, 0), (-2, -3, 1, 1, 1), (0, 1, -2, -3, 0), (1, 0, -2, -3, 0), (1, 1, -2, -3, 1), (0, -3, 1, -2, 0), (1, -3, 0, -2, 0), (1, -3, 1, -2, 1), (0, -2, -3, 1, 0), (1, -2, -3, 0, 0), (1, -2, -3, 1, 1), (-2, 0, 1, -3, 0), (-2, 1, 0, -3, 0), (-2, 1, 1, -3, 1)]


-- 2025-12-21 22:09:09 --写入特征标:(-1, -2, 0, 1, 0)
[(0, 1, -2, -1, 0), (1, 0, -2, -1, 0), (1, 1, -2, -1, 1), (0, -2, -1, 1, 0), (1, -2, -1, 0, 0), (1, -2, -1, 1, 1), (-1, 0, -2, 1, 0), (-1, 1, -2, 0, 0), (-1, 1, -2, 1, 1), (0, -1, 1, -2, 0), (1, -1, 0, -2, 0), (1, -1, 1, -2, 1), (-1, -2, 0, 1, 0), (-1, -2, 1, 0, 0), (-1, -2, 1, 1, 1), (0, 1, -1, -2, 0), (1, 0, -1, -2, 0), (1, 1, -1, -2, 1), (0, -2, 1, -1, 0), (1, -2, 0, -1, 0), (1, -2, 1, -1, 1), (0, -1, -2, 1, 0), (1, -1, -2, 0, 0), (1, -1, -2, 1, 1), (-1, 0, 1, -2, 0), (-1, 1, 0, -2, 0), (-1, 1, 1, -2, 1)]


-- 2025-12-21 22:09:19 --写入特征标:(-1, -1, 0, 1, 0)
[(-1, -1, 0, 1, 0), (-1, -1, 1, 0, 0), (-1, -1, 1, 1, 1), (0, 1, -1, -1, 0), (1, 0, -1, -1, 0), (1, 1, -1, -1, 1), (0, -1, -1, 1, 0), (1, -1, -1, 0, 0), (1, -1, -1, 1, 1), (-1, 0, 1, -1, 0), (-1, 1, 0, -1, 0), (-1, 1, 1, -1, 1), (-1, 0, -1, 1, 0), (-1, 1, -1, 0, 0), (-1, 1, -1, 1, 1), (0, -1, 1, -1, 0), (1, -1, 0, -1, 0), (1, -1, 1, -1, 1)]


-- 2025-12-21 22:09:46 --写入特征标:(-2, -1, 0, 3, 0)
[(-2, -1, 0, 3, 0), (-2, -1, 1, 3, 1), (-1, -2, 3, 0, 0), (-1, -2, 3, 1, 1), (0, 3, -2, -1, 0), (1, 3, -2, -1, 1), (3, 0, -1, -2, 0), (3, 1, -1, -2, 1), (0, -2, -1, 3, 0), (1, -2, -1, 3, 1), (3, -1, -2, 0, 0), (3, -1, -2, 1, 1), (-2, 0, 3, -1, 0), (-2, 1, 3, -1, 1), (-1, 3, 0, -2, 0), (-1, 3, 1, -2, 1), (-1, 0, -2, 3, 0), (-1, 1, -2, 3, 1), (-2, 3, -1, 0, 0), (-2, 3, -1, 1, 1), (3, -2, 0, -1, 0), (3, -2, 1, -1, 1), (0, -1, 3, -2, 0), (1, -1, 3, -2, 1), (-1, -2, 0, 3, 0), (-1, -2, 1, 3, 1), (-2, -1, 3, 0, 0), (-2, -1, 3, 1, 1), (3, 0, -2, -1, 0), (3, 1, -2, -1, 1), (0, 3, -1, -2, 0), (1, 3, -1, -2, 1), (-2, 0, -1, 3, 0), (-2, 1, -1, 3, 1), (-1, 3, -2, 0, 0), (-1, 3, -2, 1, 1), (0, -2, 3, -1, 0), (1, -2, 3, -1, 1), (3, -1, 0, -2, 0), (3, -1, 1, -2, 1), (0, -1, -2, 3, 0), (1, -1, -2, 3, 1), (3, -2, -1, 0, 0), (3, -2, -1, 1, 1), (-2, 3, 0, -1, 0), (-2, 3, 1, -1, 1), (-1, 0, 3, -2, 0), (-1, 1, 3, -2, 1)]


-- 2025-12-21 22:10:12 --写入特征标:(-1, -1, 0, 3, 0)
[(-1, -1, 0, 3, 0), (-1, -1, 1, 3, 1), (0, 3, -1, -1, 0), (1, 3, -1, -1, 1), (0, -1, -1, 3, 0), (1, -1, -1, 3, 1), (-1, 0, 3, -1, 0), (-1, 1, 3, -1, 1), (-1, 3, -1, 0, 0), (-1, 3, -1, 1, 1), (3, -1, 0, -1, 0), (3, -1, 1, -1, 1), (-1, -1, 3, 0, 0), (-1, -1, 3, 1, 1), (3, 0, -1, -1, 0), (3, 1, -1, -1, 1), (-1, 0, -1, 3, 0), (-1, 1, -1, 3, 1), (0, -1, 3, -1, 0), (1, -1, 3, -1, 1), (3, -1, -1, 0, 0), (3, -1, -1, 1, 1), (-1, 3, 0, -1, 0), (-1, 3, 1, -1, 1)]


-- 2025-12-21 22:15:56 --写入特征标:(0, -2, -1, -3, 0)
[(0, -1, -2, -3, 0), (1, -1, -2, -3, 1), (0, -2, -1, -3, 0), (1, -2, -1, -3, 1)]


-- 2025-12-21 22:22:55 --写入特征标:(-1, 2, 0, 1, 0)
[(2, 0, -1, 1, 0), (2, 1, -1, 0, 0), (2, 1, -1, 1, 1), (0, 2, 1, -1, 0), (1, 2, 0, -1, 0), (1, 2, 1, -1, 1), (-1, 2, 0, 1, 0), (-1, 2, 1, 0, 0), (-1, 2, 1, 1, 1), (0, 2, -1, 1, 0), (1, 2, -1, 0, 0), (1, 2, -1, 1, 1), (2, 0, 1, -1, 0), (2, 1, 0, -1, 0), (2, 1, 1, -1, 1), (2, -1, 0, 1, 0), (2, -1, 1, 0, 0), (2, -1, 1, 1, 1)]


-- 2025-12-21 22:23:55 --写入特征标:(-1, 2, 0, -4, 0)
[(2, 0, -1, -4, 0), (2, 1, -1, -4, 1), (-1, 2, 0, -4, 0), (-1, 2, 1, -4, 1), (0, 2, -1, -4, 0), (1, 2, -1, -4, 1), (2, -1, 0, -4, 0), (2, -1, 1, -4, 1)]


-- 2025-12-21 22:24:09 --写入特征标:(-2, 2, 0, -1, 0)
[(0, 2, -2, -1, 0), (1, 2, -2, -1, 1), (2, 0, -1, -2, 0), (2, 1, -1, -2, 1), (-1, 2, 0, -2, 0), (-1, 2, 1, -2, 1), (2, -2, 0, -1, 0), (2, -2, 1, -1, 1), (2, 0, -2, -1, 0), (2, 1, -2, -1, 1), (0, 2, -1, -2, 0), (1, 2, -1, -2, 1), (2, -1, 0, -2, 0), (2, -1, 1, -2, 1), (-2, 2, 0, -1, 0), (-2, 2, 1, -1, 1)]


-- 2025-12-21 22:25:23 --写入特征标:(-2, 3, 0, 1, 0)
[(3, 0, -2, 1, 0), (3, 1, -2, 0, 0), (3, 1, -2, 1, 1), (0, 3, 1, -2, 0), (1, 3, 0, -2, 0), (1, 3, 1, -2, 1), (-2, 3, 0, 1, 0), (-2, 3, 1, 0, 0), (-2, 3, 1, 1, 1), (0, 3, -2, 1, 0), (1, 3, -2, 0, 0), (1, 3, -2, 1, 1), (3, 0, 1, -2, 0), (3, 1, 0, -2, 0), (3, 1, 1, -2, 1), (3, -2, 0, 1, 0), (3, -2, 1, 0, 0), (3, -2, 1, 1, 1)]


-- 2025-12-21 22:32:05 --写入特征标:(2, 2, -2, 0, 0)
[(2, 2, -2, 0, 0), (2, 2, -2, 1, 1), (2, 2, 0, -2, 0), (2, 2, 1, -2, 1)]


-- 2025-12-21 22:33:01 --写入特征标:(2, 2, 0, -2, 0)
[(2, 2, 0, -2, 0), (2, 2, 1, -2, 1)]


-- 2025-12-21 22:36:03 --写入特征标:(-2, 2, 0, -2, 0)
[(0, 2, -2, -2, 0), (1, 2, -2, -2, 1), (2, -2, 0, -2, 0), (2, -2, 1, -2, 1), (2, 0, -2, -2, 0), (2, 1, -2, -2, 1), (-2, 2, 0, -2, 0), (-2, 2, 1, -2, 1)]


-- 2025-12-21 22:36:17 --写入特征标:(-2, 2, 0, 1, 0)
[(2, 0, -2, 1, 0), (2, 1, -2, 0, 0), (2, 1, -2, 1, 1), (0, 2, 1, -2, 0), (1, 2, 0, -2, 0), (1, 2, 1, -2, 1), (-2, 2, 0, 1, 0), (-2, 2, 1, 0, 0), (-2, 2, 1, 1, 1), (0, 2, -2, 1, 0), (1, 2, -2, 0, 0), (1, 2, -2, 1, 1), (2, 0, 1, -2, 0), (2, 1, 0, -2, 0), (2, 1, 1, -2, 1), (2, -2, 0, 1, 0), (2, -2, 1, 0, 0), (2, -2, 1, 1, 1)]


-- 2025-12-21 22:40:06 --写入特征标:(-2, 2, 0, 4, 0)
[(2, 4, -2, 0, 0), (2, 4, -2, 1, 1), (2, 4, -2, 0, 0), (2, 4, -2, 1, 1), (4, 2, 0, -2, 0), (4, 2, 1, -2, 1), (4, 2, 0, -2, 0), (4, 2, 1, -2, 1), (2, -2, 0, 4, 0), (2, -2, 1, 4, 1), (4, 0, -2, 2, 0), (4, 1, -2, 2, 1), (-2, 2, 4, 0, 0), (-2, 2, 4, 1, 1), (0, 4, 2, -2, 0), (1, 4, 2, -2, 1), (0, 2, -2, 4, 0), (1, 2, -2, 4, 1), (-2, 4, 0, 2, 0), (-2, 4, 1, 2, 1), (4, -2, 2, 0, 0), (4, -2, 2, 1, 1), (2, 0, 4, -2, 0), (2, 1, 4, -2, 1), (4, 2, -2, 0, 0), (4, 2, -2, 1, 1), (4, 2, -2, 0, 0), (4, 2, -2, 1, 1), (2, 4, 0, -2, 0), (2, 4, 1, -2, 1), (2, 4, 0, -2, 0), (2, 4, 1, -2, 1), (-2, 2, 0, 4, 0), (-2, 2, 1, 4, 1), (0, 4, -2, 2, 0), (1, 4, -2, 2, 1), (2, -2, 4, 0, 0), (2, -2, 4, 1, 1), (4, 0, 2, -2, 0), (4, 1, 2, -2, 1), (2, 0, -2, 4, 0), (2, 1, -2, 4, 1), (4, -2, 0, 2, 0), (4, -2, 1, 2, 1), (-2, 4, 2, 0, 0), (-2, 4, 2, 1, 1), (0, 2, 4, -2, 0), (1, 2, 4, -2, 1)]


-- 2025-12-21 22:40:56 --写入特征标:(2, 4, -2, 0, 0)
[(2, 4, -2, 0, 0), (2, 4, -2, 1, 1), (4, 2, 0, -2, 0), (4, 2, 1, -2, 1), (4, 2, -2, 0, 0), (4, 2, -2, 1, 1), (2, 4, 0, -2, 0), (2, 4, 1, -2, 1)]


-- 2025-12-21 22:44:56 --写入特征标:(4, 2, 0, -2, 0)
[(4, 2, 0, -2, 0), (4, 2, 1, -2, 1)]


-- 2025-12-21 22:45:53 --写入特征标:(4, 2, -2, 0, 0)
[(4, 2, 0, -2, 0), (4, 2, 1, -2, 1), (4, 2, -2, 0, 0), (4, 2, -2, 1, 1)]


-- 2025-12-21 22:47:00 --写入特征标:(2, 4, 0, -2, 0)
[(4, 2, 0, -2, 0), (4, 2, 1, -2, 1), (2, 4, 0, -2, 0), (2, 4, 1, -2, 1)]


-- 2025-12-21 22:52:16 --写入特征标:(-2, 1, 0, 1, 0)
[(1, 0, -2, 1, 0), (1, 1, -2, 0, 0), (1, 1, -2, 1, 1), (2, 1, -2, 1, 2), (0, 1, 1, -2, 0), (1, 1, 0, -2, 0), (1, 1, 1, -2, 1), (1, 2, 1, -2, 2), (-2, 1, 0, 1, 0), (-2, 1, 1, 0, 0), (-2, 1, 1, 1, 1), (-2, 2, 1, 1, 2), (0, 1, -2, 1, 0), (1, 1, -2, 0, 0), (1, 1, -2, 1, 1), (1, 2, -2, 1, 2), (1, 0, 1, -2, 0), (1, 1, 0, -2, 0), (1, 1, 1, -2, 1), (2, 1, 1, -2, 2), (1, -2, 0, 1, 0), (1, -2, 1, 0, 0), (1, -2, 1, 1, 1), (2, -2, 1, 1, 2)]


-- 2025-12-21 23:00:33 --写入特征标:(1, 2, -2, 0, 0)
[(1, 2, -2, 0, 0), (2, 1, -2, 0, 0), (1, 2, -2, 1, 1), (2, 1, -2, 1, 1), (2, 2, -2, 1, 2), (1, 2, 0, -2, 0), (2, 1, 0, -2, 0), (1, 2, 1, -2, 1), (2, 1, 1, -2, 1), (2, 2, 1, -2, 2)]


-- 2025-12-21 23:40:29 --写入特征标:(2, 1, -2, 0, 0)
[(2, 1, 0, -2, 0), (2, 1, 1, -2, 1), (2, 2, 1, -2, 2), (3, 2, 1, -2, 3), (2, 1, -2, 0, 0), (2, 1, -2, 1, 1), (2, 2, -2, 1, 2), (3, 2, -2, 1, 3)]


-- 2025-12-21 23:41:03 --写入特征标:(1, 2, 0, -2, 0)
[(1, 2, 0, -2, 0), (2, 1, 0, -2, 0), (1, 2, 1, -2, 1), (2, 1, 1, -2, 1), (2, 2, 1, -2, 2)]


-- 2025-12-21 23:41:36 --写入特征标:(2, 1, 0, -2, 0)
[(2, 1, 0, -2, 0), (2, 1, 1, -2, 1), (2, 2, 1, -2, 2), (3, 2, 1, -2, 3)]


-- 2025-12-21 23:52:15 --写入特征标:(1, 3, -2, 0, 0)
[(1, 3, -2, 0, 0), (1, 3, -2, 1, 1), (2, 3, -2, 1, 2), (3, 1, 0, -2, 0), (3, 1, 1, -2, 1), (3, 2, 1, -2, 2), (3, 1, -2, 0, 0), (3, 1, -2, 1, 1), (3, 2, -2, 1, 2), (1, 3, 0, -2, 0), (1, 3, 1, -2, 1), (2, 3, 1, -2, 2)]


-- 2025-12-21 23:52:42 --写入特征标:(3, 1, 0, -2, 0)
[(3, 1, 0, -2, 0), (3, 1, 1, -2, 1), (3, 2, 1, -2, 2)]


-- 2025-12-21 23:53:12 --写入特征标:(3, 1, -2, 0, 0)
[(3, 1, 0, -2, 0), (3, 1, 1, -2, 1), (3, 2, 1, -2, 2), (3, 1, -2, 0, 0), (3, 1, -2, 1, 1), (3, 2, -2, 1, 2)]


-- 2025-12-21 23:53:31 --写入特征标:(1, 3, 0, -2, 0)
[(3, 1, 0, -2, 0), (3, 1, 1, -2, 1), (3, 2, 1, -2, 2), (1, 3, 0, -2, 0), (1, 3, 1, -2, 1), (2, 3, 1, -2, 2)]


-- 2025-12-22 00:01:06 --写入特征标:(-2, 1, 0, -3, 0)
[(1, 0, -2, -3, 0), (1, 1, -2, -3, 1), (2, 1, -2, -3, 2), (-2, 1, 0, -3, 0), (-2, 1, 1, -3, 1), (-2, 2, 1, -3, 2), (0, 1, -2, -3, 0), (1, 1, -2, -3, 1), (1, 2, -2, -3, 2), (1, -2, 0, -3, 0), (1, -2, 1, -3, 1), (2, -2, 1, -3, 2)]


-- 2025-12-22 00:01:17 --写入特征标:(-2, 1, 0, -1, 0)
[(0, 1, -2, -1, 0), (1, 1, -2, -1, 1), (1, 2, -2, -1, 2), (1, 0, -1, -2, 0), (1, 1, -1, -2, 1), (2, 1, -1, -2, 2), (-1, 1, 0, -2, 0), (-1, 1, 1, -2, 1), (-1, 2, 1, -2, 2), (1, -2, 0, -1, 0), (1, -2, 1, -1, 1), (2, -2, 1, -1, 2), (1, 0, -2, -1, 0), (1, 1, -2, -1, 1), (2, 1, -2, -1, 2), (0, 1, -1, -2, 0), (1, 1, -1, -2, 1), (1, 2, -1, -2, 2), (1, -1, 0, -2, 0), (1, -1, 1, -2, 1), (2, -1, 1, -2, 2), (-2, 1, 0, -1, 0), (-2, 1, 1, -1, 1), (-2, 2, 1, -1, 2)]


-- 2025-12-22 00:03:46 --写入特征标:(-2, 1, 0, -2, 0)
[(0, 1, -2, -2, 0), (1, 1, -2, -2, 1), (1, 2, -2, -2, 2), (1, -2, 0, -2, 0), (1, -2, 1, -2, 1), (2, -2, 1, -2, 2), (1, 0, -2, -2, 0), (1, 1, -2, -2, 1), (2, 1, -2, -2, 2), (-2, 1, 0, -2, 0), (-2, 1, 1, -2, 1), (-2, 2, 1, -2, 2)]


-- 2025-12-22 10:54:20 --写入特征标:(-1, 1, 0, -1, 0)
[(0, 1, -1, -1, 0), (1, 1, -1, -1, 1), (1, 2, -1, -1, 2), (1, -1, 0, -1, 0), (1, -1, 1, -1, 1), (2, -1, 1, -1, 2), (1, 0, -1, -1, 0), (1, 1, -1, -1, 1), (2, 1, -1, -1, 2), (-1, 1, 0, -1, 0), (-1, 1, 1, -1, 1), (-1, 2, 1, -1, 2)]


-- 2025-12-22 10:54:34 --写入特征标:(-1, 1, 0, -2, 0)
[(1, 0, -1, -2, 0), (1, 1, -1, -2, 1), (2, 1, -1, -2, 2), (-1, 1, 0, -2, 0), (-1, 1, 1, -2, 1), (-1, 2, 1, -2, 2), (0, 1, -1, -2, 0), (1, 1, -1, -2, 1), (1, 2, -1, -2, 2), (1, -1, 0, -2, 0), (1, -1, 1, -2, 1), (2, -1, 1, -2, 2)]


-- 2025-12-22 10:55:12 --写入特征标:(-1, 1, 0, -3, 0)
[(1, 0, -1, -3, 0), (1, 1, -1, -3, 1), (2, 1, -1, -3, 2), (-1, 1, 0, -3, 0), (-1, 1, 1, -3, 1), (-1, 2, 1, -3, 2), (0, 1, -1, -3, 0), (1, 1, -1, -3, 1), (1, 2, -1, -3, 2), (1, -1, 0, -3, 0), (1, -1, 1, -3, 1), (2, -1, 1, -3, 2)]


-- 2025-12-22 11:14:27 --写入特征标:(2, 1, 0, -1, 0)
[(2, 1, 0, -1, 0), (2, 1, 1, -1, 1), (2, 2, 1, -1, 2), (3, 2, 1, -1, 3)]


-- 2025-12-22 11:23:40 --写入特征标:(1, 3, 0, 4, 0)
[(3, 4, 0, 1, 0), (3, 4, 1, 1, 1), (3, 4, 1, 2, 2), (4, 3, 1, 0, 0), (4, 3, 1, 1, 1), (4, 3, 2, 1, 2), (4, 1, 0, 3, 0), (4, 1, 1, 3, 1), (4, 2, 1, 3, 2), (1, 4, 3, 0, 0), (1, 4, 3, 1, 1), (2, 4, 3, 1, 2), (1, 3, 0, 4, 0), (1, 3, 1, 4, 1), (2, 3, 1, 4, 2), (3, 1, 4, 0, 0), (3, 1, 4, 1, 1), (3, 2, 4, 1, 2), (4, 3, 0, 1, 0), (4, 3, 1, 1, 1), (4, 3, 1, 2, 2), (3, 4, 1, 0, 0), (3, 4, 1, 1, 1), (3, 4, 2, 1, 2), (1, 4, 0, 3, 0), (1, 4, 1, 3, 1), (2, 4, 1, 3, 2), (4, 1, 3, 0, 0), (4, 1, 3, 1, 1), (4, 2, 3, 1, 2), (3, 1, 0, 4, 0), (3, 1, 1, 4, 1), (3, 2, 1, 4, 2), (1, 3, 4, 0, 0), (1, 3, 4, 1, 1), (2, 3, 4, 1, 2)]


-- 2025-12-22 11:23:55 --写入特征标:(1, 3, 0, 5, 0)
[(3, 5, 0, 1, 0), (3, 5, 1, 1, 1), (3, 5, 1, 2, 2), (5, 3, 1, 0, 0), (5, 3, 1, 1, 1), (5, 3, 2, 1, 2), (5, 1, 0, 3, 0), (5, 1, 1, 3, 1), (5, 2, 1, 3, 2), (1, 5, 3, 0, 0), (1, 5, 3, 1, 1), (2, 5, 3, 1, 2), (1, 3, 0, 5, 0), (1, 3, 1, 5, 1), (2, 3, 1, 5, 2), (3, 1, 5, 0, 0), (3, 1, 5, 1, 1), (3, 2, 5, 1, 2), (5, 3, 0, 1, 0), (5, 3, 1, 1, 1), (5, 3, 1, 2, 2), (3, 5, 1, 0, 0), (3, 5, 1, 1, 1), (3, 5, 2, 1, 2), (1, 5, 0, 3, 0), (1, 5, 1, 3, 1), (2, 5, 1, 3, 2), (5, 1, 3, 0, 0), (5, 1, 3, 1, 1), (5, 2, 3, 1, 2), (3, 1, 0, 5, 0), (3, 1, 1, 5, 1), (3, 2, 1, 5, 2), (1, 3, 5, 0, 0), (1, 3, 5, 1, 1), (2, 3, 5, 1, 2)]


-- 2025-12-22 11:24:13 --写入特征标:(1, 5, 0, 3, 0)
[(3, 5, 0, 1, 0), (3, 5, 1, 1, 1), (3, 5, 1, 2, 2), (5, 3, 1, 0, 0), (5, 3, 1, 1, 1), (5, 3, 2, 1, 2), (5, 1, 0, 3, 0), (5, 1, 1, 3, 1), (5, 2, 1, 3, 2), (1, 5, 3, 0, 0), (1, 5, 3, 1, 1), (2, 5, 3, 1, 2), (5, 3, 0, 1, 0), (5, 3, 1, 1, 1), (5, 3, 1, 2, 2), (3, 5, 1, 0, 0), (3, 5, 1, 1, 1), (3, 5, 2, 1, 2), (1, 5, 0, 3, 0), (1, 5, 1, 3, 1), (2, 5, 1, 3, 2), (5, 1, 3, 0, 0), (5, 1, 3, 1, 1), (5, 2, 3, 1, 2)]


-- 2025-12-22 11:24:59 --写入特征标:(1, 5, 0, 4, 0)
[(4, 5, 0, 1, 0), (4, 5, 1, 1, 1), (4, 5, 1, 2, 2), (5, 4, 1, 0, 0), (5, 4, 1, 1, 1), (5, 4, 2, 1, 2), (5, 1, 0, 4, 0), (5, 1, 1, 4, 1), (5, 2, 1, 4, 2), (1, 5, 4, 0, 0), (1, 5, 4, 1, 1), (2, 5, 4, 1, 2), (5, 4, 0, 1, 0), (5, 4, 1, 1, 1), (5, 4, 1, 2, 2), (4, 5, 1, 0, 0), (4, 5, 1, 1, 1), (4, 5, 2, 1, 2), (1, 5, 0, 4, 0), (1, 5, 1, 4, 1), (2, 5, 1, 4, 2), (5, 1, 4, 0, 0), (5, 1, 4, 1, 1), (5, 2, 4, 1, 2)]


-- 2025-12-22 11:26:31 --写入特征标:(1, 2, 0, 3, 0)
[(3, 1, 0, 2, 0), (3, 2, 0, 1, 0), (3, 1, 1, 2, 1), (3, 2, 1, 1, 1), (3, 2, 1, 2, 2), (1, 3, 2, 0, 0), (2, 3, 1, 0, 0), (1, 3, 2, 1, 1), (2, 3, 1, 1, 1), (2, 3, 2, 1, 2), (1, 2, 0, 3, 0), (2, 1, 0, 3, 0), (1, 2, 1, 3, 1), (2, 1, 1, 3, 1), (2, 2, 1, 3, 2), (1, 3, 0, 2, 0), (2, 3, 0, 1, 0), (1, 3, 1, 2, 1), (2, 3, 1, 1, 1), (2, 3, 1, 2, 2), (3, 1, 2, 0, 0), (3, 2, 1, 0, 0), (3, 1, 2, 1, 1), (3, 2, 1, 1, 1), (3, 2, 2, 1, 2), (1, 2, 3, 0, 0), (2, 1, 3, 0, 0), (1, 2, 3, 1, 1), (2, 1, 3, 1, 1), (2, 2, 3, 1, 2)]


-- 2025-12-22 13:28:46 --写入特征标:(1, 2, 0, 2, 0)
[(1, 2, 0, 2, 0), (2, 1, 0, 2, 0), (2, 2, 0, 1, 0), (1, 2, 1, 2, 1), (2, 1, 1, 2, 1), (2, 2, 1, 1, 1), (2, 2, 1, 2, 2), (1, 2, 2, 0, 0), (2, 1, 2, 0, 0), (2, 2, 1, 0, 0), (1, 2, 2, 1, 1), (2, 1, 2, 1, 1), (2, 2, 1, 1, 1), (2, 2, 2, 1, 2)]


-- 2025-12-22 13:48:57 --写入特征标:(1, 2, 0, 1, 0)
[(1, 2, 0, 1, 0), (1, 2, 1, 0, 0), (2, 1, 0, 1, 0), (2, 1, 1, 0, 0), (1, 2, 1, 1, 1), (2, 1, 1, 1, 1), (2, 2, 1, 1, 2)]


-- 2025-12-22 13:49:07 --写入特征标:(1, 3, 0, 1, 0)
[(1, 3, 0, 1, 0), (1, 3, 1, 0, 0), (1, 3, 1, 1, 1), (2, 3, 1, 1, 2), (3, 1, 0, 1, 0), (3, 1, 1, 0, 0), (3, 1, 1, 1, 1), (3, 2, 1, 1, 2)]


-- 2025-12-22 13:52:31 --写入特征标:(1, 2, 0, -1, 0)
[(1, 2, 0, -1, 0), (2, 1, 0, -1, 0), (1, 2, 1, -1, 1), (2, 1, 1, -1, 1), (2, 2, 1, -1, 2)]


-- 2025-12-22 13:59:09 --写入特征标:(1, -1, 0, -3, 0)
[(1, 0, -1, -3, 0), (1, 1, -1, -3, 1), (2, 1, -1, -3, 2), (1, -1, 0, -3, 0), (1, -1, 1, -3, 1), (2, -1, 1, -3, 2)]


-- 2025-12-22 13:59:50 --写入特征标:(1, 3, 0, -1, 0)
[(3, 1, 0, -1, 0), (3, 1, 1, -1, 1), (3, 2, 1, -1, 2), (1, 3, 0, -1, 0), (1, 3, 1, -1, 1), (2, 3, 1, -1, 2)]


-- 2025-12-22 14:01:12 --写入特征标:(1, -3, 0, -1, 0)
[(1, 0, -1, -3, 0), (1, 1, -1, -3, 1), (2, 1, -1, -3, 2), (1, -3, 0, -1, 0), (1, -3, 1, -1, 1), (2, -3, 1, -1, 2), (1, 0, -3, -1, 0), (1, 1, -3, -1, 1), (2, 1, -3, -1, 2), (1, -1, 0, -3, 0), (1, -1, 1, -3, 1), (2, -1, 1, -3, 2)]


-- 2025-12-22 14:01:24 --写入特征标:(1, -1, 0, -2, 0)
[(1, 0, -1, -2, 0), (1, 1, -1, -2, 1), (2, 1, -1, -2, 2), (1, -1, 0, -2, 0), (1, -1, 1, -2, 1), (2, -1, 1, -2, 2)]


-- 2025-12-22 14:01:39 --写入特征标:(1, -2, 0, -1, 0)
[(1, 0, -1, -2, 0), (1, 1, -1, -2, 1), (2, 1, -1, -2, 2), (1, -2, 0, -1, 0), (1, -2, 1, -1, 1), (2, -2, 1, -1, 2), (1, 0, -2, -1, 0), (1, 1, -2, -1, 1), (2, 1, -2, -1, 2), (1, -1, 0, -2, 0), (1, -1, 1, -2, 1), (2, -1, 1, -2, 2)]


-- 2025-12-22 14:02:14 --写入特征标:(1, -2, 0, -4, 0)
[(1, 0, -2, -4, 0), (1, 1, -2, -4, 1), (2, 1, -2, -4, 2), (1, -2, 0, -4, 0), (1, -2, 1, -4, 1), (2, -2, 1, -4, 2)]


-- 2025-12-22 14:02:54 --写入特征标:(1, -2, 0, 4, 0)
[(1, 4, -2, 0, 0), (1, 4, -2, 1, 1), (2, 4, -2, 1, 2), (4, 1, 0, -2, 0), (4, 1, 1, -2, 1), (4, 2, 1, -2, 2), (1, -2, 0, 4, 0), (1, -2, 1, 4, 1), (2, -2, 1, 4, 2), (4, 0, -2, 1, 0), (4, 1, -2, 1, 1), (4, 1, -2, 2, 2), (4, -2, 1, 0, 0), (4, -2, 1, 1, 1), (4, -2, 2, 1, 2), (1, 0, 4, -2, 0), (1, 1, 4, -2, 1), (2, 1, 4, -2, 2), (4, 1, -2, 0, 0), (4, 1, -2, 1, 1), (4, 2, -2, 1, 2), (1, 4, 0, -2, 0), (1, 4, 1, -2, 1), (2, 4, 1, -2, 2), (1, -2, 4, 0, 0), (1, -2, 4, 1, 1), (2, -2, 4, 1, 2), (4, 0, 1, -2, 0), (4, 1, 1, -2, 1), (4, 1, 2, -2, 2), (1, 0, -2, 4, 0), (1, 1, -2, 4, 1), (2, 1, -2, 4, 2), (4, -2, 0, 1, 0), (4, -2, 1, 1, 1), (4, -2, 1, 2, 2)]


-- 2025-12-22 14:06:10 --写入特征标:(1, -2, 0, 2, 0)
[(1, 2, -2, 0, 0), (2, 1, -2, 0, 0), (1, 2, -2, 1, 1), (2, 1, -2, 1, 1), (2, 2, -2, 1, 2), (1, -2, 0, 2, 0), (2, -2, 0, 1, 0), (1, -2, 1, 2, 1), (2, -2, 1, 1, 1), (2, -2, 1, 2, 2), (1, 0, 2, -2, 0), (2, 0, 1, -2, 0), (1, 1, 2, -2, 1), (2, 1, 1, -2, 1), (2, 1, 2, -2, 2), (1, 2, 0, -2, 0), (2, 1, 0, -2, 0), (1, 2, 1, -2, 1), (2, 1, 1, -2, 1), (2, 2, 1, -2, 2), (1, -2, 2, 0, 0), (2, -2, 1, 0, 0), (1, -2, 2, 1, 1), (2, -2, 1, 1, 1), (2, -2, 2, 1, 2), (1, 0, -2, 2, 0), (2, 0, -2, 1, 0), (1, 1, -2, 2, 1), (2, 1, -2, 1, 1), (2, 1, -2, 2, 2)]


-- 2025-12-22 14:14:46 --写入特征标:(1, -1, 0, 3, 0)
[(1, 3, -1, 0, 0), (1, 3, -1, 1, 1), (2, 3, -1, 1, 2), (3, 1, 0, -1, 0), (3, 1, 1, -1, 1), (3, 2, 1, -1, 2), (1, -1, 0, 3, 0), (1, -1, 1, 3, 1), (2, -1, 1, 3, 2), (3, 0, -1, 1, 0), (3, 1, -1, 1, 1), (3, 1, -1, 2, 2), (3, -1, 1, 0, 0), (3, -1, 1, 1, 1), (3, -1, 2, 1, 2), (1, 0, 3, -1, 0), (1, 1, 3, -1, 1), (2, 1, 3, -1, 2), (3, 1, -1, 0, 0), (3, 1, -1, 1, 1), (3, 2, -1, 1, 2), (1, 3, 0, -1, 0), (1, 3, 1, -1, 1), (2, 3, 1, -1, 2), (1, -1, 3, 0, 0), (1, -1, 3, 1, 1), (2, -1, 3, 1, 2), (3, 0, 1, -1, 0), (3, 1, 1, -1, 1), (3, 1, 2, -1, 2), (1, 0, -1, 3, 0), (1, 1, -1, 3, 1), (2, 1, -1, 3, 2), (3, -1, 0, 1, 0), (3, -1, 1, 1, 1), (3, -1, 1, 2, 2)]


-- 2025-12-22 14:16:14 --写入特征标:(1, 4, 0, 3, 0)
[(3, 4, 0, 1, 0), (3, 4, 1, 1, 1), (3, 4, 1, 2, 2), (4, 3, 1, 0, 0), (4, 3, 1, 1, 1), (4, 3, 2, 1, 2), (4, 1, 0, 3, 0), (4, 1, 1, 3, 1), (4, 2, 1, 3, 2), (1, 4, 3, 0, 0), (1, 4, 3, 1, 1), (2, 4, 3, 1, 2), (4, 3, 0, 1, 0), (4, 3, 1, 1, 1), (4, 3, 1, 2, 2), (3, 4, 1, 0, 0), (3, 4, 1, 1, 1), (3, 4, 2, 1, 2), (1, 4, 0, 3, 0), (1, 4, 1, 3, 1), (2, 4, 1, 3, 2), (4, 1, 3, 0, 0), (4, 1, 3, 1, 1), (4, 2, 3, 1, 2)]


-- 2025-12-22 14:19:18 --写入特征标:(1, 4, 0, 1, 0)
[(1, 4, 0, 1, 0), (1, 4, 1, 0, 0), (1, 4, 1, 1, 1), (2, 4, 1, 1, 2), (4, 1, 0, 1, 0), (4, 1, 1, 0, 0), (4, 1, 1, 1, 1), (4, 2, 1, 1, 2)]


-- 2025-12-22 14:21:22 --写入特征标:(1, -1, 0, 1, 0)
[(1, 0, -1, 1, 0), (1, 1, -1, 0, 0), (1, 1, -1, 1, 1), (2, 1, -1, 1, 2), (1, 0, 1, -1, 0), (1, 1, 0, -1, 0), (1, 1, 1, -1, 1), (2, 1, 1, -1, 2), (1, -1, 0, 1, 0), (1, -1, 1, 0, 0), (1, -1, 1, 1, 1), (2, -1, 1, 1, 2)]


-- 2025-12-22 14:28:32 --写入特征标:(3, 4, 0, 0, 0)
[(3, 4, 1, 0, 1), (3, 4, 0, 1, 1), (3, 4, 0, 0, 0), (4, 3, 1, 0, 1), (4, 3, 0, 1, 1), (4, 3, 0, 0, 0)]


-- 2025-12-22 14:29:40 --写入特征标:(2, 3, 0, 0, 0)
[(2, 3, 1, 0, 1), (2, 3, 0, 1, 1), (2, 3, 0, 0, 0), (3, 2, 1, 0, 1), (3, 2, 0, 1, 1), (3, 2, 0, 0, 0)]


-- 2025-12-22 14:29:47 --写入特征标:(2, 2, 0, 0, 0)
[(2, 2, 1, 0, 1), (2, 2, 0, 1, 1), (2, 2, 0, 0, 0)]


-- 2025-12-22 14:30:07 --写入特征标:(3, 2, 0, 0, 0)
[(3, 2, 1, 0, 1), (3, 2, 0, 1, 1), (3, 2, 0, 0, 0)]


-- 2025-12-22 14:32:12 --写入特征标:(-3, -2, 0, 0, 0)
[(-3, -2, 1, 0, 1), (-3, -2, 0, 1, 1), (-3, -2, 0, 0, 0), (1, 0, -3, -2, 1), (0, 1, -3, -2, 1), (0, 0, -3, -2, 0), (1, -3, -2, 0, 1), (0, -3, -2, 1, 1), (0, -3, -2, 0, 0), (-3, 1, 0, -2, 1), (-3, 0, 1, -2, 1), (-3, 0, 0, -2, 0), (-2, 1, -3, 0, 1), (-2, 0, -3, 1, 1), (-2, 0, -3, 0, 0), (1, -2, 0, -3, 1), (0, -2, 1, -3, 1), (0, -2, 0, -3, 0), (-2, -3, 1, 0, 1), (-2, -3, 0, 1, 1), (-2, -3, 0, 0, 0), (1, 0, -2, -3, 1), (0, 1, -2, -3, 1), (0, 0, -2, -3, 0), (-3, 1, -2, 0, 1), (-3, 0, -2, 1, 1), (-3, 0, -2, 0, 0), (1, -3, 0, -2, 1), (0, -3, 1, -2, 1), (0, -3, 0, -2, 0), (1, -2, -3, 0, 1), (0, -2, -3, 1, 1), (0, -2, -3, 0, 0), (-2, 1, 0, -3, 1), (-2, 0, 1, -3, 1), (-2, 0, 0, -3, 0)]


-- 2025-12-22 14:32:28 --写入特征标:(-2, -1, 0, 0, 0)
[(-2, -1, 1, 0, 1), (-2, -1, 0, 1, 1), (-2, -1, 0, 0, 0), (1, 0, -2, -1, 1), (0, 1, -2, -1, 1), (0, 0, -2, -1, 0), (1, -2, -1, 0, 1), (0, -2, -1, 1, 1), (0, -2, -1, 0, 0), (-2, 1, 0, -1, 1), (-2, 0, 1, -1, 1), (-2, 0, 0, -1, 0), (-1, 1, -2, 0, 1), (-1, 0, -2, 1, 1), (-1, 0, -2, 0, 0), (1, -1, 0, -2, 1), (0, -1, 1, -2, 1), (0, -1, 0, -2, 0), (-1, -2, 1, 0, 1), (-1, -2, 0, 1, 1), (-1, -2, 0, 0, 0), (1, 0, -1, -2, 1), (0, 1, -1, -2, 1), (0, 0, -1, -2, 0), (-2, 1, -1, 0, 1), (-2, 0, -1, 1, 1), (-2, 0, -1, 0, 0), (1, -2, 0, -1, 1), (0, -2, 1, -1, 1), (0, -2, 0, -1, 0), (1, -1, -2, 0, 1), (0, -1, -2, 1, 1), (0, -1, -2, 0, 0), (-1, 1, 0, -2, 1), (-1, 0, 1, -2, 1), (-1, 0, 0, -2, 0)]


-- 2025-12-22 14:32:42 --写入特征标:(-1, -2, 0, 0, 0)
[(1, 0, -2, -1, 1), (0, 1, -2, -1, 1), (0, 0, -2, -1, 0), (1, -2, -1, 0, 1), (0, -2, -1, 1, 1), (0, -2, -1, 0, 0), (-1, 1, -2, 0, 1), (-1, 0, -2, 1, 1), (-1, 0, -2, 0, 0), (1, -1, 0, -2, 1), (0, -1, 1, -2, 1), (0, -1, 0, -2, 0), (-1, -2, 1, 0, 1), (-1, -2, 0, 1, 1), (-1, -2, 0, 0, 0), (1, 0, -1, -2, 1), (0, 1, -1, -2, 1), (0, 0, -1, -2, 0), (1, -2, 0, -1, 1), (0, -2, 1, -1, 1), (0, -2, 0, -1, 0), (1, -1, -2, 0, 1), (0, -1, -2, 1, 1), (0, -1, -2, 0, 0), (-1, 1, 0, -2, 1), (-1, 0, 1, -2, 1), (-1, 0, 0, -2, 0)]


-- 2025-12-22 14:32:52 --写入特征标:(-1, -1, 0, 0, 0)
[(-1, -1, 1, 0, 1), (-1, -1, 0, 1, 1), (-1, -1, 0, 0, 0), (1, 0, -1, -1, 1), (0, 1, -1, -1, 1), (0, 0, -1, -1, 0), (1, -1, -1, 0, 1), (0, -1, -1, 1, 1), (0, -1, -1, 0, 0), (-1, 1, 0, -1, 1), (-1, 0, 1, -1, 1), (-1, 0, 0, -1, 0), (-1, 1, -1, 0, 1), (-1, 0, -1, 1, 1), (-1, 0, -1, 0, 0), (1, -1, 0, -1, 1), (0, -1, 1, -1, 1), (0, -1, 0, -1, 0)]


-- 2025-12-22 14:33:23 --写入特征标:(-1, 3, 0, 0, 0)
[(3, 1, -1, 0, 1), (3, 0, -1, 1, 1), (3, 0, -1, 0, 0), (1, 3, 0, -1, 1), (0, 3, 1, -1, 1), (0, 3, 0, -1, 0), (-1, 3, 1, 0, 1), (-1, 3, 0, 1, 1), (-1, 3, 0, 0, 0), (1, 3, -1, 0, 1), (0, 3, -1, 1, 1), (0, 3, -1, 0, 0), (3, 1, 0, -1, 1), (3, 0, 1, -1, 1), (3, 0, 0, -1, 0), (3, -1, 1, 0, 1), (3, -1, 0, 1, 1), (3, -1, 0, 0, 0)]


-- 2025-12-22 14:33:40 --写入特征标:(2, -1, 0, 0, 0)
[(2, 1, -1, 0, 1), (2, 0, -1, 1, 1), (2, 0, -1, 0, 0), (2, 1, 0, -1, 1), (2, 0, 1, -1, 1), (2, 0, 0, -1, 0), (2, -1, 1, 0, 1), (2, -1, 0, 1, 1), (2, -1, 0, 0, 0)]


-- 2025-12-22 14:33:56 --写入特征标:(-1, 2, 0, 0, 0)
[(2, 1, -1, 0, 1), (2, 0, -1, 1, 1), (2, 0, -1, 0, 0), (1, 2, 0, -1, 1), (0, 2, 1, -1, 1), (0, 2, 0, -1, 0), (-1, 2, 1, 0, 1), (-1, 2, 0, 1, 1), (-1, 2, 0, 0, 0), (1, 2, -1, 0, 1), (0, 2, -1, 1, 1), (0, 2, -1, 0, 0), (2, 1, 0, -1, 1), (2, 0, 1, -1, 1), (2, 0, 0, -1, 0), (2, -1, 1, 0, 1), (2, -1, 0, 1, 1), (2, -1, 0, 0, 0)]


-- 2025-12-22 14:36:13 --写入特征标:(1, -1, 0, 0, 0)
[(1, 0, -1, 0, 0), (1, 0, -1, 1, 1), (1, 1, -1, 0, 1), (2, 0, -1, 1, 2), (2, 1, -1, 0, 2), (1, 0, 0, -1, 0), (1, 0, 1, -1, 1), (1, 1, 0, -1, 1), (2, 0, 1, -1, 2), (2, 1, 0, -1, 2), (1, -1, 0, 0, 0), (1, -1, 0, 1, 1), (1, -1, 1, 0, 1), (2, -1, 0, 1, 2), (2, -1, 1, 0, 2)]


-- 2025-12-22 14:36:25 --写入特征标:(1, -2, 0, 0, 0)
[(1, 0, -2, 0, 0), (1, 0, -2, 1, 1), (1, 1, -2, 0, 1), (2, 0, -2, 1, 2), (2, 1, -2, 0, 2), (1, 0, 0, -2, 0), (1, 0, 1, -2, 1), (1, 1, 0, -2, 1), (2, 0, 1, -2, 2), (2, 1, 0, -2, 2), (1, -2, 0, 0, 0), (1, -2, 0, 1, 1), (1, -2, 1, 0, 1), (2, -2, 0, 1, 2), (2, -2, 1, 0, 2)]


-- 2025-12-22 14:39:03 --写入特征标:(1, 3, 0, 0, 0)
[(1, 3, 0, 0, 0), (1, 3, 0, 1, 1), (1, 3, 1, 0, 1), (2, 3, 0, 1, 2), (2, 3, 1, 0, 2), (3, 1, 0, 0, 0), (3, 1, 0, 1, 1), (3, 1, 1, 0, 1), (3, 2, 0, 1, 2), (3, 2, 1, 0, 2)]


-- 2025-12-22 14:40:58 --写入特征标:(1, 2, 0, 0, 0)
[(1, 2, 0, 0, 0), (2, 1, 0, 0, 0), (1, 2, 0, 1, 1), (1, 2, 1, 0, 1), (2, 1, 0, 1, 1), (2, 1, 1, 0, 1), (2, 2, 0, 1, 2), (2, 2, 1, 0, 2)]


-- 2025-12-22 14:43:01 --写入特征标:(1, 1, 0, 0, 0)
[(2, 1, 1, 0, 2), (2, 1, 0, 1, 2), (1, 2, 1, 0, 2), (1, 2, 0, 1, 2), (1, 1, 1, 0, 1), (1, 1, 0, 1, 1), (1, 1, 0, 0, 0)]


-- 2025-12-22 16:13:31 --写入特征标:(4, 3, 2, 0, 0)
[(4, 3, 2, 0, 0), (4, 3, 2, 1, 1)]


-- 2025-12-22 16:13:41 --写入特征标:(4, 2, 2, 0, 0)
[(4, 2, 2, 0, 0), (4, 2, 2, 1, 1)]


-- 2025-12-22 16:13:52 --写入特征标:(4, 2, 3, 0, 0)
[(4, 3, 2, 0, 0), (4, 3, 2, 1, 1), (4, 2, 3, 0, 0), (4, 2, 3, 1, 1)]


-- 2025-12-22 16:14:06 --写入特征标:(2, 3, 4, 0, 0)
[(4, 3, 2, 0, 0), (4, 3, 2, 1, 1), (2, 4, 3, 0, 0), (2, 4, 3, 1, 1), (3, 2, 4, 0, 0), (3, 2, 4, 1, 1), (3, 4, 2, 0, 0), (3, 4, 2, 1, 1), (4, 2, 3, 0, 0), (4, 2, 3, 1, 1), (2, 3, 4, 0, 0), (2, 3, 4, 1, 1)]


-- 2025-12-22 16:14:20 --写入特征标:(2, 4, 3, 0, 0)
[(4, 3, 2, 0, 0), (4, 3, 2, 1, 1), (2, 4, 3, 0, 0), (2, 4, 3, 1, 1), (3, 4, 2, 0, 0), (3, 4, 2, 1, 1), (4, 2, 3, 0, 0), (4, 2, 3, 1, 1)]


-- 2025-12-22 16:15:52 --写入特征标:(3, 2, 4, 0, 0)
[(4, 3, 2, 0, 0), (4, 3, 2, 1, 1), (3, 2, 4, 0, 0), (3, 2, 4, 1, 1), (3, 4, 2, 0, 0), (3, 4, 2, 1, 1), (4, 2, 3, 0, 0), (4, 2, 3, 1, 1)]


-- 2025-12-22 16:16:10 --写入特征标:(3, 4, 2, 0, 0)
[(4, 3, 2, 0, 0), (4, 3, 2, 1, 1), (3, 4, 2, 0, 0), (3, 4, 2, 1, 1)]


-- 2025-12-22 16:16:59 --写入特征标:(2, 2, 2, 0, 0)
[(2, 2, 2, 0, 0), (2, 2, 2, 1, 1)]


-- 2025-12-22 16:20:20 --写入特征标:(2, 1, 2, 0, 0)
[(2, 1, 2, 0, 0), (2, 2, 1, 0, 0), (2, 1, 2, 1, 1), (2, 2, 1, 1, 1), (2, 2, 2, 1, 2), (3, 2, 2, 1, 3)]


-- 2025-12-22 16:20:55 --写入特征标:(3, 1, 2, 0, 0)
[(3, 1, 2, 0, 0), (3, 2, 1, 0, 0), (3, 1, 2, 1, 1), (3, 2, 1, 1, 1), (3, 2, 2, 1, 2)]


-- 2025-12-22 16:21:20 --写入特征标:(4, 1, 3, 0, 0)
[(4, 3, 1, 0, 0), (4, 3, 1, 1, 1), (4, 3, 2, 1, 2), (4, 1, 3, 0, 0), (4, 1, 3, 1, 1), (4, 2, 3, 1, 2)]


-- 2025-12-22 16:22:46 --写入特征标:(5, 1, 3, 0, 0)
[(5, 3, 1, 0, 0), (5, 3, 1, 1, 1), (5, 3, 2, 1, 2), (5, 1, 3, 0, 0), (5, 1, 3, 1, 1), (5, 2, 3, 1, 2)]


-- 2025-12-22 16:22:55 --写入特征标:(5, 1, 2, 0, 0)
[(5, 1, 2, 0, 0), (5, 2, 1, 0, 0), (5, 1, 2, 1, 1), (5, 2, 1, 1, 1), (5, 2, 2, 1, 2)]


-- 2025-12-22 16:23:29 --写入特征标:(3, 1, 3, 0, 0)
[(3, 3, 1, 0, 0), (3, 3, 1, 1, 1), (3, 3, 2, 1, 2), (3, 1, 3, 0, 0), (3, 1, 3, 1, 1), (3, 2, 3, 1, 2)]


-- 2025-12-22 16:43:20 --写入特征标:(2, 1, 3, 0, 0)
[(2, 1, 3, 0, 0), (3, 1, 2, 0, 0), (2, 1, 3, 1, 1), (3, 1, 2, 1, 1), (2, 2, 3, 1, 2), (3, 2, 2, 1, 2), (3, 2, 3, 1, 3), (2, 3, 1, 0, 0), (3, 2, 1, 0, 0), (2, 3, 1, 1, 1), (3, 2, 1, 1, 1), (2, 3, 2, 1, 2), (3, 2, 2, 1, 2), (3, 3, 2, 1, 3)]


-- 2025-12-22 16:45:14 --写入特征标:(3, 1, 4, 0, 0)
[(3, 1, 4, 0, 0), (4, 1, 3, 0, 0), (3, 1, 4, 1, 1), (4, 1, 3, 1, 1), (3, 2, 4, 1, 2), (4, 2, 3, 1, 2), (3, 4, 1, 0, 0), (4, 3, 1, 0, 0), (3, 4, 1, 1, 1), (4, 3, 1, 1, 1), (3, 4, 2, 1, 2), (4, 3, 2, 1, 2)]


-- 2025-12-22 16:52:53 --写入特征标:(5, 2, 2, 1, 2)
[(5, 3, 2, 1, 3), (5, 2, 3, 1, 3), (5, 2, 2, 1, 2)]


-- 2025-12-22 17:07:16 --写入特征标:(4, 1, 4, 0, 0)
[(4, 1, 4, 0, 0), (4, 1, 4, 1, 1), (4, 2, 4, 1, 2), (4, 4, 1, 0, 0), (4, 4, 1, 1, 1), (4, 4, 2, 1, 2)]


-- 2025-12-22 17:07:46 --写入特征标:(4, 1, 5, 0, 0)
[(5, 4, 1, 0, 0), (5, 4, 1, 1, 1), (5, 4, 2, 1, 2), (4, 1, 5, 0, 0), (4, 1, 5, 1, 1), (4, 2, 5, 1, 2), (4, 5, 1, 0, 0), (4, 5, 1, 1, 1), (4, 5, 2, 1, 2), (5, 1, 4, 0, 0), (5, 1, 4, 1, 1), (5, 2, 4, 1, 2)]


-- 2025-12-22 17:14:20 --写入特征标:(1, 2, 3, 0, 0)
[(1, 3, 2, 0, 0), (2, 3, 1, 0, 0), (1, 3, 2, 1, 1), (2, 3, 1, 1, 1), (2, 3, 2, 1, 2), (3, 1, 2, 0, 0), (3, 2, 1, 0, 0), (3, 1, 2, 1, 1), (3, 2, 1, 1, 1), (3, 2, 2, 1, 2), (1, 2, 3, 0, 0), (2, 1, 3, 0, 0), (1, 2, 3, 1, 1), (2, 1, 3, 1, 1), (2, 2, 3, 1, 2)]


-- 2025-12-22 17:14:44 --写入特征标:(1, 3, 2, 0, 0)
[(1, 3, 2, 0, 0), (2, 3, 1, 0, 0), (1, 3, 2, 1, 1), (2, 3, 1, 1, 1), (2, 3, 2, 1, 2), (3, 1, 2, 0, 0), (3, 2, 1, 0, 0), (3, 1, 2, 1, 1), (3, 2, 1, 1, 1), (3, 2, 2, 1, 2)]


-- 2025-12-22 17:16:45 --写入特征标:(1, 4, 2, 0, 0)
[(1, 4, 2, 0, 0), (2, 4, 1, 0, 0), (1, 4, 2, 1, 1), (2, 4, 1, 1, 1), (2, 4, 2, 1, 2), (4, 1, 2, 0, 0), (4, 2, 1, 0, 0), (4, 1, 2, 1, 1), (4, 2, 1, 1, 1), (4, 2, 2, 1, 2)]


-- 2025-12-22 17:16:52 --写入特征标:(1, 4, 3, 0, 0)
[(4, 3, 1, 0, 0), (4, 3, 1, 1, 1), (4, 3, 2, 1, 2), (1, 4, 3, 0, 0), (1, 4, 3, 1, 1), (2, 4, 3, 1, 2), (3, 4, 1, 0, 0), (3, 4, 1, 1, 1), (3, 4, 2, 1, 2), (4, 1, 3, 0, 0), (4, 1, 3, 1, 1), (4, 2, 3, 1, 2)]


-- 2025-12-22 17:17:02 --写入特征标:(1, 2, 2, 0, 0)
[(1, 2, 2, 0, 0), (2, 1, 2, 0, 0), (2, 2, 1, 0, 0), (1, 2, 2, 1, 1), (2, 1, 2, 1, 1), (2, 2, 1, 1, 1), (2, 2, 2, 1, 2)]


-- 2025-12-22 17:17:12 --写入特征标:(1, 3, 3, 0, 0)
[(3, 1, 3, 0, 0), (3, 1, 3, 1, 1), (3, 2, 3, 1, 2), (3, 3, 1, 0, 0), (3, 3, 1, 1, 1), (3, 3, 2, 1, 2), (1, 3, 3, 0, 0), (1, 3, 3, 1, 1), (2, 3, 3, 1, 2)]


-- 2025-12-22 17:18:39 --写入特征标:(1, 1, 3, 0, 0)
[(1, 3, 1, 0, 0), (1, 3, 1, 1, 1), (1, 3, 2, 1, 2), (2, 3, 1, 1, 2), (3, 1, 1, 0, 0), (3, 1, 1, 1, 1), (3, 1, 2, 1, 2), (3, 2, 1, 1, 2), (1, 1, 3, 0, 0), (1, 1, 3, 1, 1), (1, 2, 3, 1, 2), (2, 1, 3, 1, 2)]


-- 2025-12-22 17:18:46 --写入特征标:(1, 1, 2, 0, 0)
[(1, 1, 2, 0, 0), (1, 2, 1, 0, 0), (2, 1, 1, 0, 0), (1, 1, 2, 1, 1), (1, 2, 1, 1, 1), (2, 1, 1, 1, 1), (1, 2, 2, 1, 2), (2, 1, 2, 1, 2), (2, 2, 1, 1, 2)]


-- 2025-12-22 17:18:54 --写入特征标:(1, 1, 5, 0, 0)
[(1, 5, 1, 0, 0), (1, 5, 1, 1, 1), (1, 5, 2, 1, 2), (2, 5, 1, 1, 2), (5, 1, 1, 0, 0), (5, 1, 1, 1, 1), (5, 1, 2, 1, 2), (5, 2, 1, 1, 2), (1, 1, 5, 0, 0), (1, 1, 5, 1, 1), (1, 2, 5, 1, 2), (2, 1, 5, 1, 2)]


-- 2025-12-22 17:24:03 --写入特征标:(2, -1, 3, 0, 0)
[(2, 3, -1, 0, 0), (2, 3, -1, 1, 1), (3, 2, 0, -1, 0), (3, 2, 1, -1, 1), (3, -1, 2, 0, 0), (3, -1, 2, 1, 1), (2, 0, 3, -1, 0), (2, 1, 3, -1, 1), (3, 2, -1, 0, 0), (3, 2, -1, 1, 1), (2, 3, 0, -1, 0), (2, 3, 1, -1, 1), (2, -1, 3, 0, 0), (2, -1, 3, 1, 1), (3, 0, 2, -1, 0), (3, 1, 2, -1, 1)]


-- 2025-12-22 17:24:24 --写入特征标:(2, -1, 2, 0, 0)
[(2, 2, -1, 0, 0), (2, 2, -1, 1, 1), (2, 0, 2, -1, 0), (2, 1, 2, -1, 1), (2, 2, 0, -1, 0), (2, 2, 1, -1, 1), (2, -1, 2, 0, 0), (2, -1, 2, 1, 1)]


-- 2025-12-22 17:24:33 --写入特征标:(3, -1, 2, 0, 0)
[(3, 2, 0, -1, 0), (3, 2, 1, -1, 1), (3, -1, 2, 0, 0), (3, -1, 2, 1, 1), (3, 2, -1, 0, 0), (3, 2, -1, 1, 1), (3, 0, 2, -1, 0), (3, 1, 2, -1, 1)]


-- 2025-12-22 17:26:09 --写入特征标:(3, -1, 1, 0, 0)
[(3, 1, 0, -1, 0), (3, 1, 1, -1, 1), (3, 2, 1, -1, 2), (3, -1, 1, 0, 0), (3, -1, 1, 1, 1), (3, -1, 2, 1, 2), (3, 1, -1, 0, 0), (3, 1, -1, 1, 1), (3, 2, -1, 1, 2), (3, 0, 1, -1, 0), (3, 1, 1, -1, 1), (3, 1, 2, -1, 2)]


-- 2025-12-22 17:30:17 --写入特征标:(4, -1, 1, 0, 0)
[(4, 1, 0, -1, 0), (4, 1, 1, -1, 1), (4, 2, 1, -1, 2), (4, -1, 1, 0, 0), (4, -1, 1, 1, 1), (4, -1, 2, 1, 2), (4, 1, -1, 0, 0), (4, 1, -1, 1, 1), (4, 2, -1, 1, 2), (4, 0, 1, -1, 0), (4, 1, 1, -1, 1), (4, 1, 2, -1, 2)]


-- 2025-12-22 17:31:04 --写入特征标:(2, -1, 1, 0, 0)
[(2, 1, 0, -1, 0), (2, 1, 1, -1, 1), (2, 2, 1, -1, 2), (3, 2, 1, -1, 3), (2, -1, 1, 0, 0), (2, -1, 1, 1, 1), (2, -1, 2, 1, 2), (3, -1, 2, 1, 3), (2, 1, -1, 0, 0), (2, 1, -1, 1, 1), (2, 2, -1, 1, 2), (3, 2, -1, 1, 3), (2, 0, 1, -1, 0), (2, 1, 1, -1, 1), (2, 1, 2, -1, 2), (3, 1, 2, -1, 3)]


-- 2025-12-22 17:38:12 --写入特征标:(1, -1, 2, 0, 0)
[(1, 2, -1, 0, 0), (2, 1, -1, 0, 0), (1, 2, -1, 1, 1), (2, 1, -1, 1, 1), (2, 2, -1, 1, 2), (1, 0, 2, -1, 0), (2, 0, 1, -1, 0), (1, 1, 2, -1, 1), (2, 1, 1, -1, 1), (2, 1, 2, -1, 2), (1, 2, 0, -1, 0), (2, 1, 0, -1, 0), (1, 2, 1, -1, 1), (2, 1, 1, -1, 1), (2, 2, 1, -1, 2), (1, -1, 2, 0, 0), (2, -1, 1, 0, 0), (1, -1, 2, 1, 1), (2, -1, 1, 1, 1), (2, -1, 2, 1, 2)]


-- 2025-12-22 17:38:26 --写入特征标:(1, -1, 3, 0, 0)
[(1, 3, -1, 0, 0), (1, 3, -1, 1, 1), (2, 3, -1, 1, 2), (3, 1, 0, -1, 0), (3, 1, 1, -1, 1), (3, 2, 1, -1, 2), (3, -1, 1, 0, 0), (3, -1, 1, 1, 1), (3, -1, 2, 1, 2), (1, 0, 3, -1, 0), (1, 1, 3, -1, 1), (2, 1, 3, -1, 2), (3, 1, -1, 0, 0), (3, 1, -1, 1, 1), (3, 2, -1, 1, 2), (1, 3, 0, -1, 0), (1, 3, 1, -1, 1), (2, 3, 1, -1, 2), (1, -1, 3, 0, 0), (1, -1, 3, 1, 1), (2, -1, 3, 1, 2), (3, 0, 1, -1, 0), (3, 1, 1, -1, 1), (3, 1, 2, -1, 2)]


-- 2025-12-22 18:51:03 --写入特征标:(-1, -1, 2, 0, 0)
[(0, 2, -1, -1, 0), (1, 2, -1, -1, 1), (-1, 0, 2, -1, 0), (-1, 1, 2, -1, 1), (-1, 2, -1, 0, 0), (-1, 2, -1, 1, 1), (2, -1, 0, -1, 0), (2, -1, 1, -1, 1), (-1, -1, 2, 0, 0), (-1, -1, 2, 1, 1), (2, 0, -1, -1, 0), (2, 1, -1, -1, 1), (0, -1, 2, -1, 0), (1, -1, 2, -1, 1), (2, -1, -1, 0, 0), (2, -1, -1, 1, 1), (-1, 2, 0, -1, 0), (-1, 2, 1, -1, 1)]


-- 2025-12-22 18:51:30 --写入特征标:(-3, -2, 2, 0, 0)
[(-2, -3, 2, 0, 0), (-2, -3, 2, 1, 1), (0, 2, -3, -2, 0), (1, 2, -3, -2, 1), (2, 0, -2, -3, 0), (2, 1, -2, -3, 1), (2, -2, -3, 0, 0), (2, -2, -3, 1, 1), (-3, 0, 2, -2, 0), (-3, 1, 2, -2, 1), (-2, 2, 0, -3, 0), (-2, 2, 1, -3, 1), (-3, 2, -2, 0, 0), (-3, 2, -2, 1, 1), (2, -3, 0, -2, 0), (2, -3, 1, -2, 1), (0, -2, 2, -3, 0), (1, -2, 2, -3, 1), (-3, -2, 2, 0, 0), (-3, -2, 2, 1, 1), (2, 0, -3, -2, 0), (2, 1, -3, -2, 1), (0, 2, -2, -3, 0), (1, 2, -2, -3, 1), (-2, 2, -3, 0, 0), (-2, 2, -3, 1, 1), (0, -3, 2, -2, 0), (1, -3, 2, -2, 1), (2, -2, 0, -3, 0), (2, -2, 1, -3, 1), (2, -3, -2, 0, 0), (2, -3, -2, 1, 1), (-3, 2, 0, -2, 0), (-3, 2, 1, -2, 1), (-2, 0, 2, -3, 0), (-2, 1, 2, -3, 1)]


-- 2025-12-22 18:51:39 --写入特征标:(-3, -1, 2, 0, 0)
[(-1, -3, 2, 0, 0), (-1, -3, 2, 1, 1), (0, 2, -3, -1, 0), (1, 2, -3, -1, 1), (2, 0, -1, -3, 0), (2, 1, -1, -3, 1), (2, -1, -3, 0, 0), (2, -1, -3, 1, 1), (-3, 0, 2, -1, 0), (-3, 1, 2, -1, 1), (-1, 2, 0, -3, 0), (-1, 2, 1, -3, 1), (-3, 2, -1, 0, 0), (-3, 2, -1, 1, 1), (2, -3, 0, -1, 0), (2, -3, 1, -1, 1), (0, -1, 2, -3, 0), (1, -1, 2, -3, 1), (-3, -1, 2, 0, 0), (-3, -1, 2, 1, 1), (2, 0, -3, -1, 0), (2, 1, -3, -1, 1), (0, 2, -1, -3, 0), (1, 2, -1, -3, 1), (-1, 2, -3, 0, 0), (-1, 2, -3, 1, 1), (0, -3, 2, -1, 0), (1, -3, 2, -1, 1), (2, -1, 0, -3, 0), (2, -1, 1, -3, 1), (2, -3, -1, 0, 0), (2, -3, -1, 1, 1), (-3, 2, 0, -1, 0), (-3, 2, 1, -1, 1), (-1, 0, 2, -3, 0), (-1, 1, 2, -3, 1)]


-- 2025-12-22 18:51:47 --写入特征标:(-2, -1, 2, 0, 0)
[(-1, -2, 2, 0, 0), (-1, -2, 2, 1, 1), (0, 2, -2, -1, 0), (1, 2, -2, -1, 1), (2, 0, -1, -2, 0), (2, 1, -1, -2, 1), (2, -1, -2, 0, 0), (2, -1, -2, 1, 1), (-2, 0, 2, -1, 0), (-2, 1, 2, -1, 1), (-1, 2, 0, -2, 0), (-1, 2, 1, -2, 1), (-2, 2, -1, 0, 0), (-2, 2, -1, 1, 1), (2, -2, 0, -1, 0), (2, -2, 1, -1, 1), (0, -1, 2, -2, 0), (1, -1, 2, -2, 1), (-2, -1, 2, 0, 0), (-2, -1, 2, 1, 1), (2, 0, -2, -1, 0), (2, 1, -2, -1, 1), (0, 2, -1, -2, 0), (1, 2, -1, -2, 1), (-1, 2, -2, 0, 0), (-1, 2, -2, 1, 1), (0, -2, 2, -1, 0), (1, -2, 2, -1, 1), (2, -1, 0, -2, 0), (2, -1, 1, -2, 1), (2, -2, -1, 0, 0), (2, -2, -1, 1, 1), (-2, 2, 0, -1, 0), (-2, 2, 1, -1, 1), (-1, 0, 2, -2, 0), (-1, 1, 2, -2, 1)]


-- 2025-12-22 18:52:06 --写入特征标:(-2, -1, 3, 0, 0)
[(-1, -2, 3, 0, 0), (-1, -2, 3, 1, 1), (0, 3, -2, -1, 0), (1, 3, -2, -1, 1), (3, 0, -1, -2, 0), (3, 1, -1, -2, 1), (3, -1, -2, 0, 0), (3, -1, -2, 1, 1), (-2, 0, 3, -1, 0), (-2, 1, 3, -1, 1), (-1, 3, 0, -2, 0), (-1, 3, 1, -2, 1), (-2, 3, -1, 0, 0), (-2, 3, -1, 1, 1), (3, -2, 0, -1, 0), (3, -2, 1, -1, 1), (0, -1, 3, -2, 0), (1, -1, 3, -2, 1), (-2, -1, 3, 0, 0), (-2, -1, 3, 1, 1), (3, 0, -2, -1, 0), (3, 1, -2, -1, 1), (0, 3, -1, -2, 0), (1, 3, -1, -2, 1), (-1, 3, -2, 0, 0), (-1, 3, -2, 1, 1), (0, -2, 3, -1, 0), (1, -2, 3, -1, 1), (3, -1, 0, -2, 0), (3, -1, 1, -2, 1), (3, -2, -1, 0, 0), (3, -2, -1, 1, 1), (-2, 3, 0, -1, 0), (-2, 3, 1, -1, 1), (-1, 0, 3, -2, 0), (-1, 1, 3, -2, 1)]


-- 2025-12-22 18:52:14 --写入特征标:(-1, -1, 3, 0, 0)
[(0, 3, -1, -1, 0), (1, 3, -1, -1, 1), (-1, 0, 3, -1, 0), (-1, 1, 3, -1, 1), (-1, 3, -1, 0, 0), (-1, 3, -1, 1, 1), (3, -1, 0, -1, 0), (3, -1, 1, -1, 1), (-1, -1, 3, 0, 0), (-1, -1, 3, 1, 1), (3, 0, -1, -1, 0), (3, 1, -1, -1, 1), (0, -1, 3, -1, 0), (1, -1, 3, -1, 1), (3, -1, -1, 0, 0), (3, -1, -1, 1, 1), (-1, 3, 0, -1, 0), (-1, 3, 1, -1, 1)]


-- 2025-12-22 18:52:25 --写入特征标:(-3, -1, 3, 0, 0)
[(-1, -3, 3, 0, 0), (-1, -3, 3, 1, 1), (0, 3, -3, -1, 0), (1, 3, -3, -1, 1), (3, 0, -1, -3, 0), (3, 1, -1, -3, 1), (3, -1, -3, 0, 0), (3, -1, -3, 1, 1), (-3, 0, 3, -1, 0), (-3, 1, 3, -1, 1), (-1, 3, 0, -3, 0), (-1, 3, 1, -3, 1), (-3, 3, -1, 0, 0), (-3, 3, -1, 1, 1), (3, -3, 0, -1, 0), (3, -3, 1, -1, 1), (0, -1, 3, -3, 0), (1, -1, 3, -3, 1), (-3, -1, 3, 0, 0), (-3, -1, 3, 1, 1), (3, 0, -3, -1, 0), (3, 1, -3, -1, 1), (0, 3, -1, -3, 0), (1, 3, -1, -3, 1), (-1, 3, -3, 0, 0), (-1, 3, -3, 1, 1), (0, -3, 3, -1, 0), (1, -3, 3, -1, 1), (3, -1, 0, -3, 0), (3, -1, 1, -3, 1), (3, -3, -1, 0, 0), (3, -3, -1, 1, 1), (-3, 3, 0, -1, 0), (-3, 3, 1, -1, 1), (-1, 0, 3, -3, 0), (-1, 1, 3, -3, 1)]


-- 2025-12-22 18:55:39 --写入特征标:(3, 0, -1, -3, 0)
[(3, 1, -1, -3, 1), (3, 0, -1, -3, 0)]


-- 2025-12-22 18:59:02 --写入特征标:(3, -1, 0, -3, 0)
[(3, 1, -1, -3, 1), (3, 0, -1, -3, 0), (3, -1, 1, -3, 1), (3, -1, 0, -3, 0)]


-- 2025-12-22 19:04:25 --写入特征标:(-1, 2, 3, 0, 0)
[(2, 3, -1, 0, 0), (2, 3, -1, 1, 1), (3, 2, 0, -1, 0), (3, 2, 1, -1, 1), (-1, 2, 3, 0, 0), (-1, 2, 3, 1, 1), (0, 3, 2, -1, 0), (1, 3, 2, -1, 1), (3, -1, 2, 0, 0), (3, -1, 2, 1, 1), (2, 0, 3, -1, 0), (2, 1, 3, -1, 1), (3, 2, -1, 0, 0), (3, 2, -1, 1, 1), (2, 3, 0, -1, 0), (2, 3, 1, -1, 1), (2, -1, 3, 0, 0), (2, -1, 3, 1, 1), (3, 0, 2, -1, 0), (3, 1, 2, -1, 1), (-1, 3, 2, 0, 0), (-1, 3, 2, 1, 1), (0, 2, 3, -1, 0), (1, 2, 3, -1, 1)]


-- 2025-12-22 19:04:57 --写入特征标:(-1, 2, 2, 0, 0)
[(2, 2, -1, 0, 0), (2, 2, -1, 1, 1), (-1, 2, 2, 0, 0), (-1, 2, 2, 1, 1), (2, 0, 2, -1, 0), (2, 1, 2, -1, 1), (2, 2, 0, -1, 0), (2, 2, 1, -1, 1), (2, -1, 2, 0, 0), (2, -1, 2, 1, 1), (0, 2, 2, -1, 0), (1, 2, 2, -1, 1)]


-- 2025-12-22 19:05:05 --写入特征标:(-1, 3, 2, 0, 0)
[(2, 3, -1, 0, 0), (2, 3, -1, 1, 1), (3, 2, 0, -1, 0), (3, 2, 1, -1, 1), (0, 3, 2, -1, 0), (1, 3, 2, -1, 1), (3, -1, 2, 0, 0), (3, -1, 2, 1, 1), (3, 2, -1, 0, 0), (3, 2, -1, 1, 1), (2, 3, 0, -1, 0), (2, 3, 1, -1, 1), (3, 0, 2, -1, 0), (3, 1, 2, -1, 1), (-1, 3, 2, 0, 0), (-1, 3, 2, 1, 1)]


-- 2025-12-22 19:06:43 --写入特征标:(-1, 1, 2, 0, 0)
[(1, 2, -1, 0, 0), (2, 1, -1, 0, 0), (1, 2, -1, 1, 1), (2, 1, -1, 1, 1), (2, 2, -1, 1, 2), (-1, 1, 2, 0, 0), (-1, 2, 1, 0, 0), (-1, 1, 2, 1, 1), (-1, 2, 1, 1, 1), (-1, 2, 2, 1, 2), (1, 0, 2, -1, 0), (2, 0, 1, -1, 0), (1, 1, 2, -1, 1), (2, 1, 1, -1, 1), (2, 1, 2, -1, 2), (1, 2, 0, -1, 0), (2, 1, 0, -1, 0), (1, 2, 1, -1, 1), (2, 1, 1, -1, 1), (2, 2, 1, -1, 2), (1, -1, 2, 0, 0), (2, -1, 1, 0, 0), (1, -1, 2, 1, 1), (2, -1, 1, 1, 1), (2, -1, 2, 1, 2), (0, 1, 2, -1, 0), (0, 2, 1, -1, 0), (1, 1, 2, -1, 1), (1, 2, 1, -1, 1), (1, 2, 2, -1, 2)]


-- 2025-12-22 19:06:58 --写入特征标:(-1, 1, 3, 0, 0)
[(1, 3, -1, 0, 0), (1, 3, -1, 1, 1), (2, 3, -1, 1, 2), (3, 1, 0, -1, 0), (3, 1, 1, -1, 1), (3, 2, 1, -1, 2), (-1, 1, 3, 0, 0), (-1, 1, 3, 1, 1), (-1, 2, 3, 1, 2), (0, 3, 1, -1, 0), (1, 3, 1, -1, 1), (1, 3, 2, -1, 2), (3, -1, 1, 0, 0), (3, -1, 1, 1, 1), (3, -1, 2, 1, 2), (1, 0, 3, -1, 0), (1, 1, 3, -1, 1), (2, 1, 3, -1, 2), (3, 1, -1, 0, 0), (3, 1, -1, 1, 1), (3, 2, -1, 1, 2), (1, 3, 0, -1, 0), (1, 3, 1, -1, 1), (2, 3, 1, -1, 2), (1, -1, 3, 0, 0), (1, -1, 3, 1, 1), (2, -1, 3, 1, 2), (3, 0, 1, -1, 0), (3, 1, 1, -1, 1), (3, 1, 2, -1, 2), (-1, 3, 1, 0, 0), (-1, 3, 1, 1, 1), (-1, 3, 2, 1, 2), (0, 1, 3, -1, 0), (1, 1, 3, -1, 1), (1, 2, 3, -1, 2)]


-- 2025-12-22 19:20:22 --写入特征标:(3, 1, 1, 0, 0)
[(3, 1, 1, 0, 0), (3, 1, 1, 1, 1), (3, 1, 2, 1, 2), (3, 2, 1, 1, 2)]


-- 2025-12-22 19:26:28 --写入特征标:(2, 1, 1, 0, 0)
[(3, 2, 1, 1, 3), (3, 1, 2, 1, 3), (2, 2, 1, 1, 2), (2, 1, 2, 1, 2), (2, 1, 1, 1, 1), (2, 1, 1, 0, 0)]


-- 2025-12-22 19:34:31 --写入特征标:(2, 3, 1, 0, 0)
[(2, 3, 1, 0, 0), (3, 2, 1, 0, 0), (2, 3, 1, 1, 1), (3, 2, 1, 1, 1), (2, 3, 2, 1, 2), (3, 2, 2, 1, 2), (3, 3, 2, 1, 3)]


-- 2025-12-22 19:35:02 --写入特征标:(3, 4, 1, 0, 0)
[(3, 4, 1, 0, 0), (4, 3, 1, 0, 0), (3, 4, 1, 1, 1), (4, 3, 1, 1, 1), (3, 4, 2, 1, 2), (4, 3, 2, 1, 2)]


-- 2025-12-22 19:37:56 --写入特征标:(4, 3, 1, 0, 0)
[(4, 3, 1, 0, 0), (4, 3, 1, 1, 1), (4, 3, 2, 1, 2)]


-- 2025-12-22 19:38:08 --写入特征标:(3, 3, 1, 0, 0)
[(3, 3, 1, 0, 0), (3, 3, 1, 1, 1), (3, 3, 2, 1, 2)]


-- 2025-12-22 19:38:19 --写入特征标:(3, 5, 1, 0, 0)
[(5, 3, 1, 0, 0), (5, 3, 1, 1, 1), (5, 3, 2, 1, 2), (3, 5, 1, 0, 0), (3, 5, 1, 1, 1), (3, 5, 2, 1, 2)]


-- 2025-12-22 19:42:39 --写入特征标:(4, 2, 1, 0, 0)
[(4, 2, 1, 0, 0), (4, 2, 1, 1, 1), (4, 2, 2, 1, 2), (4, 3, 2, 1, 3)]


-- 2025-12-22 21:29:50 --写入特征标:(-2, -1, 1, 0, 0)
[(-1, -2, 1, 0, 0), (-1, -2, 1, 1, 1), (-1, -2, 2, 1, 2), (0, 1, -2, -1, 0), (1, 1, -2, -1, 1), (1, 2, -2, -1, 2), (1, 0, -1, -2, 0), (1, 1, -1, -2, 1), (2, 1, -1, -2, 2), (1, -1, -2, 0, 0), (1, -1, -2, 1, 1), (2, -1, -2, 1, 2), (-2, 0, 1, -1, 0), (-2, 1, 1, -1, 1), (-2, 1, 2, -1, 2), (-1, 1, 0, -2, 0), (-1, 1, 1, -2, 1), (-1, 2, 1, -2, 2), (-2, 1, -1, 0, 0), (-2, 1, -1, 1, 1), (-2, 2, -1, 1, 2), (1, -2, 0, -1, 0), (1, -2, 1, -1, 1), (2, -2, 1, -1, 2), (0, -1, 1, -2, 0), (1, -1, 1, -2, 1), (1, -1, 2, -2, 2), (-2, -1, 1, 0, 0), (-2, -1, 1, 1, 1), (-2, -1, 2, 1, 2), (1, 0, -2, -1, 0), (1, 1, -2, -1, 1), (2, 1, -2, -1, 2), (0, 1, -1, -2, 0), (1, 1, -1, -2, 1), (1, 2, -1, -2, 2), (-1, 1, -2, 0, 0), (-1, 1, -2, 1, 1), (-1, 2, -2, 1, 2), (0, -2, 1, -1, 0), (1, -2, 1, -1, 1), (1, -2, 2, -1, 2), (1, -1, 0, -2, 0), (1, -1, 1, -2, 1), (2, -1, 1, -2, 2), (1, -2, -1, 0, 0), (1, -2, -1, 1, 1), (2, -2, -1, 1, 2), (-2, 1, 0, -1, 0), (-2, 1, 1, -1, 1), (-2, 2, 1, -1, 2), (-1, 0, 1, -2, 0), (-1, 1, 1, -2, 1), (-1, 1, 2, -2, 2)]


-- 2025-12-22 21:30:18 --写入特征标:(-3, -1, 1, 0, 0)
[(-1, -3, 1, 0, 0), (-1, -3, 1, 1, 1), (-1, -3, 2, 1, 2), (0, 1, -3, -1, 0), (1, 1, -3, -1, 1), (1, 2, -3, -1, 2), (1, 0, -1, -3, 0), (1, 1, -1, -3, 1), (2, 1, -1, -3, 2), (1, -1, -3, 0, 0), (1, -1, -3, 1, 1), (2, -1, -3, 1, 2), (-3, 0, 1, -1, 0), (-3, 1, 1, -1, 1), (-3, 1, 2, -1, 2), (-1, 1, 0, -3, 0), (-1, 1, 1, -3, 1), (-1, 2, 1, -3, 2), (-3, 1, -1, 0, 0), (-3, 1, -1, 1, 1), (-3, 2, -1, 1, 2), (1, -3, 0, -1, 0), (1, -3, 1, -1, 1), (2, -3, 1, -1, 2), (0, -1, 1, -3, 0), (1, -1, 1, -3, 1), (1, -1, 2, -3, 2), (-3, -1, 1, 0, 0), (-3, -1, 1, 1, 1), (-3, -1, 2, 1, 2), (1, 0, -3, -1, 0), (1, 1, -3, -1, 1), (2, 1, -3, -1, 2), (0, 1, -1, -3, 0), (1, 1, -1, -3, 1), (1, 2, -1, -3, 2), (-1, 1, -3, 0, 0), (-1, 1, -3, 1, 1), (-1, 2, -3, 1, 2), (0, -3, 1, -1, 0), (1, -3, 1, -1, 1), (1, -3, 2, -1, 2), (1, -1, 0, -3, 0), (1, -1, 1, -3, 1), (2, -1, 1, -3, 2), (1, -3, -1, 0, 0), (1, -3, -1, 1, 1), (2, -3, -1, 1, 2), (-3, 1, 0, -1, 0), (-3, 1, 1, -1, 1), (-3, 2, 1, -1, 2), (-1, 0, 1, -3, 0), (-1, 1, 1, -3, 1), (-1, 1, 2, -3, 2)]


-- 2025-12-22 21:30:30 --写入特征标:(-3, -2, 1, 0, 0)
[(-2, -3, 1, 0, 0), (-2, -3, 1, 1, 1), (-2, -3, 2, 1, 2), (0, 1, -3, -2, 0), (1, 1, -3, -2, 1), (1, 2, -3, -2, 2), (1, 0, -2, -3, 0), (1, 1, -2, -3, 1), (2, 1, -2, -3, 2), (1, -2, -3, 0, 0), (1, -2, -3, 1, 1), (2, -2, -3, 1, 2), (-3, 0, 1, -2, 0), (-3, 1, 1, -2, 1), (-3, 1, 2, -2, 2), (-2, 1, 0, -3, 0), (-2, 1, 1, -3, 1), (-2, 2, 1, -3, 2), (-3, 1, -2, 0, 0), (-3, 1, -2, 1, 1), (-3, 2, -2, 1, 2), (1, -3, 0, -2, 0), (1, -3, 1, -2, 1), (2, -3, 1, -2, 2), (0, -2, 1, -3, 0), (1, -2, 1, -3, 1), (1, -2, 2, -3, 2), (-3, -2, 1, 0, 0), (-3, -2, 1, 1, 1), (-3, -2, 2, 1, 2), (1, 0, -3, -2, 0), (1, 1, -3, -2, 1), (2, 1, -3, -2, 2), (0, 1, -2, -3, 0), (1, 1, -2, -3, 1), (1, 2, -2, -3, 2), (-2, 1, -3, 0, 0), (-2, 1, -3, 1, 1), (-2, 2, -3, 1, 2), (0, -3, 1, -2, 0), (1, -3, 1, -2, 1), (1, -3, 2, -2, 2), (1, -2, 0, -3, 0), (1, -2, 1, -3, 1), (2, -2, 1, -3, 2), (1, -3, -2, 0, 0), (1, -3, -2, 1, 1), (2, -3, -2, 1, 2), (-3, 1, 0, -2, 0), (-3, 1, 1, -2, 1), (-3, 2, 1, -2, 2), (-2, 0, 1, -3, 0), (-2, 1, 1, -3, 1), (-2, 1, 2, -3, 2)]


-- 2025-12-22 21:36:43 --写入特征标:(1, 0, -2, -5, 0)
[(1, 0, -2, -5, 0), (1, 1, -2, -5, 1), (2, 1, -2, -5, 2)]


-- 2025-12-22 21:37:10 --写入特征标:(1, -2, 0, -5, 0)
[(1, 0, -2, -5, 0), (1, 1, -2, -5, 1), (2, 1, -2, -5, 2), (1, -2, 0, -5, 0), (1, -2, 1, -5, 1), (2, -2, 1, -5, 2)]


-- 2025-12-22 21:39:27 --写入特征标:(-2, -5, 1, 0, 0)
[(-2, -5, 1, 0, 0), (-2, -5, 1, 1, 1), (-2, -5, 2, 1, 2), (0, 1, -5, -2, 0), (1, 1, -5, -2, 1), (1, 2, -5, -2, 2), (1, 0, -2, -5, 0), (1, 1, -2, -5, 1), (2, 1, -2, -5, 2), (1, 0, -2, -5, 0), (1, 1, -2, -5, 1), (2, 1, -2, -5, 2), (1, -2, -5, 0, 0), (1, -2, -5, 1, 1), (2, -2, -5, 1, 2), (-2, 1, 0, -5, 0), (-2, 1, 1, -5, 1), (-2, 2, 1, -5, 2), (1, -5, 0, -2, 0), (1, -5, 1, -2, 1), (2, -5, 1, -2, 2), (0, -2, 1, -5, 0), (1, -2, 1, -5, 1), (1, -2, 2, -5, 2), (1, 0, -5, -2, 0), (1, 1, -5, -2, 1), (2, 1, -5, -2, 2), (0, 1, -2, -5, 0), (1, 1, -2, -5, 1), (1, 2, -2, -5, 2), (-2, 1, -5, 0, 0), (-2, 1, -5, 1, 1), (-2, 2, -5, 1, 2), (0, -5, 1, -2, 0), (1, -5, 1, -2, 1), (1, -5, 2, -2, 2), (1, -2, 0, -5, 0), (1, -2, 1, -5, 1), (2, -2, 1, -5, 2), (1, -2, 0, -5, 0), (1, -2, 1, -5, 1), (2, -2, 1, -5, 2), (1, -5, -2, 0, 0), (1, -5, -2, 1, 1), (2, -5, -2, 1, 2), (-2, 0, 1, -5, 0), (-2, 1, 1, -5, 1), (-2, 1, 2, -5, 2)]


-- 2025-12-22 21:45:51 --写入特征标:(-2, -2, 1, 0, 0)
[(0, 1, -2, -2, 0), (1, 1, -2, -2, 1), (1, 2, -2, -2, 2), (-2, 0, 1, -2, 0), (-2, 1, 1, -2, 1), (-2, 1, 2, -2, 2), (-2, 1, -2, 0, 0), (-2, 1, -2, 1, 1), (-2, 2, -2, 1, 2), (1, -2, 0, -2, 0), (1, -2, 1, -2, 1), (2, -2, 1, -2, 2), (-2, -2, 1, 0, 0), (-2, -2, 1, 1, 1), (-2, -2, 2, 1, 2), (1, 0, -2, -2, 0), (1, 1, -2, -2, 1), (2, 1, -2, -2, 2), (0, -2, 1, -2, 0), (1, -2, 1, -2, 1), (1, -2, 2, -2, 2), (1, -2, -2, 0, 0), (1, -2, -2, 1, 1), (2, -2, -2, 1, 2), (-2, 1, 0, -2, 0), (-2, 1, 1, -2, 1), (-2, 2, 1, -2, 2)]


-- 2025-12-22 21:51:56 --写入特征标:(-1, -2, 1, 0, 0)
[(-1, -2, 1, 0, 0), (-1, -2, 1, 1, 1), (-1, -2, 2, 1, 2), (0, 1, -2, -1, 0), (1, 1, -2, -1, 1), (1, 2, -2, -1, 2), (1, 0, -1, -2, 0), (1, 1, -1, -2, 1), (2, 1, -1, -2, 2), (1, 0, -1, -2, 0), (1, 1, -1, -2, 1), (2, 1, -1, -2, 2), (1, -1, -2, 0, 0), (1, -1, -2, 1, 1), (2, -1, -2, 1, 2), (-1, 1, 0, -2, 0), (-1, 1, 1, -2, 1), (-1, 2, 1, -2, 2), (1, -2, 0, -1, 0), (1, -2, 1, -1, 1), (2, -2, 1, -1, 2), (0, -1, 1, -2, 0), (1, -1, 1, -2, 1), (1, -1, 2, -2, 2), (1, 0, -2, -1, 0), (1, 1, -2, -1, 1), (2, 1, -2, -1, 2), (0, 1, -1, -2, 0), (1, 1, -1, -2, 1), (1, 2, -1, -2, 2), (-1, 1, -2, 0, 0), (-1, 1, -2, 1, 1), (-1, 2, -2, 1, 2), (0, -2, 1, -1, 0), (1, -2, 1, -1, 1), (1, -2, 2, -1, 2), (1, -1, 0, -2, 0), (1, -1, 1, -2, 1), (2, -1, 1, -2, 2), (1, -1, 0, -2, 0), (1, -1, 1, -2, 1), (2, -1, 1, -2, 2), (1, -2, -1, 0, 0), (1, -2, -1, 1, 1), (2, -2, -1, 1, 2), (-1, 0, 1, -2, 0), (-1, 1, 1, -2, 1), (-1, 1, 2, -2, 2)]


-- 2025-12-22 21:55:49 --写入特征标:(1, 1, 1, -2, 1)
[(2, 1, 1, -2, 2), (1, 2, 1, -2, 2), (1, 1, 2, -2, 2), (1, 1, 1, -2, 1)]


-- 2025-12-22 21:58:45 --写入特征标:(-2, 1, 1, 0, 1)
[(2, 1, -2, 0, 2), (1, 2, -2, 0, 2), (1, 1, -2, 0, 1), (-2, 2, 1, 0, 2), (-2, 1, 2, 0, 2), (-2, 1, 1, 0, 1), (2, 0, 1, -2, 2), (1, 0, 2, -2, 2), (1, 0, 1, -2, 1), (2, 1, 0, -2, 2), (1, 2, 0, -2, 2), (1, 1, 0, -2, 1), (2, -2, 1, 0, 2), (1, -2, 2, 0, 2), (1, -2, 1, 0, 1), (0, 2, 1, -2, 2), (0, 1, 2, -2, 2), (0, 1, 1, -2, 1)]


-- 2025-12-22 22:02:55 --写入特征标:(-1, 1, 1, 0, 0)
[(2, -1, 1, 1, 2), (2, 1, -1, 1, 2), (2, 1, 1, -1, 2), (-1, 2, 1, 1, 2), (1, 2, -1, 1, 2), (1, 2, 1, -1, 2), (-1, 1, 2, 1, 2), (1, -1, 2, 1, 2), (1, 1, 2, -1, 2), (-1, 1, 1, 1, 1), (1, -1, 1, 1, 1), (1, 1, -1, 1, 1), (1, 1, 1, -1, 1), (-1, 1, 1, 0, 0), (0, 1, 1, -1, 0), (1, -1, 1, 0, 0), (1, 0, 1, -1, 0), (1, 1, -1, 0, 0), (1, 1, 0, -1, 0), (1, 1, 1, -1, 1)]


-- 2025-12-22 22:06:46 --写入特征标:(-2, 1, 1, 0, 0)
[(2, -2, 1, 1, 2), (2, 1, -2, 1, 2), (2, 1, 1, -2, 2), (-2, 2, 1, 1, 2), (1, 2, -2, 1, 2), (1, 2, 1, -2, 2), (-2, 1, 2, 1, 2), (1, -2, 2, 1, 2), (1, 1, 2, -2, 2), (-2, 1, 1, 1, 1), (1, -2, 1, 1, 1), (1, 1, -2, 1, 1), (1, 1, 1, -2, 1), (-2, 1, 1, 0, 0), (0, 1, 1, -2, 0), (1, -2, 1, 0, 0), (1, 0, 1, -2, 0), (1, 1, -2, 0, 0), (1, 1, 0, -2, 0), (1, 1, 1, -2, 1)]


-- 2025-12-22 22:39:20 --写入特征标:(2, 4, 1, 0, 0)
[(4, 2, 1, 0, 0), (4, 2, 1, 1, 1), (4, 2, 2, 1, 2), (4, 3, 2, 1, 3), (2, 4, 1, 0, 0), (2, 4, 1, 1, 1), (2, 4, 2, 1, 2), (3, 4, 2, 1, 3)]


-- 2025-12-22 22:42:16 --写入特征标:(1, 3, 1, 0, 0)
[(1, 3, 1, 0, 0), (1, 3, 1, 1, 1), (1, 3, 2, 1, 2), (2, 3, 1, 1, 2), (3, 1, 1, 0, 0), (3, 1, 1, 1, 1), (3, 1, 2, 1, 2), (3, 2, 1, 1, 2)]


-- 2025-12-22 22:52:02 --写入特征标:(-1, 3, 1, 0, 0)
[(1, 3, -1, 0, 0), (1, 3, -1, 1, 1), (2, 3, -1, 1, 2), (3, 1, 0, -1, 0), (3, 1, 1, -1, 1), (3, 2, 1, -1, 2), (0, 3, 1, -1, 0), (1, 3, 1, -1, 1), (1, 3, 2, -1, 2), (3, -1, 1, 0, 0), (3, -1, 1, 1, 1), (3, -1, 2, 1, 2), (3, 1, -1, 0, 0), (3, 1, -1, 1, 1), (3, 2, -1, 1, 2), (1, 3, 0, -1, 0), (1, 3, 1, -1, 1), (2, 3, 1, -1, 2), (3, 0, 1, -1, 0), (3, 1, 1, -1, 1), (3, 1, 2, -1, 2), (-1, 3, 1, 0, 0), (-1, 3, 1, 1, 1), (-1, 3, 2, 1, 2)]


-- 2025-12-22 22:59:51 --写入特征标:(-1, 4, 1, 0, 0)
[(1, 4, -1, 0, 0), (1, 4, -1, 1, 1), (2, 4, -1, 1, 2), (4, 1, 0, -1, 0), (4, 1, 1, -1, 1), (4, 2, 1, -1, 2), (0, 4, 1, -1, 0), (1, 4, 1, -1, 1), (1, 4, 2, -1, 2), (4, -1, 1, 0, 0), (4, -1, 1, 1, 1), (4, -1, 2, 1, 2), (4, 1, -1, 0, 0), (4, 1, -1, 1, 1), (4, 2, -1, 1, 2), (1, 4, 0, -1, 0), (1, 4, 1, -1, 1), (2, 4, 1, -1, 2), (4, 0, 1, -1, 0), (4, 1, 1, -1, 1), (4, 1, 2, -1, 2), (-1, 4, 1, 0, 0), (-1, 4, 1, 1, 1), (-1, 4, 2, 1, 2)]


-- 2025-12-22 23:07:55 --写入特征标:(3, 2, 1, 0, 0)
[(3, 2, 1, 0, 0), (3, 2, 1, 1, 1), (3, 2, 2, 1, 2), (3, 3, 2, 1, 3), (4, 3, 2, 1, 4)]


-- 2025-12-22 23:13:44 --写入特征标:(2, 2, 1, 0, 1)
[(2, 2, 1, 0, 1), (2, 2, 2, 0, 2), (2, 3, 2, 0, 3), (3, 2, 2, 0, 3)]


-- 2025-12-22 23:14:00 --写入特征标:(2, 2, 1, 0, 0)
[(2, 2, 1, 1, 1), (2, 2, 1, 0, 0), (2, 2, 2, 1, 2), (2, 3, 2, 1, 3), (3, 2, 2, 1, 3)]


-- 2025-12-22 23:19:36 --写入特征标:(2, 2, 1, 1, 2)
[(3, 2, 1, 1, 3), (2, 3, 1, 1, 3), (2, 2, 1, 1, 2)]


-- 2025-12-22 23:27:34 --写入特征标:(2, 2, -1, 1, 2)
[(3, 2, -1, 1, 3), (2, 3, -1, 1, 3), (2, 2, -1, 1, 2), (3, 2, 1, -1, 3), (2, 3, 1, -1, 3), (2, 2, 1, -1, 2)]


-- 2025-12-22 23:28:02 --写入特征标:(2, 2, 1, -1, 2)
[(3, 2, 1, -1, 3), (2, 3, 1, -1, 3), (2, 2, 1, -1, 2)]


-- 2025-12-22 23:31:55 --写入特征标:(-1, 2, 1, 0, 0)
[(1, 2, -1, 0, 0), (1, 2, -1, 1, 1), (2, 2, -1, 1, 2), (2, 3, -1, 1, 3), (2, 1, 0, -1, 0), (2, 1, 1, -1, 1), (2, 2, 1, -1, 2), (3, 2, 1, -1, 3), (0, 2, 1, -1, 0), (1, 2, 1, -1, 1), (1, 2, 2, -1, 2), (1, 3, 2, -1, 3), (2, -1, 1, 0, 0), (2, -1, 1, 1, 1), (2, -1, 2, 1, 2), (3, -1, 2, 1, 3), (2, 1, -1, 0, 0), (2, 1, -1, 1, 1), (2, 2, -1, 1, 2), (3, 2, -1, 1, 3), (1, 2, 0, -1, 0), (1, 2, 1, -1, 1), (2, 2, 1, -1, 2), (2, 3, 1, -1, 3), (2, 0, 1, -1, 0), (2, 1, 1, -1, 1), (2, 1, 2, -1, 2), (3, 1, 2, -1, 3), (-1, 2, 1, 0, 0), (-1, 2, 1, 1, 1), (-1, 2, 2, 1, 2), (-1, 3, 2, 1, 3)]


-- 2025-12-22 23:38:26 --写入特征标:(-3, -2, -1, 0, 0)
[(-3, -2, -1, 0, 0), (-3, -2, -1, 1, 1), (-2, -3, 0, -1, 0), (-2, -3, 1, -1, 1), (-1, 0, -3, -2, 0), (-1, 1, -3, -2, 1), (0, -1, -2, -3, 0), (1, -1, -2, -3, 1), (-1, -3, -2, 0, 0), (-1, -3, -2, 1, 1), (0, -2, -3, -1, 0), (1, -2, -3, -1, 1), (-3, -1, 0, -2, 0), (-3, -1, 1, -2, 1), (-2, 0, -1, -3, 0), (-2, 1, -1, -3, 1), (-2, -1, -3, 0, 0), (-2, -1, -3, 1, 1), (-3, 0, -2, -1, 0), (-3, 1, -2, -1, 1), (0, -3, -1, -2, 0), (1, -3, -1, -2, 1), (-1, -2, 0, -3, 0), (-1, -2, 1, -3, 1), (-2, -3, -1, 0, 0), (-2, -3, -1, 1, 1), (-3, -2, 0, -1, 0), (-3, -2, 1, -1, 1), (0, -1, -3, -2, 0), (1, -1, -3, -2, 1), (-1, 0, -2, -3, 0), (-1, 1, -2, -3, 1), (-3, -1, -2, 0, 0), (-3, -1, -2, 1, 1), (-2, 0, -3, -1, 0), (-2, 1, -3, -1, 1), (-1, -3, 0, -2, 0), (-1, -3, 1, -2, 1), (0, -2, -1, -3, 0), (1, -2, -1, -3, 1), (-1, -2, -3, 0, 0), (-1, -2, -3, 1, 1), (0, -3, -2, -1, 0), (1, -3, -2, -1, 1), (-3, 0, -1, -2, 0), (-3, 1, -1, -2, 1), (-2, -1, 0, -3, 0), (-2, -1, 1, -3, 1)]


-- 2025-12-22 23:39:59 --写入特征标:(-1, -2, -3, 0, 0)
[(-1, 0, -3, -2, 0), (-1, 1, -3, -2, 1), (0, -1, -2, -3, 0), (1, -1, -2, -3, 1), (0, -2, -3, -1, 0), (1, -2, -3, -1, 1), (-1, -2, 0, -3, 0), (-1, -2, 1, -3, 1), (0, -1, -3, -2, 0), (1, -1, -3, -2, 1), (-1, 0, -2, -3, 0), (-1, 1, -2, -3, 1), (0, -2, -1, -3, 0), (1, -2, -1, -3, 1), (-1, -2, -3, 0, 0), (-1, -2, -3, 1, 1)]


-- 2025-12-22 23:40:17 --写入特征标:(-1, -3, -2, 0, 0)
[(-1, 0, -3, -2, 0), (-1, 1, -3, -2, 1), (0, -1, -2, -3, 0), (1, -1, -2, -3, 1), (-1, -3, -2, 0, 0), (-1, -3, -2, 1, 1), (0, -2, -3, -1, 0), (1, -2, -3, -1, 1), (0, -3, -1, -2, 0), (1, -3, -1, -2, 1), (-1, -2, 0, -3, 0), (-1, -2, 1, -3, 1), (0, -1, -3, -2, 0), (1, -1, -3, -2, 1), (-1, 0, -2, -3, 0), (-1, 1, -2, -3, 1), (-1, -3, 0, -2, 0), (-1, -3, 1, -2, 1), (0, -2, -1, -3, 0), (1, -2, -1, -3, 1), (-1, -2, -3, 0, 0), (-1, -2, -3, 1, 1), (0, -3, -2, -1, 0), (1, -3, -2, -1, 1)]


-- 2025-12-22 23:40:41 --写入特征标:(-2, -1, -3, 0, 0)
[(-1, 0, -3, -2, 0), (-1, 1, -3, -2, 1), (0, -1, -2, -3, 0), (1, -1, -2, -3, 1), (0, -2, -3, -1, 0), (1, -2, -3, -1, 1), (-2, 0, -1, -3, 0), (-2, 1, -1, -3, 1), (-2, -1, -3, 0, 0), (-2, -1, -3, 1, 1), (-1, -2, 0, -3, 0), (-1, -2, 1, -3, 1), (0, -1, -3, -2, 0), (1, -1, -3, -2, 1), (-1, 0, -2, -3, 0), (-1, 1, -2, -3, 1), (-2, 0, -3, -1, 0), (-2, 1, -3, -1, 1), (0, -2, -1, -3, 0), (1, -2, -1, -3, 1), (-1, -2, -3, 0, 0), (-1, -2, -3, 1, 1), (-2, -1, 0, -3, 0), (-2, -1, 1, -3, 1)]


-- 2025-12-22 23:40:58 --写入特征标:(-2, -3, -1, 0, 0)
[(-2, -3, 0, -1, 0), (-2, -3, 1, -1, 1), (-1, 0, -3, -2, 0), (-1, 1, -3, -2, 1), (0, -1, -2, -3, 0), (1, -1, -2, -3, 1), (-1, -3, -2, 0, 0), (-1, -3, -2, 1, 1), (0, -2, -3, -1, 0), (1, -2, -3, -1, 1), (-2, 0, -1, -3, 0), (-2, 1, -1, -3, 1), (-2, -1, -3, 0, 0), (-2, -1, -3, 1, 1), (0, -3, -1, -2, 0), (1, -3, -1, -2, 1), (-1, -2, 0, -3, 0), (-1, -2, 1, -3, 1), (-2, -3, -1, 0, 0), (-2, -3, -1, 1, 1), (0, -1, -3, -2, 0), (1, -1, -3, -2, 1), (-1, 0, -2, -3, 0), (-1, 1, -2, -3, 1), (-2, 0, -3, -1, 0), (-2, 1, -3, -1, 1), (-1, -3, 0, -2, 0), (-1, -3, 1, -2, 1), (0, -2, -1, -3, 0), (1, -2, -1, -3, 1), (-1, -2, -3, 0, 0), (-1, -2, -3, 1, 1), (0, -3, -2, -1, 0), (1, -3, -2, -1, 1), (-2, -1, 0, -3, 0), (-2, -1, 1, -3, 1)]


-- 2025-12-22 23:41:49 --写入特征标:(-2, -1, -1, 0, 0)
[(-2, -1, -1, 0, 0), (-2, -1, -1, 1, 1), (-1, -2, 0, -1, 0), (-1, -2, 1, -1, 1), (0, -1, -2, -1, 0), (1, -1, -2, -1, 1), (-1, 0, -1, -2, 0), (-1, 1, -1, -2, 1), (-1, -1, -2, 0, 0), (-1, -1, -2, 1, 1), (-2, 0, -1, -1, 0), (-2, 1, -1, -1, 1), (-1, -2, -1, 0, 0), (-1, -2, -1, 1, 1), (-2, -1, 0, -1, 0), (-2, -1, 1, -1, 1), (-1, 0, -2, -1, 0), (-1, 1, -2, -1, 1), (0, -1, -1, -2, 0), (1, -1, -1, -2, 1), (0, -2, -1, -1, 0), (1, -2, -1, -1, 1), (-1, -1, 0, -2, 0), (-1, -1, 1, -2, 1)]


-- 2025-12-22 23:42:14 --写入特征标:(-1, -2, -2, 0, 0)
[(-1, 0, -2, -2, 0), (-1, 1, -2, -2, 1), (-1, -2, -2, 0, 0), (-1, -2, -2, 1, 1), (0, -2, -1, -2, 0), (1, -2, -1, -2, 1), (0, -1, -2, -2, 0), (1, -1, -2, -2, 1), (-1, -2, 0, -2, 0), (-1, -2, 1, -2, 1), (0, -2, -2, -1, 0), (1, -2, -2, -1, 1)]


-- 2025-12-22 23:42:25 --写入特征标:(-1, -2, -1, 0, 0)
[(-1, -2, 0, -1, 0), (-1, -2, 1, -1, 1), (0, -1, -2, -1, 0), (1, -1, -2, -1, 1), (-1, 0, -1, -2, 0), (-1, 1, -1, -2, 1), (-1, -1, -2, 0, 0), (-1, -1, -2, 1, 1), (-1, -2, -1, 0, 0), (-1, -2, -1, 1, 1), (-1, 0, -2, -1, 0), (-1, 1, -2, -1, 1), (0, -1, -1, -2, 0), (1, -1, -1, -2, 1), (0, -2, -1, -1, 0), (1, -2, -1, -1, 1), (-1, -1, 0, -2, 0), (-1, -1, 1, -2, 1)]


-- 2025-12-22 23:43:20 --写入特征标:(-2, -2, -1, 0, 0)
[(-2, -2, -1, 0, 0), (-2, -2, -1, 1, 1), (-1, 0, -2, -2, 0), (-1, 1, -2, -2, 1), (-1, -2, -2, 0, 0), (-1, -2, -2, 1, 1), (-2, -1, 0, -2, 0), (-2, -1, 1, -2, 1), (-2, 0, -2, -1, 0), (-2, 1, -2, -1, 1), (0, -2, -1, -2, 0), (1, -2, -1, -2, 1), (-2, -2, 0, -1, 0), (-2, -2, 1, -1, 1), (0, -1, -2, -2, 0), (1, -1, -2, -2, 1), (-2, -1, -2, 0, 0), (-2, -1, -2, 1, 1), (-1, -2, 0, -2, 0), (-1, -2, 1, -2, 1), (0, -2, -2, -1, 0), (1, -2, -2, -1, 1), (-2, 0, -1, -2, 0), (-2, 1, -1, -2, 1)]


-- 2025-12-22 23:43:35 --写入特征标:(-1, -1, -2, 0, 0)
[(0, -1, -2, -1, 0), (1, -1, -2, -1, 1), (-1, 0, -1, -2, 0), (-1, 1, -1, -2, 1), (-1, -1, -2, 0, 0), (-1, -1, -2, 1, 1), (-1, 0, -2, -1, 0), (-1, 1, -2, -1, 1), (0, -1, -1, -2, 0), (1, -1, -1, -2, 1), (-1, -1, 0, -2, 0), (-1, -1, 1, -2, 1)]


-- 2025-12-22 23:44:01 --写入特征标:(-1, -1, -1, 0, 0)
[(-1, -1, -1, 0, 0), (-1, -1, -1, 1, 1), (-1, 0, -1, -1, 0), (-1, 1, -1, -1, 1), (-1, -1, 0, -1, 0), (-1, -1, 1, -1, 1), (0, -1, -1, -1, 0), (1, -1, -1, -1, 1)]


-- 2025-12-22 23:55:04 --写入特征标:(-1, 0, -2, -2, 0)
[(-1, 0, -2, -2, 0), (-1, 1, -2, -2, 1), (0, -1, -2, -2, 0), (1, -1, -2, -2, 1)]


-- 2025-12-22 23:55:36 --写入特征标:(0, -1, -2, -2, 0)
[(0, -1, -2, -2, 0), (1, -1, -2, -2, 1)]


-- 2025-12-23 00:02:15 --写入特征标:(-1, 0, -3, -2, 0)
[(-1, 0, -3, -2, 0), (-1, 1, -3, -2, 1), (0, -1, -2, -3, 0), (1, -1, -2, -3, 1), (0, -1, -3, -2, 0), (1, -1, -3, -2, 1), (-1, 0, -2, -3, 0), (-1, 1, -2, -3, 1)]


-- 2025-12-23 00:03:05 --写入特征标:(0, -1, -3, -2, 0)
[(0, -1, -2, -3, 0), (1, -1, -2, -3, 1), (0, -1, -3, -2, 0), (1, -1, -3, -2, 1)]


-- 2025-12-23 00:03:30 --写入特征标:(-1, 0, -2, -3, 0)
[(0, -1, -2, -3, 0), (1, -1, -2, -3, 1), (-1, 0, -2, -3, 0), (-1, 1, -2, -3, 1)]


-- 2025-12-23 10:40:45 --写入特征标:(3, -1, -2, 0, 0)
[(3, 0, -1, -2, 0), (3, 1, -1, -2, 1), (3, -1, -2, 0, 0), (3, -1, -2, 1, 1), (3, 0, -2, -1, 0), (3, 1, -2, -1, 1), (3, -1, 0, -2, 0), (3, -1, 1, -2, 1)]


-- 2025-12-23 10:40:53 --写入特征标:(2, -1, -2, 0, 0)
[(2, 0, -1, -2, 0), (2, 1, -1, -2, 1), (2, -1, -2, 0, 0), (2, -1, -2, 1, 1), (2, 0, -2, -1, 0), (2, 1, -2, -1, 1), (2, -1, 0, -2, 0), (2, -1, 1, -2, 1)]


-- 2025-12-23 10:41:35 --写入特征标:(1, -1, -2, 0, 0)
[(1, 0, -1, -2, 0), (1, 1, -1, -2, 1), (2, 1, -1, -2, 2), (1, -1, -2, 0, 0), (1, -1, -2, 1, 1), (2, -1, -2, 1, 2), (1, 0, -2, -1, 0), (1, 1, -2, -1, 1), (2, 1, -2, -1, 2), (1, -1, 0, -2, 0), (1, -1, 1, -2, 1), (2, -1, 1, -2, 2)]


-- 2025-12-23 10:48:14 --写入特征标:(-1, 2, -2, 0, 0)
[(0, 2, -2, -1, 0), (1, 2, -2, -1, 1), (2, 0, -1, -2, 0), (2, 1, -1, -2, 1), (2, -1, -2, 0, 0), (2, -1, -2, 1, 1), (-1, 2, 0, -2, 0), (-1, 2, 1, -2, 1), (2, 0, -2, -1, 0), (2, 1, -2, -1, 1), (0, 2, -1, -2, 0), (1, 2, -1, -2, 1), (-1, 2, -2, 0, 0), (-1, 2, -2, 1, 1), (2, -1, 0, -2, 0), (2, -1, 1, -2, 1)]


-- 2025-12-23 10:48:35 --写入特征标:(-1, 3, -2, 0, 0)
[(0, 3, -2, -1, 0), (1, 3, -2, -1, 1), (3, 0, -1, -2, 0), (3, 1, -1, -2, 1), (3, -1, -2, 0, 0), (3, -1, -2, 1, 1), (-1, 3, 0, -2, 0), (-1, 3, 1, -2, 1), (3, 0, -2, -1, 0), (3, 1, -2, -1, 1), (0, 3, -1, -2, 0), (1, 3, -1, -2, 1), (-1, 3, -2, 0, 0), (-1, 3, -2, 1, 1), (3, -1, 0, -2, 0), (3, -1, 1, -2, 1)]


-- 2025-12-23 10:48:45 --写入特征标:(-2, 3, -1, 0, 0)
[(0, 3, -2, -1, 0), (1, 3, -2, -1, 1), (3, 0, -1, -2, 0), (3, 1, -1, -2, 1), (3, -1, -2, 0, 0), (3, -1, -2, 1, 1), (-1, 3, 0, -2, 0), (-1, 3, 1, -2, 1), (-2, 3, -1, 0, 0), (-2, 3, -1, 1, 1), (3, -2, 0, -1, 0), (3, -2, 1, -1, 1), (3, 0, -2, -1, 0), (3, 1, -2, -1, 1), (0, 3, -1, -2, 0), (1, 3, -1, -2, 1), (-1, 3, -2, 0, 0), (-1, 3, -2, 1, 1), (3, -1, 0, -2, 0), (3, -1, 1, -2, 1), (3, -2, -1, 0, 0), (3, -2, -1, 1, 1), (-2, 3, 0, -1, 0), (-2, 3, 1, -1, 1)]


-- 2025-12-23 10:48:55 --写入特征标:(-2, 2, -1, 0, 0)
[(0, 2, -2, -1, 0), (1, 2, -2, -1, 1), (2, 0, -1, -2, 0), (2, 1, -1, -2, 1), (2, -1, -2, 0, 0), (2, -1, -2, 1, 1), (-1, 2, 0, -2, 0), (-1, 2, 1, -2, 1), (-2, 2, -1, 0, 0), (-2, 2, -1, 1, 1), (2, -2, 0, -1, 0), (2, -2, 1, -1, 1), (2, 0, -2, -1, 0), (2, 1, -2, -1, 1), (0, 2, -1, -2, 0), (1, 2, -1, -2, 1), (-1, 2, -2, 0, 0), (-1, 2, -2, 1, 1), (2, -1, 0, -2, 0), (2, -1, 1, -2, 1), (2, -2, -1, 0, 0), (2, -2, -1, 1, 1), (-2, 2, 0, -1, 0), (-2, 2, 1, -1, 1)]


-- 2025-12-23 10:49:41 --写入特征标:(-1, 2, -1, 0, 0)
[(0, 2, -1, -1, 0), (1, 2, -1, -1, 1), (-1, 2, -1, 0, 0), (-1, 2, -1, 1, 1), (2, -1, 0, -1, 0), (2, -1, 1, -1, 1), (2, 0, -1, -1, 0), (2, 1, -1, -1, 1), (2, -1, -1, 0, 0), (2, -1, -1, 1, 1), (-1, 2, 0, -1, 0), (-1, 2, 1, -1, 1)]


-- 2025-12-23 10:52:27 --写入特征标:(3, 2, -1, 0, 0)
[(3, 2, 0, -1, 0), (3, 2, 1, -1, 1), (3, 2, -1, 0, 0), (3, 2, -1, 1, 1)]


-- 2025-12-23 10:52:36 --写入特征标:(2, 2, -1, 0, 0)
[(2, 2, -1, 0, 0), (2, 2, -1, 1, 1), (2, 2, 0, -1, 0), (2, 2, 1, -1, 1)]


-- 2025-12-23 10:52:43 --写入特征标:(2, 3, -1, 0, 0)
[(2, 3, -1, 0, 0), (2, 3, -1, 1, 1), (3, 2, 0, -1, 0), (3, 2, 1, -1, 1), (3, 2, -1, 0, 0), (3, 2, -1, 1, 1), (2, 3, 0, -1, 0), (2, 3, 1, -1, 1)]


-- 2025-12-23 10:53:25 --写入特征标:(1, 3, -1, 0, 0)
[(1, 3, -1, 0, 0), (1, 3, -1, 1, 1), (2, 3, -1, 1, 2), (3, 1, 0, -1, 0), (3, 1, 1, -1, 1), (3, 2, 1, -1, 2), (3, 1, -1, 0, 0), (3, 1, -1, 1, 1), (3, 2, -1, 1, 2), (1, 3, 0, -1, 0), (1, 3, 1, -1, 1), (2, 3, 1, -1, 2)]


-- 2025-12-23 10:53:32 --写入特征标:(1, 2, -1, 0, 0)
[(1, 2, -1, 0, 0), (2, 1, -1, 0, 0), (1, 2, -1, 1, 1), (2, 1, -1, 1, 1), (2, 2, -1, 1, 2), (1, 2, 0, -1, 0), (2, 1, 0, -1, 0), (1, 2, 1, -1, 1), (2, 1, 1, -1, 1), (2, 2, 1, -1, 2)]


-- 2025-12-23 10:55:36 --写入特征标:(3, 1, -1, 0, 0)
[(3, 1, 0, -1, 0), (3, 1, 1, -1, 1), (3, 2, 1, -1, 2), (3, 1, -1, 0, 0), (3, 1, -1, 1, 1), (3, 2, -1, 1, 2)]


-- 2025-12-23 11:03:20 --写入特征标:(2, 1, -1, 0, 0)
[(2, 1, 0, -1, 0), (2, 1, 1, -1, 1), (2, 2, 1, -1, 2), (3, 2, 1, -1, 3), (2, 1, -1, 0, 0), (2, 1, -1, 1, 1), (2, 2, -1, 1, 2), (3, 2, -1, 1, 3)]


-- 2025-12-23 11:05:49 --写入特征标:(1, 1, -1, 0, 0)
[(1, 1, -1, 0, 0), (1, 1, -1, 1, 1), (1, 2, -1, 1, 2), (2, 1, -1, 1, 2), (1, 1, 0, -1, 0), (1, 1, 1, -1, 1), (1, 2, 1, -1, 2), (2, 1, 1, -1, 2)]


-- 2025-12-23 11:08:31 --写入特征标:(-1, 1, -1, 0, 0)
[(0, 1, -1, -1, 0), (1, 1, -1, -1, 1), (1, 2, -1, -1, 2), (-1, 1, -1, 0, 0), (-1, 1, -1, 1, 1), (-1, 2, -1, 1, 2), (1, -1, 0, -1, 0), (1, -1, 1, -1, 1), (2, -1, 1, -1, 2), (1, 0, -1, -1, 0), (1, 1, -1, -1, 1), (2, 1, -1, -1, 2), (1, -1, -1, 0, 0), (1, -1, -1, 1, 1), (2, -1, -1, 1, 2), (-1, 1, 0, -1, 0), (-1, 1, 1, -1, 1), (-1, 2, 1, -1, 2)]


-- 2025-12-23 11:08:43 --写入特征标:(-1, 1, -2, 0, 0)
[(0, 1, -2, -1, 0), (1, 1, -2, -1, 1), (1, 2, -2, -1, 2), (1, 0, -1, -2, 0), (1, 1, -1, -2, 1), (2, 1, -1, -2, 2), (1, -1, -2, 0, 0), (1, -1, -2, 1, 1), (2, -1, -2, 1, 2), (-1, 1, 0, -2, 0), (-1, 1, 1, -2, 1), (-1, 2, 1, -2, 2), (1, 0, -2, -1, 0), (1, 1, -2, -1, 1), (2, 1, -2, -1, 2), (0, 1, -1, -2, 0), (1, 1, -1, -2, 1), (1, 2, -1, -2, 2), (-1, 1, -2, 0, 0), (-1, 1, -2, 1, 1), (-1, 2, -2, 1, 2), (1, -1, 0, -2, 0), (1, -1, 1, -2, 1), (2, -1, 1, -2, 2)]


-- 2025-12-23 11:08:59 --写入特征标:(-2, 1, -1, 0, 0)
[(0, 1, -2, -1, 0), (1, 1, -2, -1, 1), (1, 2, -2, -1, 2), (1, 0, -1, -2, 0), (1, 1, -1, -2, 1), (2, 1, -1, -2, 2), (1, -1, -2, 0, 0), (1, -1, -2, 1, 1), (2, -1, -2, 1, 2), (-1, 1, 0, -2, 0), (-1, 1, 1, -2, 1), (-1, 2, 1, -2, 2), (-2, 1, -1, 0, 0), (-2, 1, -1, 1, 1), (-2, 2, -1, 1, 2), (1, -2, 0, -1, 0), (1, -2, 1, -1, 1), (2, -2, 1, -1, 2), (1, 0, -2, -1, 0), (1, 1, -2, -1, 1), (2, 1, -2, -1, 2), (0, 1, -1, -2, 0), (1, 1, -1, -2, 1), (1, 2, -1, -2, 2), (-1, 1, -2, 0, 0), (-1, 1, -2, 1, 1), (-1, 2, -2, 1, 2), (1, -1, 0, -2, 0), (1, -1, 1, -2, 1), (2, -1, 1, -2, 2), (1, -2, -1, 0, 0), (1, -2, -1, 1, 1), (2, -2, -1, 1, 2), (-2, 1, 0, -1, 0), (-2, 1, 1, -1, 1), (-2, 2, 1, -1, 2)]


-- 2025-12-23 16:03:32 --写入特征标:(1, 2, 3, 4, 0)
[(1, 2, 3, 4, 0), (2, 1, 3, 4, 0), (3, 4, 1, 2, 0), (3, 4, 2, 1, 0), (3, 1, 2, 4, 0), (3, 2, 1, 4, 0), (1, 3, 4, 2, 0), (2, 3, 4, 1, 0), (1, 4, 2, 3, 0), (2, 4, 1, 3, 0), (4, 1, 3, 2, 0), (4, 2, 3, 1, 0), (1, 2, 4, 3, 0), (2, 1, 4, 3, 0), (4, 3, 1, 2, 0), (4, 3, 2, 1, 0), (1, 3, 2, 4, 0), (2, 3, 1, 4, 0), (3, 1, 4, 2, 0), (3, 2, 4, 1, 0), (4, 1, 2, 3, 0), (4, 2, 1, 3, 0), (1, 4, 3, 2, 0), (2, 4, 3, 1, 0)]


-- 2025-12-24 14:39:18 --写入特征标:(4, 2, 1, 2)
[(4, 2, 1, 2), (4, 3, 1, 3)]


-- 2025-12-24 14:48:14 --写入特征标:(4, 2, 0, 2)
[(4, 2, 0, 2), (4, 3, 0, 3)]


-- 2025-12-24 17:11:56 --写入特征标:(3, 2, 0, 2)
[(3, 2, 0, 2), (3, 3, 0, 3), (4, 3, 0, 4)]


-- 2025-12-24 17:17:14 --写入特征标:(2, 2, 0, 2)
[(3, 2, 0, 3), (2, 3, 0, 3), (2, 2, 0, 2)]


-- 2025-12-24 17:21:49 --写入特征标:(4, 2, 2, 2)
[(4, 2, 2, 2), (4, 3, 3, 2), (4, 3, 2, 3)]


-- 2025-12-24 17:25:20 --写入特征标:(3, 2, 2, 2)
[(3, 2, 2, 2), (3, 3, 3, 2), (3, 3, 2, 3), (4, 3, 4, 2), (4, 3, 2, 4)]


-- 2025-12-24 17:35:30 --写入特征标:(3, 4, 1, 4)
[(3, 4, 1, 4), (3, 5, 1, 5), (4, 3, 1, 4), (5, 3, 1, 5)]


-- 2025-12-24 17:41:26 --写入特征标:(5, 1, 3, 1)
[(5, 1, 3, 1), (5, 2, 3, 2), (5, 1, 1, 3), (5, 2, 2, 3)]


-- 2025-12-24 17:46:11 --写入特征标:(4, 1, 2, 1)
[(4, 2, 2, 2), (4, 1, 1, 2), (4, 1, 2, 1)]


-- 2025-12-24 17:52:55 --写入特征标:(3, 1, 4, 1)
[(3, 1, 4, 1), (3, 2, 4, 2), (3, 1, 1, 4), (3, 2, 2, 4)]


-- 2025-12-24 17:57:51 --写入特征标:(2, 1, 4, 1)
[(2, 1, 4, 1), (2, 2, 4, 2), (3, 2, 4, 3), (2, 1, 1, 4), (2, 2, 2, 4), (3, 2, 3, 4)]


-- 2025-12-24 18:01:09 --写入特征标:(2, 1, 3, 1)
[(3, 2, 3, 3), (2, 2, 2, 3), (2, 2, 3, 2), (2, 1, 1, 3), (2, 1, 3, 1)]


-- 2025-12-24 21:31:32 --写入特征标:(1, 1, 3, 1)
[(2, 1, 3, 2), (1, 2, 3, 2), (1, 1, 3, 1), (2, 1, 2, 3), (1, 2, 2, 3), (1, 1, 1, 3)]


-- 2025-12-24 21:34:28 --写入特征标:(1, 1, 2, 1)
[(2, 1, 2, 2), (1, 2, 2, 2), (1, 1, 1, 2), (1, 1, 2, 1)]


-- 2025-12-24 21:38:13 --写入特征标:(1, 3, 2, 3)
[(1, 3, 2, 3), (1, 4, 2, 4), (3, 1, 2, 3), (4, 1, 2, 4)]


-- 2025-12-24 21:46:27 --写入特征标:(1, 2, 4, 2)
[(1, 2, 4, 2), (1, 3, 4, 3), (1, 2, 2, 4), (1, 3, 3, 4), (2, 1, 4, 2), (3, 1, 4, 3), (2, 1, 2, 4), (3, 1, 3, 4)]


-- 2025-12-24 21:49:42 --写入特征标:(1, 2, 3, 2)
[(1, 3, 3, 3), (1, 2, 2, 3), (1, 2, 3, 2), (3, 1, 3, 3), (2, 1, 2, 3), (2, 1, 3, 2)]


-- 2025-12-24 23:03:37 --写入特征标:(4, 2, 2, 1)
[(4, 2, 2, 1), (4, 3, 3, 1), (4, 2, 1, 2), (4, 3, 1, 3)]


-- 2025-12-24 23:05:52 --写入特征标:(3, 2, 2, 1)
[(3, 2, 2, 1), (3, 3, 3, 1), (4, 3, 4, 1), (3, 2, 1, 2), (3, 3, 1, 3), (4, 3, 1, 4)]


-- 2025-12-24 23:09:25 --写入特征标:(2, 2, 2, 1)
[(3, 2, 3, 1), (2, 3, 3, 1), (2, 2, 2, 1), (3, 2, 1, 3), (2, 3, 1, 3), (2, 2, 1, 2)]


-- 2025-12-24 23:18:11 --写入特征标:(2, 3, 3, 1)
[(2, 3, 3, 1), (2, 4, 4, 1), (2, 3, 1, 3), (2, 4, 1, 4), (3, 2, 3, 1), (4, 2, 4, 1), (3, 2, 1, 3), (4, 2, 1, 4)]


-- 2025-12-24 23:18:35 --写入特征标:(1, 3, 3, 2)
[(1, 3, 3, 2), (1, 4, 4, 2), (1, 3, 2, 3), (1, 4, 2, 4), (3, 1, 3, 2), (4, 1, 4, 2), (3, 1, 2, 3), (4, 1, 2, 4)]


-- 2025-12-24 23:22:11 --写入特征标:(4, 1, 1, 3)
[(4, 1, 1, 3), (4, 2, 2, 3)]


-- 2025-12-24 23:25:04 --写入特征标:(5, 1, 1, 3)
[(5, 1, 1, 3), (5, 2, 2, 3)]


-- 2025-12-24 23:26:22 --写入特征标:(5, 1, 1, 2)
[(5, 1, 1, 2), (5, 2, 2, 2), (5, 3, 2, 3)]


-- 2025-12-24 23:30:28 --写入特征标:(4, 1, 1, 2)
[(4, 1, 1, 2), (4, 2, 2, 2), (4, 3, 2, 3)]


-- 2025-12-24 23:30:54 --写入特征标:(3, 1, 1, 2)
[(3, 1, 1, 2), (3, 2, 2, 2), (3, 3, 2, 3), (4, 3, 2, 4)]


-- 2025-12-25 13:48:09 --写入特征标:(3, 1, 1, 4)
[(3, 1, 1, 4), (3, 2, 2, 4)]


-- 2025-12-25 13:49:30 --写入特征标:(2, 1, 1, 4)
[(2, 1, 1, 4), (2, 2, 2, 4), (3, 2, 3, 4)]


-- 2025-12-25 15:11:55 --写入特征标:(1, 1, 1, 3)
[(2, 1, 2, 3), (1, 2, 2, 3), (1, 1, 1, 3)]


-- 2025-12-25 15:13:20 --写入特征标:(1, 1, 1, 2)
[(1, 1, 1, 2), (2, 1, 2, 2), (1, 2, 2, 2), (3, 1, 2, 3), (1, 3, 2, 3)]


-- 2025-12-25 15:23:54 --写入特征标:(1, 2, 2, 4)
[(1, 3, 3, 4), (1, 2, 2, 4), (3, 1, 3, 4), (2, 1, 2, 4)]


-- 2025-12-25 15:25:25 --写入特征标:(1, 2, 2, 3)
[(1, 2, 2, 3), (1, 3, 3, 3), (1, 4, 3, 4), (2, 1, 2, 3), (3, 1, 3, 3), (4, 1, 3, 4)]


-- 2025-12-25 15:52:20 --写入特征标:(3, 2, 1, 3)
[(4, 2, 1, 4), (3, 2, 1, 3)]


-- 2025-12-25 15:56:25 --写入特征标:(3, 5, 1, 3)
[(4, 5, 1, 4), (3, 5, 1, 3), (5, 4, 1, 4), (5, 3, 1, 3)]


-- 2025-12-25 15:59:26 --写入特征标:(3, 5, 3, 3)
[(3, 5, 3, 3), (4, 5, 4, 3), (4, 5, 3, 4), (5, 3, 3, 3), (5, 4, 4, 3), (5, 4, 3, 4)]


-- 2025-12-25 16:00:13 --写入特征标:(3, 4, 3, 3)
[(3, 4, 3, 3), (4, 3, 3, 3), (4, 4, 4, 3), (4, 4, 3, 4)]


-- 2025-12-25 16:01:50 --写入特征标:(3, 1, 2, 3)
[(3, 1, 2, 3), (4, 1, 2, 4)]


-- 2025-12-25 16:03:00 --写入特征标:(3, 2, 3, 3)
[(3, 2, 3, 3), (4, 2, 4, 3), (4, 2, 3, 4)]


-- 2025-12-25 16:04:36 --写入特征标:(1, 0, 3, 1)
[(1, 0, 3, 1), (2, 0, 3, 2), (1, 0, 1, 3), (2, 0, 2, 3)]


-- 2025-12-25 16:06:35 --写入特征标:(1, 0, 2, 1)
[(2, 0, 2, 2), (1, 0, 1, 2), (1, 0, 2, 1)]


-- 2025-12-25 16:08:45 --写入特征标:(1, 0, 1, 1)
[(1, 0, 1, 1), (2, 0, 2, 1), (2, 0, 1, 2)]


-- 2025-12-25 16:12:00 --写入特征标:(1, 4, 3, 1)
[(1, 4, 3, 1), (2, 4, 3, 2), (1, 4, 1, 3), (2, 4, 2, 3), (4, 1, 3, 1), (4, 2, 3, 2), (4, 1, 1, 3), (4, 2, 2, 3)]


-- 2025-12-25 16:16:34 --写入特征标:(1, 4, 2, 1)
[(2, 4, 2, 2), (1, 4, 1, 2), (1, 4, 2, 1), (4, 2, 2, 2), (4, 1, 1, 2), (4, 1, 2, 1)]


-- 2025-12-25 16:17:53 --写入特征标:(1, 3, 1, 1)
[(1, 3, 1, 1), (2, 3, 2, 1), (2, 3, 1, 2), (3, 1, 1, 1), (3, 2, 2, 1), (3, 2, 1, 2)]


-- 2025-12-25 16:19:21 --写入特征标:(1, 2, 1, 1)
[(1, 2, 1, 1), (2, 1, 1, 1), (2, 2, 2, 1), (2, 2, 1, 2)]


-- 2025-12-25 16:20:37 --写入特征标:(1, 3, 4, 1)
[(1, 3, 4, 1), (2, 3, 4, 2), (1, 3, 1, 4), (2, 3, 2, 4), (3, 1, 4, 1), (3, 2, 4, 2), (3, 1, 1, 4), (3, 2, 2, 4)]


-- 2025-12-25 16:22:03 --写入特征标:(1, 2, 3, 1)
[(1, 2, 3, 1), (2, 1, 3, 1), (2, 2, 3, 2), (1, 2, 1, 3), (2, 1, 1, 3), (2, 2, 2, 3)]


-- 2025-12-25 16:42:23 --写入特征标:(4, 2, 4, 1)
[(4, 2, 4, 1), (5, 2, 5, 1), (4, 2, 1, 4), (5, 2, 1, 5)]


-- 2025-12-25 16:49:17 --写入特征标:(2, 4, 1, 2)
[(2, 4, 1, 2), (3, 4, 1, 3), (4, 2, 1, 2), (4, 3, 1, 3)]


-- 2025-12-25 16:51:36 --写入特征标:(2, 3, 1, 2)
[(2, 3, 1, 2), (3, 2, 1, 2), (3, 3, 1, 3)]


-- 2025-12-25 16:53:55 --写入特征标:(2, 1, 4, 2)
[(3, 1, 4, 3), (2, 1, 4, 2), (3, 1, 3, 4), (2, 1, 2, 4)]


-- 2025-12-25 16:55:05 --写入特征标:(2, 1, 3, 2)
[(3, 1, 3, 3), (2, 1, 2, 3), (2, 1, 3, 2)]


-- 2025-12-25 16:57:50 --写入特征标:(1, 3, 1, 0)
[(1, 3, 1, 0), (2, 3, 2, 0), (1, 3, 0, 1), (2, 3, 0, 2), (3, 1, 1, 0), (3, 2, 2, 0), (3, 1, 0, 1), (3, 2, 0, 2)]


-- 2025-12-25 17:00:09 --写入特征标:(1, 2, 1, 0)
[(1, 2, 1, 0), (2, 1, 1, 0), (2, 2, 2, 0), (1, 2, 0, 1), (2, 1, 0, 1), (2, 2, 0, 2)]


-- 2025-12-25 17:01:52 --写入特征标:(3, 2, 3, 0)
[(3, 2, 3, 0), (4, 2, 4, 0), (3, 2, 0, 3), (4, 2, 0, 4)]


-- 2025-12-25 17:02:36 --写入特征标:(3, 1, 3, 0)
[(3, 1, 3, 0), (4, 1, 4, 0), (3, 1, 0, 3), (4, 1, 0, 4)]


-- 2025-12-25 17:03:00 --写入特征标:(3, 1, 3, 2)
[(3, 1, 3, 2), (4, 1, 4, 2), (3, 1, 2, 3), (4, 1, 2, 4)]


-- 2025-12-25 19:08:18 --写入特征标:(1, 0, 1, 3)
[(2, 0, 2, 3), (1, 0, 1, 3)]


-- 2025-12-25 19:09:23 --写入特征标:(1, 0, 1, 2)
[(1, 0, 1, 2), (2, 0, 2, 2), (3, 0, 2, 3)]


-- 2025-12-25 19:12:28 --写入特征标:(1, 3, 1, 4)
[(1, 3, 1, 4), (2, 3, 2, 4), (3, 1, 1, 4), (3, 2, 2, 4)]


-- 2025-12-25 19:13:28 --写入特征标:(1, 2, 1, 4)
[(1, 2, 1, 4), (2, 1, 1, 4), (2, 2, 2, 4)]


-- 2025-12-25 19:22:56 --写入特征标:(1, 4, 1, 2)
[(1, 4, 1, 2), (2, 4, 2, 2), (3, 4, 2, 3), (4, 1, 1, 2), (4, 2, 2, 2), (4, 3, 2, 3)]


-- 2025-12-25 19:25:50 --写入特征标:(1, 3, 1, 2)
[(3, 3, 2, 3), (2, 3, 2, 2), (3, 2, 2, 2), (1, 3, 1, 2), (3, 1, 1, 2)]


-- 2025-12-26 21:23:00 --写入特征标:(9, 5, 1, 5, 1)
[(9, 5, 1, 5, 1), (9, 5, 2, 5, 2), (9, 6, 1, 6, 1), (9, 6, 2, 6, 2), (9, 5, 1, 1, 5), (9, 5, 2, 2, 5), (9, 6, 1, 1, 6), (9, 6, 2, 2, 6)]


-- 2025-12-30 10:26:56 --写入特征标:(7, 5, 1, 5, 1)
[(7, 5, 1, 5, 1), (7, 5, 2, 5, 2), (7, 6, 1, 6, 1), (7, 6, 2, 6, 2), (7, 5, 1, 1, 5), (7, 5, 2, 2, 5), (7, 6, 1, 1, 6), (7, 6, 2, 2, 6)]


-- 2025-12-30 10:27:35 --写入特征标:(6, 5, 1, 5, 1)
[(6, 5, 1, 5, 1), (6, 5, 2, 5, 2), (6, 6, 1, 6, 1), (7, 6, 1, 7, 1), (6, 6, 2, 6, 2), (7, 6, 2, 7, 2), (6, 5, 1, 1, 5), (6, 5, 2, 2, 5), (6, 6, 1, 1, 6), (7, 6, 1, 1, 7), (6, 6, 2, 2, 6), (7, 6, 2, 2, 7)]


-- 2025-12-30 11:48:36 --写入特征标:(7, 5, 3, 5, 3)
[(7, 5, 3, 5, 3), (7, 5, 4, 5, 4), (7, 6, 3, 6, 3), (7, 6, 4, 6, 4), (7, 5, 3, 3, 5), (7, 5, 4, 4, 5), (7, 6, 3, 3, 6), (7, 6, 4, 4, 6)]


-- 2025-12-31 17:21:44 --写入特征标:(6, 5, 3, 5, 3)
[(6, 5, 3, 5, 3), (6, 5, 4, 5, 4), (6, 6, 3, 6, 3), (7, 6, 3, 7, 3), (6, 6, 4, 6, 4), (7, 6, 4, 7, 4), (6, 5, 3, 3, 5), (6, 5, 4, 4, 5), (6, 6, 3, 3, 6), (6, 6, 4, 4, 6), (7, 6, 3, 3, 7), (7, 6, 4, 4, 7)]


-- 2025-12-31 23:35:20 --写入特征标:(5, 2, 1, 2, 1)
[(5, 3, 2, 2, 3), (5, 3, 2, 3, 2), (5, 3, 1, 1, 3), (5, 2, 2, 2, 2), (5, 3, 1, 3, 1), (5, 2, 1, 1, 2), (5, 2, 1, 2, 1)]


-- 2025-12-31 23:36:01 --写入特征标:(11, 2, 1, 2, 1)
[(11, 3, 2, 2, 3), (11, 3, 2, 3, 2), (11, 3, 1, 1, 3), (11, 2, 2, 2, 2), (11, 3, 1, 3, 1), (11, 2, 1, 1, 2), (11, 2, 1, 2, 1)]


-- 2026-01-02 23:16:51 --写入特征标:(7, 7, 1, 7, 1)
[(7, 7, 1, 7, 1), (7, 7, 2, 7, 2), (8, 7, 1, 8, 1), (7, 8, 1, 8, 1), (8, 7, 2, 8, 2), (7, 8, 2, 8, 2), (7, 7, 1, 1, 7), (8, 7, 1, 1, 8), (7, 8, 1, 1, 8), (7, 7, 2, 2, 7), (8, 7, 2, 2, 8), (7, 8, 2, 2, 8)]


-- 2026-01-03 16:01:44 --写入特征标:(4, 9, 1, 9, 1)
[(4, 9, 1, 9, 1), (4, 9, 2, 9, 2), (4, 10, 1, 10, 1), (4, 10, 2, 10, 2), (4, 9, 1, 1, 9), (4, 10, 1, 1, 10), (4, 9, 2, 2, 9), (4, 10, 2, 2, 10), (9, 4, 1, 9, 1), (9, 4, 2, 9, 2), (10, 4, 1, 10, 1), (10, 4, 2, 10, 2), (9, 4, 1, 1, 9), (10, 4, 1, 1, 10), (9, 4, 2, 2, 9), (10, 4, 2, 2, 10)]


-- 2026-01-04 17:51:23 --写入特征标:(5, 6, 1, 6, 1)
[(5, 6, 1, 6, 1), (5, 6, 2, 6, 2), (5, 7, 1, 7, 1), (5, 7, 2, 7, 2), (5, 6, 1, 1, 6), (5, 7, 1, 1, 7), (5, 6, 2, 2, 6), (5, 7, 2, 2, 7), (6, 5, 1, 6, 1), (6, 5, 2, 6, 2), (7, 5, 1, 7, 1), (7, 5, 2, 7, 2), (6, 5, 1, 1, 6), (7, 5, 1, 1, 7), (6, 5, 2, 2, 6), (7, 5, 2, 2, 7)]


-- 2026-01-04 18:01:57 --写入特征标:(3, 7, 1, 7, 1)
[(3, 7, 1, 7, 1), (3, 7, 2, 7, 2), (3, 8, 1, 8, 1), (3, 8, 2, 8, 2), (3, 7, 1, 1, 7), (3, 8, 1, 1, 8), (3, 7, 2, 2, 7), (3, 8, 2, 2, 8), (7, 3, 1, 7, 1), (7, 3, 2, 7, 2), (8, 3, 1, 8, 1), (8, 3, 2, 8, 2), (7, 3, 1, 1, 7), (8, 3, 1, 1, 8), (7, 3, 2, 2, 7), (8, 3, 2, 2, 8)]


-- 2026-01-04 18:02:25 --写入特征标:(2, 7, 1, 7, 1)
[(2, 7, 1, 7, 1), (2, 7, 2, 7, 2), (3, 7, 2, 7, 3), (2, 8, 1, 8, 1), (2, 8, 2, 8, 2), (3, 8, 2, 8, 3), (2, 7, 1, 1, 7), (2, 8, 1, 1, 8), (2, 7, 2, 2, 7), (3, 7, 2, 3, 7), (2, 8, 2, 2, 8), (3, 8, 2, 3, 8), (7, 2, 1, 7, 1), (7, 2, 2, 7, 2), (7, 3, 2, 7, 3), (8, 2, 1, 8, 1), (8, 2, 2, 8, 2), (8, 3, 2, 8, 3), (7, 2, 1, 1, 7), (8, 2, 1, 1, 8), (7, 2, 2, 2, 7), (7, 3, 2, 3, 7), (8, 2, 2, 2, 8), (8, 3, 2, 3, 8)]


-- 2026-01-05 12:21:49 --写入特征标:(1, 5, 1, 5, 1)
[(5, 1, 1, 5, 1), (5, 2, 1, 5, 2), (5, 1, 2, 5, 2), (6, 1, 1, 6, 1), (6, 2, 1, 6, 2), (6, 1, 2, 6, 2), (5, 1, 1, 1, 5), (6, 1, 1, 1, 6), (5, 2, 1, 2, 5), (5, 1, 2, 2, 5), (6, 2, 1, 2, 6), (6, 1, 2, 2, 6), (1, 5, 1, 5, 1), (2, 5, 1, 5, 2), (1, 5, 2, 5, 2), (1, 6, 1, 6, 1), (2, 6, 1, 6, 2), (1, 6, 2, 6, 2), (1, 5, 1, 1, 5), (1, 6, 1, 1, 6), (2, 5, 1, 2, 5), (1, 5, 2, 2, 5), (2, 6, 1, 2, 6), (1, 6, 2, 2, 6)]


-- 2026-01-05 15:36:32 --写入特征标:(9, 1, 5, 1, 5)
[(9, 1, 5, 1, 5), (9, 1, 6, 1, 6), (9, 2, 5, 2, 5), (9, 2, 6, 2, 6), (9, 5, 1, 1, 5), (9, 6, 1, 1, 6), (9, 5, 2, 2, 5), (9, 6, 2, 2, 6)]


-- 2026-01-05 15:38:53 --写入特征标:(9, 1, 3, 1, 3)
[(9, 1, 3, 1, 3), (9, 1, 4, 1, 4), (9, 2, 3, 2, 3), (9, 2, 4, 2, 4), (9, 3, 1, 1, 3), (9, 4, 1, 1, 4), (9, 3, 2, 2, 3), (9, 4, 2, 2, 4)]


-- 2026-01-05 16:00:04 --写入特征标:(9, 1, 7, 1, 7)
[(9, 1, 7, 1, 7), (9, 1, 8, 1, 8), (9, 2, 7, 2, 7), (9, 2, 8, 2, 8), (9, 7, 1, 1, 7), (9, 8, 1, 1, 8), (9, 7, 2, 2, 7), (9, 8, 2, 2, 8)]


-- 2026-01-05 16:00:50 --写入特征标:(8, 1, 7, 1, 7)
[(8, 1, 7, 1, 7), (8, 1, 8, 1, 8), (9, 1, 8, 1, 9), (8, 2, 7, 2, 7), (8, 2, 8, 2, 8), (9, 2, 8, 2, 9), (8, 7, 1, 1, 7), (8, 8, 1, 1, 8), (9, 8, 1, 1, 9), (8, 7, 2, 2, 7), (8, 8, 2, 2, 8), (9, 8, 2, 2, 9)]


-- 2026-01-05 16:21:24 --写入特征标:(5, 1, 5, 1, 5)
[(5, 5, 1, 1, 5), (6, 5, 1, 1, 6), (5, 6, 1, 1, 6), (5, 5, 2, 2, 5), (6, 5, 2, 2, 6), (5, 6, 2, 2, 6), (5, 1, 5, 1, 5), (6, 1, 5, 1, 6), (5, 1, 6, 1, 6), (5, 2, 5, 2, 5), (6, 2, 5, 2, 6), (5, 2, 6, 2, 6)]


-- 2026-01-05 17:04:04 --写入特征标:(5, 1, 9, 1, 9)
[(9, 1, 5, 1, 9), (10, 1, 5, 1, 10), (9, 2, 5, 2, 9), (10, 2, 5, 2, 10), (5, 9, 1, 1, 9), (5, 10, 1, 1, 10), (5, 9, 2, 2, 9), (5, 10, 2, 2, 10), (5, 1, 9, 1, 9), (5, 1, 10, 1, 10), (5, 2, 9, 2, 9), (5, 2, 10, 2, 10), (9, 5, 1, 1, 9), (10, 5, 1, 1, 10), (9, 5, 2, 2, 9), (10, 5, 2, 2, 10)]


-- 2026-01-05 17:06:35 --写入特征标:(5, 1, 6, 1, 6)
[(6, 1, 5, 1, 6), (7, 1, 5, 1, 7), (6, 2, 5, 2, 6), (7, 2, 5, 2, 7), (5, 6, 1, 1, 6), (5, 7, 1, 1, 7), (5, 6, 2, 2, 6), (5, 7, 2, 2, 7), (5, 1, 6, 1, 6), (5, 1, 7, 1, 7), (5, 2, 6, 2, 6), (5, 2, 7, 2, 7), (6, 5, 1, 1, 6), (7, 5, 1, 1, 7), (6, 5, 2, 2, 6), (7, 5, 2, 2, 7)]


-- 2026-01-05 17:07:33 --写入特征标:(3, 1, 6, 1, 6)
[(6, 1, 3, 1, 6), (7, 1, 3, 1, 7), (6, 2, 3, 2, 6), (7, 2, 3, 2, 7), (3, 6, 1, 1, 6), (3, 7, 1, 1, 7), (3, 6, 2, 2, 6), (3, 7, 2, 2, 7), (3, 1, 6, 1, 6), (3, 1, 7, 1, 7), (3, 2, 6, 2, 6), (3, 2, 7, 2, 7), (6, 3, 1, 1, 6), (7, 3, 1, 1, 7), (6, 3, 2, 2, 6), (7, 3, 2, 2, 7)]


-- 2026-01-05 17:11:42 --写入特征标:(2, 1, 7, 1, 7)
[(7, 1, 2, 1, 7), (7, 2, 2, 2, 7), (8, 1, 2, 1, 8), (7, 2, 3, 3, 7), (8, 2, 2, 2, 8), (8, 2, 3, 3, 8), (2, 7, 1, 1, 7), (2, 7, 2, 2, 7), (2, 8, 1, 1, 8), (3, 7, 2, 3, 7), (2, 8, 2, 2, 8), (3, 8, 2, 3, 8), (2, 1, 7, 1, 7), (2, 1, 8, 1, 8), (2, 2, 7, 2, 7), (3, 2, 7, 3, 7), (2, 2, 8, 2, 8), (3, 2, 8, 3, 8), (7, 2, 1, 1, 7), (7, 2, 2, 2, 7), (8, 2, 1, 1, 8), (7, 3, 2, 3, 7), (8, 2, 2, 2, 8), (8, 3, 2, 3, 8)]


-- 2026-01-05 17:40:55 --写入特征标:(1, 1, 5, 1, 5)
[(1, 1, 5, 1, 5), (1, 1, 6, 1, 6), (2, 1, 5, 2, 5), (1, 2, 5, 2, 5), (2, 1, 6, 2, 6), (1, 2, 6, 2, 6), (5, 1, 1, 1, 5), (6, 1, 1, 1, 6), (5, 2, 1, 2, 5), (5, 1, 2, 2, 5), (6, 2, 1, 2, 6), (6, 1, 2, 2, 6), (1, 5, 1, 1, 5), (1, 6, 1, 1, 6), (2, 5, 1, 2, 5), (1, 5, 2, 2, 5), (2, 6, 1, 2, 6), (1, 6, 2, 2, 6)]


-- 2026-01-05 21:24:12 --写入特征标:(1, 9, 5, 9, 5)
[(9, 1, 5, 9, 5), (9, 1, 6, 9, 6), (10, 1, 5, 10, 5), (10, 1, 6, 10, 6), (9, 1, 5, 5, 9), (10, 1, 5, 5, 10), (9, 1, 6, 6, 9), (10, 1, 6, 6, 10), (5, 9, 1, 9, 5), (6, 9, 1, 9, 6), (5, 10, 1, 10, 5), (6, 10, 1, 10, 6), (5, 9, 1, 5, 9), (5, 10, 1, 5, 10), (6, 9, 1, 6, 9), (6, 10, 1, 6, 10), (1, 9, 5, 9, 5), (1, 9, 6, 9, 6), (1, 10, 5, 10, 5), (1, 10, 6, 10, 6), (1, 9, 5, 5, 9), (1, 10, 5, 5, 10), (1, 9, 6, 6, 9), (1, 10, 6, 6, 10), (9, 5, 1, 9, 5), (9, 6, 1, 9, 6), (10, 5, 1, 10, 5), (10, 6, 1, 10, 6), (9, 5, 1, 5, 9), (10, 5, 1, 5, 10), (9, 6, 1, 6, 9), (10, 6, 1, 6, 10)]


-- 2026-01-05 21:28:54 --写入特征标:(0, 6, 4, 6, 4)
[(6, 0, 4, 6, 4), (6, 0, 5, 6, 5), (7, 0, 4, 7, 4), (7, 0, 5, 7, 5), (6, 0, 4, 4, 6), (7, 0, 4, 4, 7), (6, 0, 5, 5, 6), (7, 0, 5, 5, 7), (4, 6, 0, 6, 4), (5, 6, 0, 6, 5), (4, 7, 0, 7, 4), (5, 7, 0, 7, 5), (4, 6, 0, 4, 6), (4, 7, 0, 4, 7), (5, 6, 0, 5, 6), (5, 7, 0, 5, 7), (0, 6, 4, 6, 4), (0, 6, 5, 6, 5), (0, 7, 4, 7, 4), (0, 7, 5, 7, 5), (0, 6, 4, 4, 6), (0, 7, 4, 4, 7), (0, 6, 5, 5, 6), (0, 7, 5, 5, 7), (6, 4, 0, 6, 4), (6, 5, 0, 6, 5), (7, 4, 0, 7, 4), (7, 5, 0, 7, 5), (6, 4, 0, 4, 6), (7, 4, 0, 4, 7), (6, 5, 0, 5, 6), (7, 5, 0, 5, 7)]


-- 2026-01-05 21:31:21 --写入特征标:(1, 4, 2, 4, 2)
[(4, 1, 2, 4, 2), (4, 1, 3, 4, 3), (5, 1, 2, 5, 2), (5, 1, 3, 5, 3), (4, 1, 2, 2, 4), (5, 1, 2, 2, 5), (4, 1, 3, 3, 4), (5, 1, 3, 3, 5), (2, 4, 1, 4, 2), (3, 4, 1, 4, 3), (2, 5, 1, 5, 2), (3, 5, 1, 5, 3), (2, 4, 1, 2, 4), (2, 5, 1, 2, 5), (3, 4, 1, 3, 4), (3, 5, 1, 3, 5), (1, 4, 2, 4, 2), (1, 4, 3, 4, 3), (1, 5, 2, 5, 2), (1, 5, 3, 5, 3), (1, 4, 2, 2, 4), (1, 5, 2, 2, 5), (1, 4, 3, 3, 4), (1, 5, 3, 3, 5), (4, 2, 1, 4, 2), (4, 3, 1, 4, 3), (5, 2, 1, 5, 2), (5, 3, 1, 5, 3), (4, 2, 1, 2, 4), (5, 2, 1, 2, 5), (4, 3, 1, 3, 4), (5, 3, 1, 3, 5)]


-- 2026-01-05 21:33:10 --写入特征标:(1, 6, 5, 6, 5)
[(7, 1, 6, 6, 7), (7, 1, 6, 7, 6), (7, 1, 5, 5, 7), (6, 1, 6, 6, 6), (7, 1, 5, 7, 5), (6, 1, 5, 5, 6), (6, 1, 5, 6, 5), (6, 7, 1, 6, 7), (6, 7, 1, 7, 6), (5, 7, 1, 5, 7), (6, 6, 1, 6, 6), (5, 7, 1, 7, 5), (5, 6, 1, 5, 6), (5, 6, 1, 6, 5), (1, 7, 6, 6, 7), (1, 7, 6, 7, 6), (1, 7, 5, 5, 7), (1, 6, 6, 6, 6), (1, 7, 5, 7, 5), (1, 6, 5, 5, 6), (1, 6, 5, 6, 5), (7, 6, 1, 6, 7), (7, 6, 1, 7, 6), (7, 5, 1, 5, 7), (6, 6, 1, 6, 6), (7, 5, 1, 7, 5), (6, 5, 1, 5, 6), (6, 5, 1, 6, 5)]


-- 2026-01-05 21:34:58 --写入特征标:(1, 3, 2, 3, 2)
[(4, 1, 3, 3, 4), (4, 1, 3, 4, 3), (4, 1, 2, 2, 4), (3, 1, 3, 3, 3), (4, 1, 2, 4, 2), (3, 1, 2, 2, 3), (3, 1, 2, 3, 2), (3, 4, 1, 3, 4), (3, 4, 1, 4, 3), (2, 4, 1, 2, 4), (3, 3, 1, 3, 3), (2, 4, 1, 4, 2), (2, 3, 1, 2, 3), (2, 3, 1, 3, 2), (1, 4, 3, 3, 4), (1, 4, 3, 4, 3), (1, 4, 2, 2, 4), (1, 3, 3, 3, 3), (1, 4, 2, 4, 2), (1, 3, 2, 2, 3), (1, 3, 2, 3, 2), (4, 3, 1, 3, 4), (4, 3, 1, 4, 3), (4, 2, 1, 2, 4), (3, 3, 1, 3, 3), (4, 2, 1, 4, 2), (3, 2, 1, 2, 3), (3, 2, 1, 3, 2)]


-- 2026-01-05 21:36:27 --写入特征标:(1, 4, 4, 4, 4)
[(1, 4, 4, 4, 4), (1, 5, 4, 4, 5), (1, 4, 5, 4, 5), (1, 5, 4, 5, 4), (1, 4, 5, 5, 4), (1, 5, 5, 5, 5), (4, 4, 1, 4, 4), (5, 4, 1, 4, 5), (4, 5, 1, 4, 5), (5, 4, 1, 5, 4), (4, 5, 1, 5, 4), (5, 5, 1, 5, 5), (4, 1, 4, 4, 4), (5, 1, 4, 4, 5), (4, 1, 5, 4, 5), (5, 1, 4, 5, 4), (4, 1, 5, 5, 4), (5, 1, 5, 5, 5)]


-- 2026-01-05 21:44:58 --写入特征标:(1, 5, 9, 5, 9)
[(1, 5, 9, 5, 9), (1, 5, 10, 5, 10), (1, 6, 9, 6, 9), (1, 6, 10, 6, 10), (9, 1, 5, 5, 9), (10, 1, 5, 5, 10), (9, 1, 6, 6, 9), (10, 1, 6, 6, 10), (5, 9, 1, 5, 9), (5, 10, 1, 5, 10), (6, 9, 1, 6, 9), (6, 10, 1, 6, 10), (5, 1, 9, 5, 9), (5, 1, 10, 5, 10), (6, 1, 9, 6, 9), (6, 1, 10, 6, 10), (1, 9, 5, 5, 9), (1, 10, 5, 5, 10), (1, 9, 6, 6, 9), (1, 10, 6, 6, 10), (9, 5, 1, 5, 9), (10, 5, 1, 5, 10), (9, 6, 1, 6, 9), (10, 6, 1, 6, 10)]


-- 2026-01-05 21:48:06 --写入特征标:(1, 5, 6, 5, 6)
[(1, 6, 7, 6, 7), (1, 7, 6, 6, 7), (1, 5, 7, 5, 7), (1, 6, 6, 6, 6), (1, 7, 5, 5, 7), (1, 5, 6, 5, 6), (1, 6, 5, 5, 6), (6, 7, 1, 6, 7), (7, 6, 1, 6, 7), (5, 7, 1, 5, 7), (6, 6, 1, 6, 6), (7, 5, 1, 5, 7), (5, 6, 1, 5, 6), (6, 5, 1, 5, 6), (6, 1, 7, 6, 7), (7, 1, 6, 6, 7), (5, 1, 7, 5, 7), (6, 1, 6, 6, 6), (7, 1, 5, 5, 7), (5, 1, 6, 5, 6), (6, 1, 5, 5, 6)]


-- 2026-01-05 22:11:47 --写入特征标:(9, 5, 1, 1, 5)
[(9, 5, 1, 1, 5), (9, 6, 1, 1, 6), (9, 5, 2, 2, 5), (9, 6, 2, 2, 6)]


-- 2026-01-05 22:17:47 --写入特征标:(7, 5, 1, 1, 5)
[(7, 5, 1, 1, 5), (7, 6, 1, 1, 6), (7, 5, 2, 2, 5), (7, 6, 2, 2, 6)]


-- 2026-01-05 22:18:16 --写入特征标:(6, 5, 1, 1, 5)
[(6, 5, 1, 1, 5), (6, 6, 1, 1, 6), (7, 6, 1, 1, 7), (6, 5, 2, 2, 5), (6, 6, 2, 2, 6), (7, 6, 2, 2, 7)]


-- 2026-01-05 23:02:42 --写入特征标:(7, 2, 1, 2, 3)
[(7, 2, 1, 2, 3), (7, 3, 1, 3, 3), (7, 4, 1, 3, 4)]


-- 2026-01-05 23:05:53 --写入特征标:(7, 2, 1, 1, 3)
[(7, 2, 2, 2, 3), (7, 2, 1, 1, 3), (7, 3, 2, 3, 3), (7, 4, 2, 3, 4)]


-- 2026-01-05 23:06:34 --写入特征标:(7, 2, 1, 1, 2)
[(7, 3, 2, 2, 3), (7, 2, 3, 2, 3), (7, 2, 2, 2, 2), (7, 3, 1, 1, 3), (7, 2, 1, 1, 2), (7, 3, 3, 3, 3), (7, 3, 2, 2, 3), (7, 3, 2, 3, 2), (7, 4, 3, 3, 4), (7, 4, 2, 2, 4)]


-- 2026-01-06 00:00:22 --写入特征标:(4, 3, 2, 3, 5)
[(4, 4, 2, 4, 5), (4, 3, 2, 3, 5), (5, 4, 2, 5, 5), (6, 4, 2, 5, 6)]


-- 2026-01-06 14:29:49 --写入特征标:(5, 5, 1, 1, 5)
[(5, 5, 1, 1, 5), (6, 5, 1, 1, 6), (5, 6, 1, 1, 6), (5, 5, 2, 2, 5), (6, 5, 2, 2, 6), (5, 6, 2, 2, 6)]


-- 2026-01-06 14:39:52 --写入特征标:(5, 9, 1, 1, 9)
[(5, 10, 2, 2, 10), (5, 10, 1, 1, 10), (5, 9, 2, 2, 9), (5, 9, 1, 1, 9), (10, 5, 2, 2, 10), (10, 5, 1, 1, 10), (9, 5, 2, 2, 9), (9, 5, 1, 1, 9)]


-- 2026-01-06 14:45:36 --写入特征标:(5, 6, 1, 1, 6)
[(5, 7, 2, 2, 7), (5, 7, 1, 1, 7), (5, 6, 2, 2, 6), (5, 6, 1, 1, 6), (7, 5, 2, 2, 7), (7, 5, 1, 1, 7), (6, 5, 2, 2, 6), (6, 5, 1, 1, 6)]


-- 2026-01-06 14:48:23 --写入特征标:(2, 6, 1, 1, 6)
[(3, 7, 2, 3, 7), (3, 6, 2, 3, 6), (2, 7, 2, 2, 7), (2, 7, 1, 1, 7), (2, 6, 2, 2, 6), (2, 6, 1, 1, 6), (7, 3, 2, 3, 7), (7, 2, 2, 2, 7), (6, 3, 2, 3, 6), (7, 2, 1, 1, 7), (6, 2, 2, 2, 6), (6, 2, 1, 1, 6)]


-- 2026-01-06 14:50:07 --写入特征标:(2, 4, 1, 1, 4)
[(3, 5, 2, 3, 5), (3, 4, 2, 3, 4), (2, 5, 2, 2, 5), (2, 5, 1, 1, 5), (2, 4, 2, 2, 4), (2, 4, 1, 1, 4), (5, 3, 2, 3, 5), (5, 2, 2, 2, 5), (4, 3, 2, 3, 4), (5, 2, 1, 1, 5), (4, 2, 2, 2, 4), (4, 2, 1, 1, 4)]


-- 2026-01-06 15:30:05 --写入特征标:(1, 5, 1, 1, 5)
[(5, 1, 1, 1, 5), (6, 1, 1, 1, 6), (5, 2, 1, 2, 5), (5, 1, 2, 2, 5), (6, 2, 1, 2, 6), (6, 1, 2, 2, 6), (1, 5, 1, 1, 5), (1, 6, 1, 1, 6), (2, 5, 1, 2, 5), (1, 5, 2, 2, 5), (2, 6, 1, 2, 6), (1, 6, 2, 2, 6)]


-- 2026-01-06 22:14:51 --写入特征标:(9, 1, 5, 5, 1)
[(9, 1, 5, 5, 1), (9, 2, 5, 5, 2), (9, 1, 6, 6, 1), (9, 2, 6, 6, 2), (9, 1, 5, 1, 5), (9, 1, 6, 1, 6), (9, 2, 5, 2, 5), (9, 2, 6, 2, 6), (9, 5, 1, 5, 1), (9, 5, 2, 5, 2), (9, 6, 1, 6, 1), (9, 6, 2, 6, 2), (9, 5, 1, 1, 5), (9, 6, 1, 1, 6), (9, 5, 2, 2, 5), (9, 6, 2, 2, 6)]


-- 2026-01-06 22:33:45 --写入特征标:(7, 1, 5, 5, 1)
[(7, 1, 5, 5, 1), (7, 2, 5, 5, 2), (7, 1, 6, 6, 1), (7, 2, 6, 6, 2), (7, 1, 5, 1, 5), (7, 1, 6, 1, 6), (7, 2, 5, 2, 5), (7, 2, 6, 2, 6), (7, 5, 1, 5, 1), (7, 5, 2, 5, 2), (7, 6, 1, 6, 1), (7, 6, 2, 6, 2), (7, 5, 1, 1, 5), (7, 6, 1, 1, 6), (7, 5, 2, 2, 5), (7, 6, 2, 2, 6)]


-- 2026-01-06 22:34:09 --写入特征标:(6, 1, 5, 5, 1)
[(6, 1, 5, 5, 1), (6, 2, 5, 5, 2), (6, 1, 6, 6, 1), (7, 1, 6, 7, 1), (6, 2, 6, 6, 2), (7, 2, 6, 7, 2), (6, 1, 5, 1, 5), (6, 1, 6, 1, 6), (7, 1, 6, 1, 7), (6, 2, 5, 2, 5), (6, 2, 6, 2, 6), (7, 2, 6, 2, 7), (6, 5, 1, 5, 1), (6, 5, 2, 5, 2), (6, 6, 1, 6, 1), (7, 6, 1, 7, 1), (6, 6, 2, 6, 2), (7, 6, 2, 7, 2), (6, 5, 1, 1, 5), (6, 6, 1, 1, 6), (7, 6, 1, 1, 7), (6, 5, 2, 2, 5), (6, 6, 2, 2, 6), (7, 6, 2, 2, 7)]


-- 2026-01-06 22:38:26 --写入特征标:(7, 1, 2, 2, 1)
[(7, 2, 3, 2, 3), (7, 2, 3, 3, 2), (7, 1, 3, 1, 3), (7, 2, 2, 2, 2), (7, 1, 3, 3, 1), (7, 1, 2, 1, 2), (7, 1, 2, 2, 1), (7, 3, 2, 2, 3), (7, 3, 2, 3, 2), (7, 3, 1, 1, 3), (7, 2, 2, 2, 2), (7, 3, 1, 3, 1), (7, 2, 1, 1, 2), (7, 2, 1, 2, 1)]


-- 2026-01-06 22:52:06 --写入特征标:(5, 1, 5, 5, 1)
[(5, 5, 1, 5, 1), (5, 5, 2, 5, 2), (6, 5, 1, 6, 1), (5, 6, 1, 6, 1), (6, 5, 2, 6, 2), (5, 6, 2, 6, 2), (5, 5, 1, 1, 5), (6, 5, 1, 1, 6), (5, 6, 1, 1, 6), (5, 5, 2, 2, 5), (6, 5, 2, 2, 6), (5, 6, 2, 2, 6), (5, 1, 5, 5, 1), (5, 2, 5, 5, 2), (6, 1, 5, 6, 1), (5, 1, 6, 6, 1), (6, 2, 5, 6, 2), (5, 2, 6, 6, 2), (5, 1, 5, 1, 5), (6, 1, 5, 1, 6), (5, 1, 6, 1, 6), (5, 2, 5, 2, 5), (6, 2, 5, 2, 6), (5, 2, 6, 2, 6)]


-- 2026-01-07 10:50:32 --写入特征标:(3, 2, 2, 3, 4)
[(3, 2, 2, 3, 4), (4, 2, 2, 4, 4), (5, 2, 2, 4, 5)]


-- 2026-01-07 11:47:16 --写入特征标:(1, 1, 5, 5, 1)
[(1, 1, 5, 5, 1), (2, 1, 5, 5, 2), (1, 2, 5, 5, 2), (1, 1, 6, 6, 1), (2, 1, 6, 6, 2), (1, 2, 6, 6, 2), (1, 1, 5, 1, 5), (1, 1, 6, 1, 6), (2, 1, 5, 2, 5), (1, 2, 5, 2, 5), (2, 1, 6, 2, 6), (1, 2, 6, 2, 6), (5, 1, 1, 5, 1), (5, 2, 1, 5, 2), (5, 1, 2, 5, 2), (6, 1, 1, 6, 1), (6, 2, 1, 6, 2), (6, 1, 2, 6, 2), (5, 1, 1, 1, 5), (6, 1, 1, 1, 6), (5, 2, 1, 2, 5), (5, 1, 2, 2, 5), (6, 2, 1, 2, 6), (6, 1, 2, 2, 6), (1, 5, 1, 5, 1), (2, 5, 1, 5, 2), (1, 5, 2, 5, 2), (1, 6, 1, 6, 1), (2, 6, 1, 6, 2), (1, 6, 2, 6, 2), (1, 5, 1, 1, 5), (1, 6, 1, 1, 6), (2, 5, 1, 2, 5), (1, 5, 2, 2, 5), (2, 6, 1, 2, 6), (1, 6, 2, 2, 6)]


-- 2026-01-07 12:15:51 --写入特征标:(1, 9, 5, 5, 9)
[(9, 1, 5, 5, 9), (10, 1, 5, 5, 10), (9, 1, 6, 6, 9), (10, 1, 6, 6, 10), (5, 9, 1, 5, 9), (5, 10, 1, 5, 10), (6, 9, 1, 6, 9), (6, 10, 1, 6, 10), (1, 9, 5, 5, 9), (1, 10, 5, 5, 10), (1, 9, 6, 6, 9), (1, 10, 6, 6, 10), (9, 5, 1, 5, 9), (10, 5, 1, 5, 10), (9, 6, 1, 6, 9), (10, 6, 1, 6, 10)]


-- 2026-01-07 15:03:30 --写入特征标:(1, 6, 5, 5, 8)
[(7, 1, 6, 7, 8), (6, 1, 6, 6, 8), (6, 1, 5, 5, 8), (6, 7, 1, 7, 8), (6, 6, 1, 6, 8), (5, 6, 1, 5, 8), (1, 7, 6, 7, 8), (1, 6, 6, 6, 8), (1, 6, 5, 5, 8), (7, 6, 1, 7, 8), (6, 6, 1, 6, 8), (6, 5, 1, 5, 8)]


-- 2026-01-07 15:06:19 --写入特征标:(1, 6, 5, 5, 6)
[(8, 1, 7, 7, 8), (8, 1, 6, 6, 8), (7, 1, 7, 7, 7), (7, 1, 6, 6, 7), (7, 1, 6, 7, 6), (7, 1, 6, 6, 7), (6, 1, 7, 6, 7), (6, 1, 6, 6, 6), (7, 1, 5, 5, 7), (6, 1, 5, 5, 6), (7, 8, 1, 7, 8), (7, 7, 1, 7, 7), (6, 8, 1, 6, 8), (6, 7, 1, 6, 7), (6, 7, 1, 7, 6), (7, 6, 1, 6, 7), (6, 7, 1, 6, 7), (6, 6, 1, 6, 6), (5, 7, 1, 5, 7), (5, 6, 1, 5, 6), (1, 8, 7, 7, 8), (1, 8, 6, 6, 8), (1, 7, 7, 7, 7), (1, 7, 6, 6, 7), (1, 7, 6, 7, 6), (1, 7, 6, 6, 7), (1, 6, 7, 6, 7), (1, 6, 6, 6, 6), (1, 7, 5, 5, 7), (1, 6, 5, 5, 6), (8, 7, 1, 7, 8), (8, 6, 1, 6, 8), (7, 7, 1, 7, 7), (7, 6, 1, 6, 7), (7, 6, 1, 7, 6), (7, 6, 1, 6, 7), (6, 7, 1, 6, 7), (6, 6, 1, 6, 6), (7, 5, 1, 5, 7), (6, 5, 1, 5, 6)]


-- 2026-01-07 15:24:33 --写入特征标:(6, 7, 1, 6, 7)
[(7, 8, 1, 7, 8), (8, 7, 1, 7, 8), (6, 8, 1, 6, 8), (7, 7, 1, 7, 7), (8, 6, 1, 6, 8), (6, 7, 1, 6, 7), (7, 6, 1, 6, 7)]


-- 2026-01-07 16:16:57 --写入特征标:(1, 5, 9, 9, 5)
[(1, 5, 9, 9, 5), (1, 6, 9, 9, 6), (1, 5, 10, 10, 5), (1, 6, 10, 10, 6), (1, 5, 9, 5, 9), (1, 5, 10, 5, 10), (1, 6, 9, 6, 9), (1, 6, 10, 6, 10), (9, 1, 5, 9, 5), (9, 1, 6, 9, 6), (10, 1, 5, 10, 5), (10, 1, 6, 10, 6), (9, 1, 5, 5, 9), (10, 1, 5, 5, 10), (9, 1, 6, 6, 9), (10, 1, 6, 6, 10), (5, 9, 1, 9, 5), (6, 9, 1, 9, 6), (5, 10, 1, 10, 5), (6, 10, 1, 10, 6), (5, 9, 1, 5, 9), (5, 10, 1, 5, 10), (6, 9, 1, 6, 9), (6, 10, 1, 6, 10), (5, 1, 9, 9, 5), (6, 1, 9, 9, 6), (5, 1, 10, 10, 5), (6, 1, 10, 10, 6), (5, 1, 9, 5, 9), (5, 1, 10, 5, 10), (6, 1, 9, 6, 9), (6, 1, 10, 6, 10), (1, 9, 5, 9, 5), (1, 9, 6, 9, 6), (1, 10, 5, 10, 5), (1, 10, 6, 10, 6), (1, 9, 5, 5, 9), (1, 10, 5, 5, 10), (1, 9, 6, 6, 9), (1, 10, 6, 6, 10), (9, 5, 1, 9, 5), (9, 6, 1, 9, 6), (10, 5, 1, 10, 5), (10, 6, 1, 10, 6), (9, 5, 1, 5, 9), (10, 5, 1, 5, 10), (9, 6, 1, 6, 9), (10, 6, 1, 6, 10)]


-- 2026-01-07 16:18:43 --写入特征标:(1, 5, 6, 6, 5)
[(1, 6, 7, 6, 7), (1, 6, 7, 7, 6), (1, 5, 7, 5, 7), (1, 6, 6, 6, 6), (1, 5, 7, 7, 5), (1, 5, 6, 5, 6), (1, 5, 6, 6, 5), (7, 1, 6, 6, 7), (7, 1, 6, 7, 6), (7, 1, 5, 5, 7), (6, 1, 6, 6, 6), (7, 1, 5, 7, 5), (6, 1, 5, 5, 6), (6, 1, 5, 6, 5), (6, 7, 1, 6, 7), (6, 7, 1, 7, 6), (5, 7, 1, 5, 7), (6, 6, 1, 6, 6), (5, 7, 1, 7, 5), (5, 6, 1, 5, 6), (5, 6, 1, 6, 5), (6, 1, 7, 6, 7), (6, 1, 7, 7, 6), (5, 1, 7, 5, 7), (6, 1, 6, 6, 6), (5, 1, 7, 7, 5), (5, 1, 6, 5, 6), (5, 1, 6, 6, 5), (1, 7, 6, 6, 7), (1, 7, 6, 7, 6), (1, 7, 5, 5, 7), (1, 6, 6, 6, 6), (1, 7, 5, 7, 5), (1, 6, 5, 5, 6), (1, 6, 5, 6, 5), (7, 6, 1, 6, 7), (7, 6, 1, 7, 6), (7, 5, 1, 5, 7), (6, 6, 1, 6, 6), (7, 5, 1, 7, 5), (6, 5, 1, 5, 6), (6, 5, 1, 6, 5)]


-- 2026-01-07 19:40:02 --写入特征标:(9, 5, 1, 9, 5)
[(9, 5, 1, 9, 5), (9, 6, 1, 9, 6), (10, 5, 1, 10, 5), (10, 6, 1, 10, 6), (9, 5, 1, 5, 9), (10, 5, 1, 5, 10), (9, 6, 1, 6, 9), (10, 6, 1, 6, 10)]


-- 2026-01-07 19:45:01 --写入特征标:(4, 2, 1, 4, 2)
[(4, 2, 1, 4, 2), (4, 3, 1, 4, 3), (5, 2, 1, 5, 2), (5, 3, 1, 5, 3), (4, 2, 1, 2, 4), (5, 2, 1, 2, 5), (4, 3, 1, 3, 4), (5, 3, 1, 3, 5)]


-- 2026-01-07 19:50:51 --写入特征标:(5, 1, 1, 5, 1)
[(5, 1, 1, 5, 1), (5, 2, 1, 5, 2), (5, 1, 2, 5, 2), (6, 1, 1, 6, 1), (6, 2, 1, 6, 2), (6, 1, 2, 6, 2), (5, 1, 1, 1, 5), (6, 1, 1, 1, 6), (5, 2, 1, 2, 5), (5, 1, 2, 2, 5), (6, 2, 1, 2, 6), (6, 1, 2, 2, 6)]


-- 2026-01-07 19:55:09 --写入特征标:(4, 4, 1, 4, 4)
[(4, 4, 1, 4, 4), (5, 4, 1, 4, 5), (4, 5, 1, 4, 5), (5, 4, 1, 5, 4), (4, 5, 1, 5, 4), (5, 5, 1, 5, 5)]


-- 2026-01-07 20:02:09 --写入特征标:(4, 8, 1, 4, 8)
[(4, 8, 1, 4, 8), (4, 9, 1, 4, 9), (5, 8, 1, 5, 8), (5, 9, 1, 5, 9), (8, 4, 1, 4, 8), (9, 4, 1, 4, 9), (8, 5, 1, 5, 8), (9, 5, 1, 5, 9)]


-- 2026-01-07 20:03:24 --写入特征标:(4, 6, 1, 4, 6)
[(4, 6, 1, 4, 6), (4, 7, 1, 4, 7), (5, 6, 1, 5, 6), (5, 7, 1, 5, 7), (6, 4, 1, 4, 6), (7, 4, 1, 4, 7), (6, 5, 1, 5, 6), (7, 5, 1, 5, 7)]


-- 2026-01-07 20:09:14 --写入特征标:(4, 5, 1, 4, 5)
[(5, 6, 1, 5, 6), (6, 5, 1, 5, 6), (4, 6, 1, 4, 6), (5, 5, 1, 5, 5), (6, 4, 1, 4, 6), (4, 5, 1, 4, 5), (5, 4, 1, 4, 5)]


-- 2026-01-07 20:27:29 --写入特征标:(9, 1, 5, 9, 1)
[(9, 1, 5, 9, 1), (9, 2, 5, 9, 2), (10, 1, 5, 10, 1), (10, 2, 5, 10, 2), (9, 1, 5, 1, 9), (10, 1, 5, 1, 10), (9, 2, 5, 2, 9), (10, 2, 5, 2, 10), (9, 5, 1, 9, 1), (9, 5, 2, 9, 2), (10, 5, 1, 10, 1), (10, 5, 2, 10, 2), (9, 5, 1, 1, 9), (10, 5, 1, 1, 10), (9, 5, 2, 2, 9), (10, 5, 2, 2, 10)]


-- 2026-01-07 20:29:44 --写入特征标:(6, 3, 5, 6, 3)
[(6, 3, 5, 6, 3), (6, 4, 5, 6, 4), (7, 3, 5, 7, 3), (7, 4, 5, 7, 4), (6, 3, 5, 3, 6), (7, 3, 5, 3, 7), (6, 4, 5, 4, 6), (7, 4, 5, 4, 7), (6, 5, 3, 6, 3), (6, 5, 4, 6, 4), (7, 5, 3, 7, 3), (7, 5, 4, 7, 4), (6, 5, 3, 3, 6), (7, 5, 3, 3, 7), (6, 5, 4, 4, 6), (7, 5, 4, 4, 7)]


-- 2026-01-07 20:31:34 --写入特征标:(6, 4, 5, 6, 4)
[(7, 5, 5, 7, 5), (7, 4, 5, 7, 4), (7, 5, 4, 7, 4), (6, 5, 5, 6, 5), (6, 4, 5, 6, 4), (6, 5, 4, 6, 4), (7, 5, 5, 5, 7), (6, 5, 5, 5, 6), (7, 4, 5, 4, 7), (7, 5, 4, 4, 7), (6, 4, 5, 4, 6), (6, 5, 4, 4, 6)]


-- 2026-01-07 20:32:44 --写入特征标:(8, 4, 5, 8, 4)
[(9, 5, 5, 9, 5), (9, 4, 5, 9, 4), (9, 5, 4, 9, 4), (8, 5, 5, 8, 5), (8, 4, 5, 8, 4), (8, 5, 4, 8, 4), (9, 5, 5, 5, 9), (8, 5, 5, 5, 8), (9, 4, 5, 4, 9), (9, 5, 4, 4, 9), (8, 4, 5, 4, 8), (8, 5, 4, 4, 8)]


-- 2026-01-07 20:59:54 --写入特征标:(5, 1, 9, 5, 1)
[(9, 1, 5, 5, 1), (9, 2, 5, 5, 2), (9, 1, 6, 6, 1), (9, 2, 6, 6, 2), (9, 1, 5, 1, 5), (9, 1, 6, 1, 6), (9, 2, 5, 2, 5), (9, 2, 6, 2, 6), (5, 9, 1, 5, 1), (5, 9, 2, 5, 2), (6, 9, 1, 6, 1), (6, 9, 2, 6, 2), (5, 9, 1, 1, 5), (6, 9, 1, 1, 6), (5, 9, 2, 2, 5), (6, 9, 2, 2, 6), (5, 1, 9, 5, 1), (5, 2, 9, 5, 2), (6, 1, 9, 6, 1), (6, 2, 9, 6, 2), (5, 1, 9, 1, 5), (6, 1, 9, 1, 6), (5, 2, 9, 2, 5), (6, 2, 9, 2, 6), (9, 5, 1, 5, 1), (9, 5, 2, 5, 2), (9, 6, 1, 6, 1), (9, 6, 2, 6, 2), (9, 5, 1, 1, 5), (9, 6, 1, 1, 6), (9, 5, 2, 2, 5), (9, 6, 2, 2, 6)]


-- 2026-01-07 21:08:04 --写入特征标:(2, 1, 8, 2, 1)
[(8, 2, 3, 2, 3), (8, 2, 3, 3, 2), (8, 1, 3, 1, 3), (8, 2, 2, 2, 2), (8, 1, 3, 3, 1), (8, 1, 2, 1, 2), (8, 1, 2, 2, 1), (3, 8, 2, 2, 3), (3, 8, 2, 3, 2), (3, 8, 1, 1, 3), (2, 8, 2, 2, 2), (3, 8, 1, 3, 1), (2, 8, 1, 1, 2), (2, 8, 1, 2, 1), (3, 2, 8, 2, 3), (3, 2, 8, 3, 2), (3, 1, 8, 1, 3), (2, 2, 8, 2, 2), (3, 1, 8, 3, 1), (2, 1, 8, 1, 2), (2, 1, 8, 2, 1), (8, 3, 2, 2, 3), (8, 3, 2, 3, 2), (8, 3, 1, 1, 3), (8, 2, 2, 2, 2), (8, 3, 1, 3, 1), (8, 2, 1, 1, 2), (8, 2, 1, 2, 1)]


-- 2026-01-07 21:11:19 --写入特征标:(5, 1, 6, 5, 1)
[(6, 6, 2, 6, 2), (6, 6, 1, 6, 1), (5, 6, 2, 5, 2), (6, 5, 2, 5, 2), (5, 6, 1, 5, 1), (6, 5, 1, 5, 1), (6, 6, 2, 2, 6), (5, 6, 2, 2, 5), (6, 5, 2, 2, 5), (6, 6, 1, 1, 6), (5, 6, 1, 1, 5), (6, 5, 1, 1, 5), (6, 2, 6, 6, 2), (6, 1, 6, 6, 1), (5, 2, 6, 5, 2), (6, 2, 5, 5, 2), (5, 1, 6, 5, 1), (6, 1, 5, 5, 1), (6, 2, 6, 2, 6), (5, 2, 6, 2, 5), (6, 2, 5, 2, 5), (6, 1, 6, 1, 6), (5, 1, 6, 1, 5), (6, 1, 5, 1, 5)]


-- 2026-01-07 21:28:41 --写入特征标:(2, 1, 6, 2, 1)
[(6, 2, 3, 2, 3), (6, 2, 3, 3, 2), (6, 1, 3, 1, 3), (6, 2, 2, 2, 2), (6, 1, 3, 3, 1), (6, 1, 2, 1, 2), (6, 1, 2, 2, 1), (3, 6, 2, 2, 3), (3, 6, 2, 3, 2), (3, 6, 1, 1, 3), (2, 6, 2, 2, 2), (3, 6, 1, 3, 1), (2, 6, 1, 1, 2), (2, 6, 1, 2, 1), (3, 2, 6, 2, 3), (3, 2, 6, 3, 2), (3, 1, 6, 1, 3), (2, 2, 6, 2, 2), (3, 1, 6, 3, 1), (2, 1, 6, 1, 2), (2, 1, 6, 2, 1), (6, 3, 2, 2, 3), (6, 3, 2, 3, 2), (6, 3, 1, 1, 3), (6, 2, 2, 2, 2), (6, 3, 1, 3, 1), (6, 2, 1, 1, 2), (6, 2, 1, 2, 1)]


-- 2026-01-08 14:34:16 --写入特征标:(1, 1, 5, 1, 1)
[(1, 1, 5, 1, 1), (2, 1, 5, 1, 2), (1, 2, 5, 1, 2), (2, 1, 5, 2, 1), (1, 2, 5, 2, 1), (2, 2, 5, 2, 2), (5, 1, 1, 1, 1), (5, 2, 1, 1, 2), (5, 1, 2, 1, 2), (5, 2, 1, 2, 1), (5, 1, 2, 2, 1), (5, 2, 2, 2, 2), (1, 5, 1, 1, 1), (2, 5, 1, 1, 2), (1, 5, 2, 1, 2), (2, 5, 1, 2, 1), (1, 5, 2, 2, 1), (2, 5, 2, 2, 2)]


-- 2026-01-08 14:41:40 --写入特征标:(1, 9, 5, 1, 9)
[(9, 1, 5, 1, 9), (10, 1, 5, 1, 10), (9, 2, 5, 2, 9), (10, 2, 5, 2, 10), (5, 9, 1, 1, 9), (5, 10, 1, 1, 10), (5, 9, 2, 2, 9), (5, 10, 2, 2, 10), (1, 9, 5, 1, 9), (1, 10, 5, 1, 10), (2, 9, 5, 2, 9), (2, 10, 5, 2, 10), (9, 5, 1, 1, 9), (10, 5, 1, 1, 10), (9, 5, 2, 2, 9), (10, 5, 2, 2, 10)]


-- 2026-01-08 15:19:56 --写入特征标:(1, 7, 2, 1, 7)
[(8, 2, 2, 2, 8), (7, 2, 2, 2, 7), (8, 1, 2, 1, 8), (8, 2, 1, 1, 8), (7, 1, 2, 1, 7), (7, 2, 1, 1, 7), (2, 8, 2, 2, 8), (2, 7, 2, 2, 7), (1, 8, 2, 1, 8), (2, 8, 1, 1, 8), (1, 7, 2, 1, 7), (2, 7, 1, 1, 7)]


-- 2026-01-08 16:29:42 --写入特征标:(1, 3, 2, 1, 3)
[(4, 2, 2, 2, 4), (3, 2, 2, 2, 3), (4, 1, 2, 1, 4), (4, 2, 1, 1, 4), (3, 1, 2, 1, 3), (3, 2, 1, 1, 3), (2, 4, 2, 2, 4), (2, 3, 2, 2, 3), (1, 4, 2, 1, 4), (2, 4, 1, 1, 4), (1, 3, 2, 1, 3), (2, 3, 1, 1, 3)]


-- 2026-01-08 16:31:30 --写入特征标:(1, 5, 5, 1, 5)
[(1, 5, 5, 1, 5), (1, 6, 5, 1, 6), (1, 5, 6, 1, 6), (2, 5, 5, 2, 5), (2, 6, 5, 2, 6), (2, 5, 6, 2, 6), (5, 5, 1, 1, 5), (6, 5, 1, 1, 6), (5, 6, 1, 1, 6), (5, 5, 2, 2, 5), (6, 5, 2, 2, 6), (5, 6, 2, 2, 6), (5, 1, 5, 1, 5), (6, 1, 5, 1, 6), (5, 1, 6, 1, 6), (5, 2, 5, 2, 5), (6, 2, 5, 2, 6), (5, 2, 6, 2, 6)]


-- 2026-01-08 17:10:32 --写入特征标:(1, 5, 9, 1, 5)
[(1, 5, 9, 1, 5), (1, 6, 9, 1, 6), (2, 5, 9, 2, 5), (2, 6, 9, 2, 6), (9, 1, 5, 1, 5), (9, 1, 6, 1, 6), (9, 2, 5, 2, 5), (9, 2, 6, 2, 6), (5, 9, 1, 1, 5), (6, 9, 1, 1, 6), (5, 9, 2, 2, 5), (6, 9, 2, 2, 6), (5, 1, 9, 1, 5), (6, 1, 9, 1, 6), (5, 2, 9, 2, 5), (6, 2, 9, 2, 6), (1, 9, 5, 1, 5), (1, 9, 6, 1, 6), (2, 9, 5, 2, 5), (2, 9, 6, 2, 6), (9, 5, 1, 1, 5), (9, 6, 1, 1, 6), (9, 5, 2, 2, 5), (9, 6, 2, 2, 6)]


-- 2026-01-08 17:18:24 --写入特征标:(1, 5, 7, 1, 5)
[(1, 5, 7, 1, 5), (1, 6, 7, 1, 6), (2, 5, 7, 2, 5), (2, 6, 7, 2, 6), (7, 1, 5, 1, 5), (7, 1, 6, 1, 6), (7, 2, 5, 2, 5), (7, 2, 6, 2, 6), (5, 7, 1, 1, 5), (6, 7, 1, 1, 6), (5, 7, 2, 2, 5), (6, 7, 2, 2, 6), (5, 1, 7, 1, 5), (6, 1, 7, 1, 6), (5, 2, 7, 2, 5), (6, 2, 7, 2, 6), (1, 7, 5, 1, 5), (1, 7, 6, 1, 6), (2, 7, 5, 2, 5), (2, 7, 6, 2, 6), (7, 5, 1, 1, 5), (7, 6, 1, 1, 6), (7, 5, 2, 2, 5), (7, 6, 2, 2, 6)]


-- 2026-01-08 17:19:21 --写入特征标:(1, 3, 7, 1, 3)
[(1, 3, 7, 1, 3), (1, 4, 7, 1, 4), (2, 3, 7, 2, 3), (2, 4, 7, 2, 4), (7, 1, 3, 1, 3), (7, 1, 4, 1, 4), (7, 2, 3, 2, 3), (7, 2, 4, 2, 4), (3, 7, 1, 1, 3), (4, 7, 1, 1, 4), (3, 7, 2, 2, 3), (4, 7, 2, 2, 4), (3, 1, 7, 1, 3), (4, 1, 7, 1, 4), (3, 2, 7, 2, 3), (4, 2, 7, 2, 4), (1, 7, 3, 1, 3), (1, 7, 4, 1, 4), (2, 7, 3, 2, 3), (2, 7, 4, 2, 4), (7, 3, 1, 1, 3), (7, 4, 1, 1, 4), (7, 3, 2, 2, 3), (7, 4, 2, 2, 4)]


-- 2026-01-08 17:22:25 --写入特征标:(1, 2, 7, 1, 2)
[(2, 3, 7, 2, 3), (3, 2, 7, 2, 3), (1, 3, 7, 1, 3), (2, 2, 7, 2, 2), (3, 1, 7, 1, 3), (1, 2, 7, 1, 2), (2, 1, 7, 1, 2), (7, 2, 3, 2, 3), (7, 3, 2, 2, 3), (7, 1, 3, 1, 3), (7, 2, 2, 2, 2), (7, 3, 1, 1, 3), (7, 1, 2, 1, 2), (7, 2, 1, 1, 2), (2, 7, 3, 2, 3), (3, 7, 2, 2, 3), (1, 7, 3, 1, 3), (2, 7, 2, 2, 2), (3, 7, 1, 1, 3), (1, 7, 2, 1, 2), (2, 7, 1, 1, 2)]


-- 2026-01-08 19:33:40 --写入特征标:(1, 5, 6, 1, 5)
[(2, 6, 6, 2, 6), (2, 5, 6, 2, 5), (2, 6, 5, 2, 5), (1, 6, 6, 1, 6), (1, 5, 6, 1, 5), (1, 6, 5, 1, 5), (6, 6, 2, 2, 6), (5, 6, 2, 2, 5), (6, 5, 2, 2, 5), (6, 6, 1, 1, 6), (5, 6, 1, 1, 5), (6, 5, 1, 1, 5), (6, 2, 6, 2, 6), (5, 2, 6, 2, 5), (6, 2, 5, 2, 5), (6, 1, 6, 1, 6), (5, 1, 6, 1, 5), (6, 1, 5, 1, 5)]


-- 2026-01-08 19:59:00 --写入特征标:(9, 5, 1, 5, 9)
[(9, 5, 1, 5, 9), (10, 5, 1, 5, 10), (9, 6, 1, 6, 9), (10, 6, 1, 6, 10)]


-- 2026-01-08 20:07:30 --写入特征标:(8, 5, 1, 5, 6)
[(8, 7, 1, 6, 7), (8, 6, 1, 6, 6), (8, 5, 1, 5, 6)]


-- 2026-01-08 20:07:56 --写入特征标:(6, 5, 1, 5, 6)
[(8, 7, 1, 7, 8), (7, 7, 1, 7, 7), (8, 6, 1, 6, 8), (6, 7, 1, 6, 7), (7, 6, 1, 6, 7), (7, 6, 1, 7, 6), (7, 6, 1, 6, 7), (6, 6, 1, 6, 6), (7, 5, 1, 5, 7), (6, 5, 1, 5, 6)]


-- 2026-01-08 20:15:06 --写入特征标:(6, 3, 1, 3, 4)
[(6, 5, 1, 4, 5), (6, 4, 1, 4, 4), (6, 3, 1, 3, 4)]


-- 2026-01-08 20:15:21 --写入特征标:(4, 3, 1, 3, 4)
[(6, 5, 1, 5, 6), (5, 5, 1, 5, 5), (6, 4, 1, 4, 6), (4, 5, 1, 4, 5), (5, 4, 1, 4, 5), (5, 4, 1, 5, 4), (5, 4, 1, 4, 5), (4, 4, 1, 4, 4), (5, 3, 1, 3, 5), (4, 3, 1, 3, 4)]


-- 2026-01-08 20:20:00 --写入特征标:(5, 1, 1, 1, 5)
[(5, 1, 1, 1, 5), (6, 1, 1, 1, 6), (5, 2, 1, 2, 5), (5, 1, 2, 2, 5), (6, 2, 1, 2, 6), (6, 1, 2, 2, 6)]


-- 2026-01-08 20:38:30 --写入特征标:(5, 9, 1, 9, 5)
[(5, 9, 1, 9, 5), (6, 9, 1, 9, 6), (5, 10, 1, 10, 5), (6, 10, 1, 10, 6), (5, 9, 1, 5, 9), (5, 10, 1, 5, 10), (6, 9, 1, 6, 9), (6, 10, 1, 6, 10), (9, 5, 1, 9, 5), (9, 6, 1, 9, 6), (10, 5, 1, 10, 5), (10, 6, 1, 10, 6), (9, 5, 1, 5, 9), (10, 5, 1, 5, 10), (9, 6, 1, 6, 9), (10, 6, 1, 6, 10)]


-- 2026-01-08 20:41:51 --写入特征标:(2, 3, 1, 3, 2)
[(3, 4, 1, 4, 3), (4, 3, 1, 4, 3), (2, 4, 1, 4, 2), (3, 3, 1, 3, 3), (4, 2, 1, 4, 2), (2, 3, 1, 3, 2), (3, 2, 1, 3, 2), (3, 4, 1, 3, 4), (4, 3, 1, 3, 4), (2, 4, 1, 2, 4), (3, 3, 1, 3, 3), (4, 2, 1, 2, 4), (2, 3, 1, 2, 3), (3, 2, 1, 2, 3)]


-- 2026-01-08 20:47:16 --写入特征标:(5, 6, 1, 6, 5)
[(6, 7, 1, 7, 6), (7, 6, 1, 7, 6), (5, 7, 1, 7, 5), (6, 6, 1, 6, 6), (7, 5, 1, 7, 5), (5, 6, 1, 6, 5), (6, 5, 1, 6, 5), (6, 7, 1, 6, 7), (7, 6, 1, 6, 7), (5, 7, 1, 5, 7), (6, 6, 1, 6, 6), (7, 5, 1, 5, 7), (5, 6, 1, 5, 6), (6, 5, 1, 5, 6)]


-- 2026-01-08 20:50:44 --写入特征标:(9, 1, 5, 1, 9)
[(9, 1, 5, 1, 9), (10, 1, 5, 1, 10), (9, 2, 5, 2, 9), (10, 2, 5, 2, 10), (9, 5, 1, 1, 9), (10, 5, 1, 1, 10), (9, 5, 2, 2, 9), (10, 5, 2, 2, 10)]


-- 2026-01-08 21:04:15 --写入特征标:(9, 1, 2, 1, 9)
[(10, 2, 2, 2, 10), (9, 2, 2, 2, 9), (10, 1, 2, 1, 10), (10, 2, 1, 1, 10), (9, 1, 2, 1, 9), (9, 2, 1, 1, 9)]


-- 2026-01-08 21:06:08 --写入特征标:(6, 1, 5, 1, 6)
[(7, 2, 5, 2, 7), (6, 2, 5, 2, 6), (7, 1, 5, 1, 7), (6, 1, 5, 1, 6), (7, 5, 2, 2, 7), (6, 5, 2, 2, 6), (7, 5, 1, 1, 7), (6, 5, 1, 1, 6)]


-- 2026-01-08 21:08:16 --写入特征标:(6, 1, 2, 1, 6)
[(7, 2, 2, 2, 7), (6, 2, 2, 2, 6), (7, 1, 2, 1, 7), (7, 2, 1, 1, 7), (6, 1, 2, 1, 6), (6, 2, 1, 1, 6)]


-- 2026-01-08 21:44:54 --写入特征标:(8, 5, 4, 5, 6)
[(8, 7, 4, 6, 7), (8, 6, 4, 6, 6), (8, 5, 4, 5, 6)]


-- 2026-01-08 21:47:19 --写入特征标:(2, 4, 0, 4, 2)
[(2, 4, 0, 4, 2), (3, 4, 0, 4, 3), (2, 5, 0, 5, 2), (3, 5, 0, 5, 3), (2, 4, 0, 2, 4), (2, 5, 0, 2, 5), (3, 4, 0, 3, 4), (3, 5, 0, 3, 5), (4, 2, 0, 4, 2), (4, 3, 0, 4, 3), (5, 2, 0, 5, 2), (5, 3, 0, 5, 3), (4, 2, 0, 2, 4), (5, 2, 0, 2, 5), (4, 3, 0, 3, 4), (5, 3, 0, 3, 5)]


-- 2026-01-08 21:57:36 --写入特征标:(5, 1, 9, 1, 5)
[(9, 1, 5, 1, 5), (9, 1, 6, 1, 6), (9, 2, 5, 2, 5), (9, 2, 6, 2, 6), (5, 9, 1, 1, 5), (6, 9, 1, 1, 6), (5, 9, 2, 2, 5), (6, 9, 2, 2, 6), (5, 1, 9, 1, 5), (6, 1, 9, 1, 6), (5, 2, 9, 2, 5), (6, 2, 9, 2, 6), (9, 5, 1, 1, 5), (9, 6, 1, 1, 6), (9, 5, 2, 2, 5), (9, 6, 2, 2, 6)]


-- 2026-01-08 21:59:25 --写入特征标:(2, 1, 7, 2, 3)
[(7, 1, 2, 2, 3), (7, 1, 3, 3, 3), (7, 1, 4, 3, 4), (2, 7, 1, 2, 3), (3, 7, 1, 3, 3), (4, 7, 1, 3, 4), (2, 1, 7, 2, 3), (3, 1, 7, 3, 3), (4, 1, 7, 3, 4), (7, 2, 1, 2, 3), (7, 3, 1, 3, 3), (7, 4, 1, 3, 4)]


-- 2026-01-08 22:00:49 --写入特征标:(2, 1, 7, 1, 2)
[(7, 1, 2, 1, 2), (7, 1, 3, 1, 3), (7, 2, 2, 2, 2), (7, 3, 2, 2, 3), (7, 2, 3, 2, 3), (7, 2, 3, 2, 3), (7, 2, 3, 3, 2), (7, 3, 3, 3, 3), (7, 2, 4, 2, 4), (7, 3, 4, 3, 4), (2, 7, 1, 1, 2), (3, 7, 1, 1, 3), (2, 7, 2, 2, 2), (3, 7, 2, 2, 3), (2, 7, 3, 2, 3), (3, 7, 2, 2, 3), (3, 7, 2, 3, 2), (3, 7, 3, 3, 3), (4, 7, 2, 2, 4), (4, 7, 3, 3, 4), (2, 1, 7, 1, 2), (3, 1, 7, 1, 3), (2, 2, 7, 2, 2), (3, 2, 7, 2, 3), (2, 3, 7, 2, 3), (3, 2, 7, 2, 3), (3, 2, 7, 3, 2), (3, 3, 7, 3, 3), (4, 2, 7, 2, 4), (4, 3, 7, 3, 4), (7, 2, 1, 1, 2), (7, 3, 1, 1, 3), (7, 2, 2, 2, 2), (7, 3, 2, 2, 3), (7, 2, 3, 2, 3), (7, 3, 2, 2, 3), (7, 3, 2, 3, 2), (7, 3, 3, 3, 3), (7, 4, 2, 2, 4), (7, 4, 3, 3, 4)]


-- 2026-01-08 22:19:27 --写入特征标:(7, 2, 3, 2, 3)
[(7, 3, 4, 3, 4), (7, 4, 3, 3, 4), (7, 2, 4, 2, 4), (7, 3, 3, 3, 3), (7, 4, 2, 2, 4), (7, 2, 3, 2, 3), (7, 3, 2, 2, 3)]


-- 2026-01-08 23:56:05 --写入特征标:(6, 2, 3, 2, 3)
[(6, 3, 4, 3, 4), (6, 4, 3, 3, 4), (6, 2, 4, 2, 4), (6, 3, 3, 3, 3), (6, 4, 2, 2, 4), (6, 2, 3, 2, 3), (6, 3, 2, 2, 3)]


-- 2026-01-09 00:05:10 --写入特征标:(2, 1, 5, 1, 2)
[(5, 1, 2, 1, 2), (5, 1, 3, 1, 3), (5, 2, 2, 2, 2), (5, 3, 2, 2, 3), (5, 2, 3, 2, 3), (5, 2, 3, 2, 3), (5, 2, 3, 3, 2), (5, 3, 3, 3, 3), (5, 2, 4, 2, 4), (5, 3, 4, 3, 4), (2, 5, 1, 1, 2), (3, 5, 1, 1, 3), (2, 5, 2, 2, 2), (3, 5, 2, 2, 3), (2, 5, 3, 2, 3), (3, 5, 2, 2, 3), (3, 5, 2, 3, 2), (3, 5, 3, 3, 3), (4, 5, 2, 2, 4), (4, 5, 3, 3, 4), (2, 1, 5, 1, 2), (3, 1, 5, 1, 3), (2, 2, 5, 2, 2), (3, 2, 5, 2, 3), (2, 3, 5, 2, 3), (3, 2, 5, 2, 3), (3, 2, 5, 3, 2), (3, 3, 5, 3, 3), (4, 2, 5, 2, 4), (4, 3, 5, 3, 4), (5, 2, 1, 1, 2), (5, 3, 1, 1, 3), (5, 2, 2, 2, 2), (5, 3, 2, 2, 3), (5, 2, 3, 2, 3), (5, 3, 2, 2, 3), (5, 3, 2, 3, 2), (5, 3, 3, 3, 3), (5, 4, 2, 2, 4), (5, 4, 3, 3, 4)]


-- 2026-01-09 09:43:44 --写入特征标:(3, 2, 3, 2, 5)
[(3, 2, 3, 2, 5), (3, 3, 2, 2, 5), (3, 3, 3, 3, 5), (4, 3, 3, 4, 5)]


-- 2026-01-09 09:44:01 --写入特征标:(3, 2, 3, 2, 3)
[(4, 2, 3, 2, 4), (3, 2, 4, 2, 4), (3, 2, 3, 2, 3), (4, 3, 2, 2, 4), (3, 4, 2, 2, 4), (3, 3, 2, 2, 3), (4, 3, 3, 3, 4), (3, 4, 3, 3, 4), (3, 3, 4, 3, 4), (3, 3, 3, 3, 3), (5, 4, 3, 4, 5), (5, 3, 4, 4, 5), (5, 3, 3, 3, 5), (4, 4, 3, 4, 4), (4, 3, 4, 4, 4), (4, 3, 3, 3, 4), (4, 3, 3, 4, 3)]


-- 2026-01-09 09:52:12 --写入特征标:(5, 1, 6, 1, 5)
[(5, 6, 1, 1, 5), (6, 5, 1, 1, 5), (5, 6, 2, 2, 5), (6, 5, 2, 2, 5), (6, 6, 1, 1, 6), (6, 6, 2, 2, 6), (5, 1, 6, 1, 5), (6, 1, 5, 1, 5), (5, 2, 6, 2, 5), (6, 1, 6, 1, 6), (6, 2, 5, 2, 5), (6, 2, 6, 2, 6)]


-- 2026-01-09 09:58:02 --写入特征标:(1, 9, 5, 9, 1)
[(9, 1, 5, 9, 1), (9, 2, 5, 9, 2), (10, 1, 5, 10, 1), (10, 2, 5, 10, 2), (9, 1, 5, 1, 9), (10, 1, 5, 1, 10), (9, 2, 5, 2, 9), (10, 2, 5, 2, 10), (5, 9, 1, 9, 1), (5, 9, 2, 9, 2), (5, 10, 1, 10, 1), (5, 10, 2, 10, 2), (5, 9, 1, 1, 9), (5, 10, 1, 1, 10), (5, 9, 2, 2, 9), (5, 10, 2, 2, 10), (1, 9, 5, 9, 1), (2, 9, 5, 9, 2), (1, 10, 5, 10, 1), (2, 10, 5, 10, 2), (1, 9, 5, 1, 9), (1, 10, 5, 1, 10), (2, 9, 5, 2, 9), (2, 10, 5, 2, 10), (9, 5, 1, 9, 1), (9, 5, 2, 9, 2), (10, 5, 1, 10, 1), (10, 5, 2, 10, 2), (9, 5, 1, 1, 9), (10, 5, 1, 1, 10), (9, 5, 2, 2, 9), (10, 5, 2, 2, 10)]


-- 2026-01-09 09:58:33 --写入特征标:(1, 6, 5, 6, 1)
[(6, 1, 5, 6, 1), (6, 2, 5, 6, 2), (7, 1, 5, 7, 1), (7, 2, 5, 7, 2), (6, 1, 5, 1, 6), (7, 1, 5, 1, 7), (6, 2, 5, 2, 6), (7, 2, 5, 2, 7), (5, 6, 1, 6, 1), (5, 6, 2, 6, 2), (5, 7, 1, 7, 1), (5, 7, 2, 7, 2), (5, 6, 1, 1, 6), (5, 7, 1, 1, 7), (5, 6, 2, 2, 6), (5, 7, 2, 2, 7), (1, 6, 5, 6, 1), (2, 6, 5, 6, 2), (1, 7, 5, 7, 1), (2, 7, 5, 7, 2), (1, 6, 5, 1, 6), (1, 7, 5, 1, 7), (2, 6, 5, 2, 6), (2, 7, 5, 2, 7), (6, 5, 1, 6, 1), (6, 5, 2, 6, 2), (7, 5, 1, 7, 1), (7, 5, 2, 7, 2), (6, 5, 1, 1, 6), (7, 5, 1, 1, 7), (6, 5, 2, 2, 6), (7, 5, 2, 2, 7)]


-- 2026-01-09 10:00:31 --写入特征标:(1, 6, 2, 6, 1)
[(6, 1, 2, 6, 1), (6, 2, 1, 6, 1), (6, 2, 2, 6, 2), (7, 1, 2, 7, 1), (7, 2, 1, 7, 1), (7, 2, 2, 7, 2), (6, 1, 2, 1, 6), (6, 2, 1, 1, 6), (6, 2, 2, 2, 6), (7, 1, 2, 1, 7), (7, 2, 1, 1, 7), (7, 2, 2, 2, 7), (1, 6, 2, 6, 1), (2, 6, 1, 6, 1), (1, 7, 2, 7, 1), (2, 6, 2, 6, 2), (2, 7, 1, 7, 1), (2, 7, 2, 7, 2), (1, 6, 2, 1, 6), (2, 6, 1, 1, 6), (1, 7, 2, 1, 7), (2, 6, 2, 2, 6), (2, 7, 1, 1, 7), (2, 7, 2, 2, 7)]


-- 2026-01-09 10:02:15 --写入特征标:(1, 3, 2, 3, 1)
[(3, 1, 2, 3, 1), (3, 2, 1, 3, 1), (3, 2, 2, 3, 2), (4, 1, 2, 4, 1), (4, 2, 1, 4, 1), (4, 2, 2, 4, 2), (3, 1, 2, 1, 3), (3, 2, 1, 1, 3), (3, 2, 2, 2, 3), (4, 1, 2, 1, 4), (4, 2, 1, 1, 4), (4, 2, 2, 2, 4), (1, 3, 2, 3, 1), (2, 3, 1, 3, 1), (1, 4, 2, 4, 1), (2, 3, 2, 3, 2), (2, 4, 1, 4, 1), (2, 4, 2, 4, 2), (1, 3, 2, 1, 3), (2, 3, 1, 1, 3), (1, 4, 2, 1, 4), (2, 3, 2, 2, 3), (2, 4, 1, 1, 4), (2, 4, 2, 2, 4)]


-- 2026-01-09 10:09:58 --写入特征标:(1, 5, 5, 5, 1)
[(1, 5, 5, 5, 1), (2, 5, 5, 5, 2), (1, 6, 5, 6, 1), (1, 5, 6, 6, 1), (2, 6, 5, 6, 2), (2, 5, 6, 6, 2), (1, 5, 5, 1, 5), (1, 6, 5, 1, 6), (1, 5, 6, 1, 6), (2, 5, 5, 2, 5), (2, 6, 5, 2, 6), (2, 5, 6, 2, 6), (5, 5, 1, 5, 1), (5, 5, 2, 5, 2), (6, 5, 1, 6, 1), (5, 6, 1, 6, 1), (6, 5, 2, 6, 2), (5, 6, 2, 6, 2), (5, 5, 1, 1, 5), (6, 5, 1, 1, 6), (5, 6, 1, 1, 6), (5, 5, 2, 2, 5), (6, 5, 2, 2, 6), (5, 6, 2, 2, 6), (5, 1, 5, 5, 1), (5, 2, 5, 5, 2), (6, 1, 5, 6, 1), (5, 1, 6, 6, 1), (6, 2, 5, 6, 2), (5, 2, 6, 6, 2), (5, 1, 5, 1, 5), (6, 1, 5, 1, 6), (5, 1, 6, 1, 6), (5, 2, 5, 2, 5), (6, 2, 5, 2, 6), (5, 2, 6, 2, 6)]


-- 2026-01-09 10:22:07 --写入特征标:(1, 5, 9, 5, 1)
[(1, 5, 9, 5, 1), (1, 6, 9, 6, 1), (2, 5, 9, 5, 2), (2, 6, 9, 6, 2), (1, 5, 9, 1, 5), (1, 6, 9, 1, 6), (2, 5, 9, 2, 5), (2, 6, 9, 2, 6), (9, 1, 5, 5, 1), (9, 1, 6, 6, 1), (9, 2, 5, 5, 2), (9, 2, 6, 6, 2), (9, 1, 5, 1, 5), (9, 1, 6, 1, 6), (9, 2, 5, 2, 5), (9, 2, 6, 2, 6), (5, 9, 1, 5, 1), (5, 9, 2, 5, 2), (6, 9, 1, 6, 1), (6, 9, 2, 6, 2), (5, 9, 1, 1, 5), (5, 9, 2, 2, 5), (6, 9, 1, 1, 6), (6, 9, 2, 2, 6), (5, 1, 9, 5, 1), (5, 2, 9, 5, 2), (6, 1, 9, 6, 1), (6, 2, 9, 6, 2), (5, 1, 9, 1, 5), (5, 2, 9, 2, 5), (6, 1, 9, 1, 6), (6, 2, 9, 2, 6), (1, 9, 5, 5, 1), (1, 9, 6, 6, 1), (2, 9, 5, 5, 2), (2, 9, 6, 6, 2), (1, 9, 5, 1, 5), (1, 9, 6, 1, 6), (2, 9, 5, 2, 5), (2, 9, 6, 2, 6), (9, 5, 1, 5, 1), (9, 5, 2, 5, 2), (9, 6, 1, 6, 1), (9, 6, 2, 6, 2), (9, 5, 1, 1, 5), (9, 5, 2, 2, 5), (9, 6, 1, 1, 6), (9, 6, 2, 2, 6)]


-- 2026-01-09 10:22:24 --写入特征标:(1, 5, 6, 5, 1)
[(1, 5, 6, 5, 1), (1, 6, 5, 5, 1), (1, 6, 6, 6, 1), (2, 5, 6, 5, 2), (2, 6, 5, 5, 2), (2, 6, 6, 6, 2), (1, 5, 6, 1, 5), (1, 6, 5, 1, 5), (1, 6, 6, 1, 6), (2, 5, 6, 2, 5), (2, 6, 5, 2, 5), (2, 6, 6, 2, 6), (5, 6, 1, 5, 1), (6, 5, 1, 5, 1), (5, 6, 2, 5, 2), (6, 5, 2, 5, 2), (6, 6, 1, 6, 1), (6, 6, 2, 6, 2), (5, 6, 1, 1, 5), (6, 5, 1, 1, 5), (5, 6, 2, 2, 5), (6, 5, 2, 2, 5), (6, 6, 1, 1, 6), (6, 6, 2, 2, 6), (5, 1, 6, 5, 1), (6, 1, 5, 5, 1), (5, 2, 6, 5, 2), (6, 1, 6, 6, 1), (6, 2, 5, 5, 2), (6, 2, 6, 6, 2), (5, 1, 6, 1, 5), (6, 1, 5, 1, 5), (5, 2, 6, 2, 5), (6, 1, 6, 1, 6), (6, 2, 5, 2, 5), (6, 2, 6, 2, 6)]


-- 2026-01-09 10:25:25 --写入特征标:(1, 5, 8, 5, 1)
[(1, 5, 8, 5, 1), (1, 6, 8, 6, 1), (2, 5, 8, 5, 2), (2, 6, 8, 6, 2), (1, 5, 8, 1, 5), (1, 6, 8, 1, 6), (2, 5, 8, 2, 5), (2, 6, 8, 2, 6), (8, 1, 5, 5, 1), (8, 1, 6, 6, 1), (8, 2, 5, 5, 2), (8, 2, 6, 6, 2), (8, 1, 5, 1, 5), (8, 1, 6, 1, 6), (8, 2, 5, 2, 5), (8, 2, 6, 2, 6), (5, 8, 1, 5, 1), (5, 8, 2, 5, 2), (6, 8, 1, 6, 1), (6, 8, 2, 6, 2), (5, 8, 1, 1, 5), (5, 8, 2, 2, 5), (6, 8, 1, 1, 6), (6, 8, 2, 2, 6), (5, 1, 8, 5, 1), (5, 2, 8, 5, 2), (6, 1, 8, 6, 1), (6, 2, 8, 6, 2), (5, 1, 8, 1, 5), (5, 2, 8, 2, 5), (6, 1, 8, 1, 6), (6, 2, 8, 2, 6), (1, 8, 5, 5, 1), (1, 8, 6, 6, 1), (2, 8, 5, 5, 2), (2, 8, 6, 6, 2), (1, 8, 5, 1, 5), (1, 8, 6, 1, 6), (2, 8, 5, 2, 5), (2, 8, 6, 2, 6), (8, 5, 1, 5, 1), (8, 5, 2, 5, 2), (8, 6, 1, 6, 1), (8, 6, 2, 6, 2), (8, 5, 1, 1, 5), (8, 5, 2, 2, 5), (8, 6, 1, 1, 6), (8, 6, 2, 2, 6)]


-- 2026-01-09 10:30:11 --写入特征标:(1, 2, 8, 2, 1)
[(2, 3, 8, 2, 3), (2, 3, 8, 3, 2), (1, 3, 8, 1, 3), (2, 2, 8, 2, 2), (1, 3, 8, 3, 1), (1, 2, 8, 1, 2), (1, 2, 8, 2, 1), (8, 2, 3, 2, 3), (8, 2, 3, 3, 2), (8, 1, 3, 1, 3), (8, 2, 2, 2, 2), (8, 1, 3, 3, 1), (8, 1, 2, 1, 2), (8, 1, 2, 2, 1), (3, 8, 2, 2, 3), (3, 8, 2, 3, 2), (3, 8, 1, 1, 3), (2, 8, 2, 2, 2), (3, 8, 1, 3, 1), (2, 8, 1, 1, 2), (2, 8, 1, 2, 1), (3, 2, 8, 2, 3), (3, 2, 8, 3, 2), (3, 1, 8, 1, 3), (2, 2, 8, 2, 2), (3, 1, 8, 3, 1), (2, 1, 8, 1, 2), (2, 1, 8, 2, 1), (2, 8, 3, 2, 3), (2, 8, 3, 3, 2), (1, 8, 3, 1, 3), (2, 8, 2, 2, 2), (1, 8, 3, 3, 1), (1, 8, 2, 1, 2), (1, 8, 2, 2, 1), (8, 3, 2, 2, 3), (8, 3, 2, 3, 2), (8, 3, 1, 1, 3), (8, 2, 2, 2, 2), (8, 3, 1, 3, 1), (8, 2, 1, 1, 2), (8, 2, 1, 2, 1)]


-- 2026-01-09 10:31:56 --写入特征标:(1, 2, 3, 2, 1)
[(2, 3, 3, 3, 2), (3, 2, 3, 3, 2), (3, 3, 2, 3, 2), (1, 3, 3, 3, 1), (2, 2, 3, 2, 2), (2, 3, 2, 2, 2), (3, 1, 3, 3, 1), (3, 2, 2, 2, 2), (3, 3, 1, 3, 1), (1, 2, 3, 2, 1), (1, 3, 2, 2, 1), (2, 1, 3, 2, 1), (2, 3, 1, 2, 1), (3, 1, 2, 2, 1), (3, 2, 1, 2, 1), (2, 3, 3, 2, 3), (3, 2, 3, 2, 3), (3, 3, 2, 2, 3), (1, 3, 3, 1, 3), (2, 2, 3, 2, 2), (2, 3, 2, 2, 2), (3, 1, 3, 1, 3), (3, 2, 2, 2, 2), (3, 3, 1, 1, 3), (1, 2, 3, 1, 2), (1, 3, 2, 1, 2), (2, 1, 3, 1, 2), (2, 3, 1, 1, 2), (3, 1, 2, 1, 2), (3, 2, 1, 1, 2)]


-- 2026-01-09 11:00:40 --写入特征标:(5, 9, 1, 5, 1)
[(5, 9, 1, 5, 1), (5, 9, 2, 5, 2), (6, 9, 1, 6, 1), (6, 9, 2, 6, 2), (5, 9, 1, 1, 5), (6, 9, 1, 1, 6), (5, 9, 2, 2, 5), (6, 9, 2, 2, 6), (9, 5, 1, 5, 1), (9, 5, 2, 5, 2), (9, 6, 1, 6, 1), (9, 6, 2, 6, 2), (9, 5, 1, 1, 5), (9, 6, 1, 1, 6), (9, 5, 2, 2, 5), (9, 6, 2, 2, 6)]


-- 2026-01-09 11:01:33 --写入特征标:(9, 5, 1, 9, 1)
[(9, 5, 1, 9, 1), (9, 5, 2, 9, 2), (10, 5, 1, 10, 1), (10, 5, 2, 10, 2), (9, 5, 1, 1, 9), (10, 5, 1, 1, 10), (9, 5, 2, 2, 9), (10, 5, 2, 2, 10)]


-- 2026-01-09 11:02:12 --写入特征标:(6, 5, 1, 6, 1)
[(6, 5, 1, 6, 1), (6, 5, 2, 6, 2), (7, 5, 1, 7, 1), (7, 5, 2, 7, 2), (6, 5, 1, 1, 6), (7, 5, 1, 1, 7), (6, 5, 2, 2, 6), (7, 5, 2, 2, 7)]


-- 2026-01-09 11:17:30 --写入特征标:(9, 2, 1, 9, 1)
[(9, 2, 1, 9, 1), (9, 2, 2, 9, 2), (10, 2, 1, 10, 1), (10, 2, 2, 10, 2), (9, 3, 2, 9, 3), (10, 3, 2, 10, 3), (9, 2, 1, 1, 9), (9, 2, 2, 2, 9), (10, 2, 1, 1, 10), (9, 3, 2, 3, 9), (10, 2, 2, 2, 10), (10, 3, 2, 3, 10)]


-- 2026-01-09 11:57:37 --写入特征标:(2, 9, 1, 2, 1)
[(3, 9, 2, 2, 3), (3, 9, 2, 3, 2), (3, 9, 1, 1, 3), (2, 9, 2, 2, 2), (3, 9, 1, 3, 1), (2, 9, 1, 1, 2), (2, 9, 1, 2, 1), (9, 3, 2, 2, 3), (9, 3, 2, 3, 2), (9, 3, 1, 1, 3), (9, 2, 2, 2, 2), (9, 3, 1, 3, 1), (9, 2, 1, 1, 2), (9, 2, 1, 2, 1)]


-- 2026-01-09 13:11:24 --写入特征标:(5, 6, 1, 5, 1)
[(5, 6, 1, 5, 1), (6, 5, 1, 5, 1), (5, 6, 2, 5, 2), (6, 5, 2, 5, 2), (6, 6, 1, 6, 1), (6, 6, 2, 6, 2), (5, 6, 1, 1, 5), (6, 5, 1, 1, 5), (5, 6, 2, 2, 5), (6, 5, 2, 2, 5), (6, 6, 1, 1, 6), (6, 6, 2, 2, 6)]


-- 2026-01-09 13:30:50 --写入特征标:(5, 1, 9, 5, 9)
[(9, 1, 5, 5, 9), (10, 1, 5, 5, 10), (9, 1, 6, 6, 9), (10, 1, 6, 6, 10), (5, 9, 1, 5, 9), (5, 10, 1, 5, 10), (6, 9, 1, 6, 9), (6, 10, 1, 6, 10), (5, 1, 9, 5, 9), (5, 1, 10, 5, 10), (6, 1, 9, 6, 9), (6, 1, 10, 6, 10), (9, 5, 1, 5, 9), (10, 5, 1, 5, 10), (9, 6, 1, 6, 9), (10, 6, 1, 6, 10)]


-- 2026-01-09 13:35:13 --写入特征标:(9, 1, 5, 9, 5)
[(9, 1, 5, 9, 5), (9, 1, 6, 9, 6), (10, 1, 5, 10, 5), (10, 1, 6, 10, 6), (9, 1, 5, 5, 9), (10, 1, 5, 5, 10), (9, 1, 6, 6, 9), (10, 1, 6, 6, 10), (9, 5, 1, 9, 5), (9, 6, 1, 9, 6), (10, 5, 1, 10, 5), (10, 6, 1, 10, 6), (9, 5, 1, 5, 9), (10, 5, 1, 5, 10), (9, 6, 1, 6, 9), (10, 6, 1, 6, 10)]


-- 2026-01-09 13:37:20 --写入特征标:(9, 4, 5, 9, 5)
[(9, 4, 5, 9, 5), (9, 4, 6, 9, 6), (10, 4, 5, 10, 5), (10, 4, 6, 10, 6), (9, 4, 5, 5, 9), (10, 4, 5, 5, 10), (9, 4, 6, 6, 9), (10, 4, 6, 6, 10), (9, 5, 4, 9, 5), (9, 6, 4, 9, 6), (10, 5, 4, 10, 5), (10, 6, 4, 10, 6), (9, 5, 4, 5, 9), (10, 5, 4, 5, 10), (9, 6, 4, 6, 9), (10, 6, 4, 6, 10)]


-- 2026-01-09 13:38:48 --写入特征标:(6, 1, 5, 6, 5)
[(7, 1, 6, 6, 7), (7, 1, 6, 7, 6), (7, 1, 5, 5, 7), (6, 1, 6, 6, 6), (7, 1, 5, 7, 5), (6, 1, 5, 5, 6), (6, 1, 5, 6, 5), (7, 6, 1, 6, 7), (7, 6, 1, 7, 6), (7, 5, 1, 5, 7), (6, 6, 1, 6, 6), (7, 5, 1, 7, 5), (6, 5, 1, 5, 6), (6, 5, 1, 6, 5)]


-- 2026-01-09 13:41:11 --写入特征标:(5, 4, 5, 5, 5)
[(5, 5, 4, 5, 5), (6, 5, 4, 5, 6), (5, 6, 4, 5, 6), (6, 5, 4, 6, 5), (5, 6, 4, 6, 5), (6, 6, 4, 6, 6), (5, 4, 5, 5, 5), (6, 4, 5, 5, 6), (5, 4, 6, 5, 6), (6, 4, 5, 6, 5), (5, 4, 6, 6, 5), (6, 4, 6, 6, 6)]


-- 2026-01-09 13:41:59 --写入特征标:(5, 1, 5, 5, 5)
[(5, 5, 1, 5, 5), (6, 5, 1, 5, 6), (5, 6, 1, 5, 6), (6, 5, 1, 6, 5), (5, 6, 1, 6, 5), (6, 6, 1, 6, 6), (5, 1, 5, 5, 5), (6, 1, 5, 5, 6), (5, 1, 6, 5, 6), (6, 1, 5, 6, 5), (5, 1, 6, 6, 5), (6, 1, 6, 6, 6)]


-- 2026-01-09 13:49:01 --写入特征标:(5, 4, 7, 5, 7)
[(7, 4, 5, 5, 7), (8, 4, 5, 5, 8), (7, 4, 6, 6, 7), (8, 4, 6, 6, 8), (5, 7, 4, 5, 7), (5, 8, 4, 5, 8), (6, 7, 4, 6, 7), (6, 8, 4, 6, 8), (5, 4, 7, 5, 7), (5, 4, 8, 5, 8), (6, 4, 7, 6, 7), (6, 4, 8, 6, 8), (7, 5, 4, 5, 7), (8, 5, 4, 5, 8), (7, 6, 4, 6, 7), (8, 6, 4, 6, 8)]


-- 2026-01-09 13:51:20 --写入特征标:(5, 1, 6, 5, 6)
[(6, 7, 1, 6, 7), (7, 6, 1, 6, 7), (5, 7, 1, 5, 7), (6, 6, 1, 6, 6), (7, 5, 1, 5, 7), (5, 6, 1, 5, 6), (6, 5, 1, 5, 6), (6, 1, 7, 6, 7), (7, 1, 6, 6, 7), (5, 1, 7, 5, 7), (6, 1, 6, 6, 6), (7, 1, 5, 5, 7), (5, 1, 6, 5, 6), (6, 1, 5, 5, 6)]


-- 2026-01-09 14:07:08 --写入特征标:(1, 9, 5, 1, 5)
[(9, 1, 5, 1, 5), (9, 1, 6, 1, 6), (9, 2, 5, 2, 5), (9, 2, 6, 2, 6), (5, 9, 1, 1, 5), (6, 9, 1, 1, 6), (5, 9, 2, 2, 5), (6, 9, 2, 2, 6), (1, 9, 5, 1, 5), (1, 9, 6, 1, 6), (2, 9, 5, 2, 5), (2, 9, 6, 2, 6), (9, 5, 1, 1, 5), (9, 6, 1, 1, 6), (9, 5, 2, 2, 5), (9, 6, 2, 2, 6)]


-- 2026-01-09 14:09:07 --写入特征标:(1, 7, 2, 1, 2)
[(7, 2, 3, 2, 3), (7, 3, 2, 2, 3), (7, 1, 3, 1, 3), (7, 2, 2, 2, 2), (7, 3, 1, 1, 3), (7, 1, 2, 1, 2), (7, 2, 1, 1, 2), (2, 7, 3, 2, 3), (3, 7, 2, 2, 3), (1, 7, 3, 1, 3), (2, 7, 2, 2, 2), (3, 7, 1, 1, 3), (1, 7, 2, 1, 2), (2, 7, 1, 1, 2)]


-- 2026-01-09 14:10:19 --写入特征标:(1, 6, 5, 1, 5)
[(6, 1, 5, 1, 5), (6, 1, 6, 1, 6), (6, 2, 5, 2, 5), (6, 2, 6, 2, 6), (7, 1, 6, 1, 7), (7, 2, 6, 2, 7), (5, 6, 1, 1, 5), (5, 6, 2, 2, 5), (6, 6, 1, 1, 6), (6, 6, 2, 2, 6), (6, 7, 1, 1, 7), (6, 7, 2, 2, 7), (1, 6, 5, 1, 5), (1, 6, 6, 1, 6), (2, 6, 5, 2, 5), (2, 6, 6, 2, 6), (1, 7, 6, 1, 7), (2, 7, 6, 2, 7), (6, 5, 1, 1, 5), (6, 5, 2, 2, 5), (6, 6, 1, 1, 6), (6, 6, 2, 2, 6), (7, 6, 1, 1, 7), (7, 6, 2, 2, 7)]


-- 2026-01-09 14:12:48 --写入特征标:(3, 6, 5, 3, 5)
[(6, 3, 5, 3, 5), (6, 3, 6, 3, 6), (6, 4, 5, 4, 5), (6, 4, 6, 4, 6), (7, 3, 6, 3, 7), (7, 4, 6, 4, 7), (5, 6, 3, 3, 5), (5, 6, 4, 4, 5), (6, 6, 3, 3, 6), (6, 6, 4, 4, 6), (6, 7, 3, 3, 7), (6, 7, 4, 4, 7), (3, 6, 5, 3, 5), (3, 6, 6, 3, 6), (4, 6, 5, 4, 5), (4, 6, 6, 4, 6), (3, 7, 6, 3, 7), (4, 7, 6, 4, 7), (6, 5, 3, 3, 5), (6, 5, 4, 4, 5), (6, 6, 3, 3, 6), (6, 6, 4, 4, 6), (7, 6, 3, 3, 7), (7, 6, 4, 4, 7)]


-- 2026-01-09 14:27:54 --写入特征标:(1, 5, 9, 1, 9)
[(1, 5, 9, 1, 9), (1, 5, 10, 1, 10), (2, 5, 9, 2, 9), (2, 5, 10, 2, 10), (9, 1, 5, 1, 9), (10, 1, 5, 1, 10), (9, 2, 5, 2, 9), (10, 2, 5, 2, 10), (5, 9, 1, 1, 9), (5, 10, 1, 1, 10), (5, 9, 2, 2, 9), (5, 10, 2, 2, 10), (5, 1, 9, 1, 9), (5, 1, 10, 1, 10), (5, 2, 9, 2, 9), (5, 2, 10, 2, 10), (1, 9, 5, 1, 9), (1, 10, 5, 1, 10), (2, 9, 5, 2, 9), (2, 10, 5, 2, 10), (9, 5, 1, 1, 9), (10, 5, 1, 1, 10), (9, 5, 2, 2, 9), (10, 5, 2, 2, 10)]


-- 2026-01-09 14:32:32 --写入特征标:(1, 2, 6, 1, 6)
[(1, 2, 6, 1, 6), (2, 1, 6, 1, 6), (1, 2, 7, 1, 7), (2, 1, 7, 1, 7), (2, 2, 6, 2, 6), (2, 2, 7, 2, 7), (6, 1, 2, 1, 6), (6, 2, 1, 1, 6), (6, 2, 2, 2, 6), (7, 1, 2, 1, 7), (7, 2, 1, 1, 7), (7, 2, 2, 2, 7), (1, 6, 2, 1, 6), (2, 6, 1, 1, 6), (1, 7, 2, 1, 7), (2, 6, 2, 2, 6), (2, 7, 1, 1, 7), (2, 7, 2, 2, 7)]


-- 2026-01-09 14:56:06 --写入特征标:(9, 5, 1, 1, 9)
[(9, 5, 1, 1, 9), (10, 5, 1, 1, 10), (9, 5, 2, 2, 9), (10, 5, 2, 2, 10)]


-- 2026-01-09 15:05:45 --写入特征标:(6, 2, 1, 1, 6)
[(6, 2, 1, 1, 6), (6, 2, 2, 2, 6), (7, 2, 1, 1, 7), (6, 3, 2, 3, 6), (7, 2, 2, 2, 7), (7, 3, 2, 3, 7)]


-- 2026-01-09 15:08:17 --写入特征标:(4, 2, 1, 1, 6)
[(4, 2, 1, 1, 6), (4, 2, 2, 2, 6), (4, 3, 2, 3, 6)]


-- 2026-01-09 15:41:07 --写入特征标:(5, 9, 1, 1, 5)
[(6, 9, 2, 2, 6), (6, 9, 1, 1, 6), (5, 9, 2, 2, 5), (5, 9, 1, 1, 5), (9, 6, 2, 2, 6), (9, 6, 1, 1, 6), (9, 5, 2, 2, 5), (9, 5, 1, 1, 5)]


-- 2026-01-09 15:42:59 --写入特征标:(5, 6, 1, 1, 5)
[(5, 6, 1, 1, 5), (6, 5, 1, 1, 5), (5, 6, 2, 2, 5), (6, 5, 2, 2, 5), (6, 6, 1, 1, 6), (6, 6, 2, 2, 6)]


-- 2026-01-09 15:45:56 --写入特征标:(4, 6, 1, 1, 2)
[(4, 6, 3, 2, 3), (4, 6, 2, 2, 2), (4, 6, 1, 1, 2), (6, 4, 3, 2, 3), (6, 4, 2, 2, 2), (6, 4, 1, 1, 2)]


-- 2026-01-09 15:46:29 --写入特征标:(2, 6, 1, 1, 2)
[(4, 6, 3, 3, 4), (3, 6, 3, 3, 3), (4, 6, 2, 2, 4), (2, 6, 3, 2, 3), (3, 6, 2, 2, 3), (3, 6, 2, 3, 2), (3, 6, 2, 2, 3), (2, 6, 2, 2, 2), (3, 6, 1, 1, 3), (2, 6, 1, 1, 2), (6, 4, 3, 3, 4), (6, 3, 3, 3, 3), (6, 4, 2, 2, 4), (6, 2, 3, 2, 3), (6, 3, 2, 2, 3), (6, 3, 2, 3, 2), (6, 3, 2, 2, 3), (6, 2, 2, 2, 2), (6, 3, 1, 1, 3), (6, 2, 1, 1, 2)]


-- 2026-01-09 15:50:01 --写入特征标:(4, 7, 1, 1, 2)
[(4, 7, 3, 2, 3), (4, 7, 2, 2, 2), (4, 7, 1, 1, 2), (7, 4, 3, 2, 3), (7, 4, 2, 2, 2), (7, 4, 1, 1, 2)]


-- 2026-01-09 15:50:30 --写入特征标:(2, 7, 1, 1, 2)
[(4, 7, 3, 3, 4), (3, 7, 3, 3, 3), (4, 7, 2, 2, 4), (2, 7, 3, 2, 3), (3, 7, 2, 2, 3), (3, 7, 2, 3, 2), (3, 7, 2, 2, 3), (2, 7, 2, 2, 2), (3, 7, 1, 1, 3), (2, 7, 1, 1, 2), (7, 4, 3, 3, 4), (7, 3, 3, 3, 3), (7, 4, 2, 2, 4), (7, 2, 3, 2, 3), (7, 3, 2, 2, 3), (7, 3, 2, 3, 2), (7, 3, 2, 2, 3), (7, 2, 2, 2, 2), (7, 3, 1, 1, 3), (7, 2, 1, 1, 2)]


-- 2026-01-09 16:03:26 --写入特征标:(3, 3, 1, 2, 3)
[(4, 3, 1, 2, 4), (3, 4, 1, 2, 4), (3, 3, 1, 2, 3)]


-- 2026-01-09 16:13:25 --写入特征标:(9, 1, 5, 5, 9)
[(9, 1, 5, 5, 9), (10, 1, 5, 5, 10), (9, 1, 6, 6, 9), (10, 1, 6, 6, 10), (9, 5, 1, 5, 9), (10, 5, 1, 5, 10), (9, 6, 1, 6, 9), (10, 6, 1, 6, 10)]


-- 2026-01-09 16:20:18 --写入特征标:(7, 1, 6, 5, 6)
[(7, 1, 6, 5, 6), (7, 1, 7, 5, 7), (8, 1, 7, 5, 8), (7, 6, 1, 5, 6), (7, 7, 1, 5, 7), (8, 7, 1, 5, 8)]


-- 2026-01-09 16:20:30 --写入特征标:(7, 1, 5, 5, 6)
[(7, 1, 5, 5, 6), (7, 1, 6, 6, 6), (7, 1, 7, 6, 7), (8, 1, 7, 6, 8), (7, 5, 1, 5, 6), (7, 6, 1, 6, 6), (7, 7, 1, 6, 7), (8, 7, 1, 6, 8)]


-- 2026-01-09 16:20:57 --写入特征标:(6, 1, 5, 5, 6)
[(6, 1, 5, 5, 6), (7, 1, 5, 5, 7), (6, 1, 6, 6, 6), (7, 1, 6, 7, 6), (7, 1, 6, 6, 7), (6, 1, 7, 6, 7), (7, 1, 6, 6, 7), (7, 1, 7, 7, 7), (8, 1, 6, 6, 8), (8, 1, 7, 7, 8), (6, 5, 1, 5, 6), (7, 5, 1, 5, 7), (6, 6, 1, 6, 6), (7, 6, 1, 7, 6), (7, 6, 1, 6, 7), (6, 7, 1, 6, 7), (7, 6, 1, 6, 7), (7, 7, 1, 7, 7), (8, 6, 1, 6, 8), (8, 7, 1, 7, 8)]


-- 2026-01-09 16:25:29 --写入特征标:(7, 4, 6, 5, 6)
[(7, 4, 6, 5, 6), (7, 4, 7, 5, 7), (8, 4, 7, 5, 8), (7, 6, 4, 5, 6), (7, 7, 4, 5, 7), (8, 7, 4, 5, 8)]


-- 2026-01-09 16:25:45 --写入特征标:(7, 4, 5, 5, 6)
[(7, 4, 5, 5, 6), (7, 4, 6, 6, 6), (7, 4, 7, 6, 7), (8, 4, 7, 6, 8), (7, 5, 4, 5, 6), (7, 6, 4, 6, 6), (7, 7, 4, 6, 7), (8, 7, 4, 6, 8)]


-- 2026-01-09 16:26:01 --写入特征标:(6, 4, 5, 5, 6)
[(6, 4, 5, 5, 6), (7, 4, 5, 5, 7), (6, 4, 6, 6, 6), (7, 4, 6, 7, 6), (7, 4, 6, 6, 7), (6, 4, 7, 6, 7), (7, 4, 6, 6, 7), (7, 4, 7, 7, 7), (8, 4, 6, 6, 8), (8, 4, 7, 7, 8), (6, 5, 4, 5, 6), (7, 5, 4, 5, 7), (6, 6, 4, 6, 6), (7, 6, 4, 7, 6), (7, 6, 4, 6, 7), (6, 7, 4, 6, 7), (7, 6, 4, 6, 7), (7, 7, 4, 7, 7), (8, 6, 4, 6, 8), (8, 7, 4, 7, 8)]


-- 2026-01-09 16:29:58 --写入特征标:(5, 1, 9, 9, 5)
[(9, 1, 5, 9, 5), (9, 1, 6, 9, 6), (10, 1, 5, 10, 5), (10, 1, 6, 10, 6), (9, 1, 5, 5, 9), (10, 1, 5, 5, 10), (9, 1, 6, 6, 9), (10, 1, 6, 6, 10), (5, 9, 1, 9, 5), (6, 9, 1, 9, 6), (5, 10, 1, 10, 5), (6, 10, 1, 10, 6), (5, 9, 1, 5, 9), (5, 10, 1, 5, 10), (6, 9, 1, 6, 9), (6, 10, 1, 6, 10), (5, 1, 9, 9, 5), (6, 1, 9, 9, 6), (5, 1, 10, 10, 5), (6, 1, 10, 10, 6), (5, 1, 9, 5, 9), (5, 1, 10, 5, 10), (6, 1, 9, 6, 9), (6, 1, 10, 6, 10), (9, 5, 1, 9, 5), (9, 6, 1, 9, 6), (10, 5, 1, 10, 5), (10, 6, 1, 10, 6), (9, 5, 1, 5, 9), (10, 5, 1, 5, 10), (9, 6, 1, 6, 9), (10, 6, 1, 6, 10)]


-- 2026-01-09 16:31:18 --写入特征标:(5, 4, 9, 9, 5)
[(9, 4, 5, 9, 5), (9, 4, 6, 9, 6), (10, 4, 5, 10, 5), (10, 4, 6, 10, 6), (9, 4, 5, 5, 9), (10, 4, 5, 5, 10), (9, 4, 6, 6, 9), (10, 4, 6, 6, 10), (5, 9, 4, 9, 5), (6, 9, 4, 9, 6), (5, 10, 4, 10, 5), (6, 10, 4, 10, 6), (5, 9, 4, 5, 9), (5, 10, 4, 5, 10), (6, 9, 4, 6, 9), (6, 10, 4, 6, 10), (5, 4, 9, 9, 5), (6, 4, 9, 9, 6), (5, 4, 10, 10, 5), (6, 4, 10, 10, 6), (5, 4, 9, 5, 9), (5, 4, 10, 5, 10), (6, 4, 9, 6, 9), (6, 4, 10, 6, 10), (9, 5, 4, 9, 5), (9, 6, 4, 9, 6), (10, 5, 4, 10, 5), (10, 6, 4, 10, 6), (9, 5, 4, 5, 9), (10, 5, 4, 5, 10), (9, 6, 4, 6, 9), (10, 6, 4, 6, 10)]


-- 2026-01-09 16:32:20 --写入特征标:(5, 1, 6, 6, 5)
[(7, 1, 6, 6, 7), (7, 1, 6, 7, 6), (7, 1, 5, 5, 7), (6, 1, 6, 6, 6), (7, 1, 5, 7, 5), (6, 1, 5, 5, 6), (6, 1, 5, 6, 5), (6, 7, 1, 6, 7), (6, 7, 1, 7, 6), (5, 7, 1, 5, 7), (6, 6, 1, 6, 6), (5, 7, 1, 7, 5), (5, 6, 1, 5, 6), (5, 6, 1, 6, 5), (6, 1, 7, 6, 7), (6, 1, 7, 7, 6), (5, 1, 7, 5, 7), (6, 1, 6, 6, 6), (5, 1, 7, 7, 5), (5, 1, 6, 5, 6), (5, 1, 6, 6, 5), (7, 6, 1, 6, 7), (7, 6, 1, 7, 6), (7, 5, 1, 5, 7), (6, 6, 1, 6, 6), (7, 5, 1, 7, 5), (6, 5, 1, 5, 6), (6, 5, 1, 6, 5)]


-- 2026-01-09 16:51:13 --写入特征标:(1, 7, 2, 2, 1)
[(7, 2, 3, 2, 3), (7, 2, 3, 3, 2), (7, 1, 3, 1, 3), (7, 2, 2, 2, 2), (7, 1, 3, 3, 1), (7, 1, 2, 1, 2), (7, 1, 2, 2, 1), (3, 7, 2, 2, 3), (3, 7, 2, 3, 2), (3, 7, 1, 1, 3), (2, 7, 2, 2, 2), (3, 7, 1, 3, 1), (2, 7, 1, 1, 2), (2, 7, 1, 2, 1), (2, 7, 3, 2, 3), (2, 7, 3, 3, 2), (1, 7, 3, 1, 3), (2, 7, 2, 2, 2), (1, 7, 3, 3, 1), (1, 7, 2, 1, 2), (1, 7, 2, 2, 1), (7, 3, 2, 2, 3), (7, 3, 2, 3, 2), (7, 3, 1, 1, 3), (7, 2, 2, 2, 2), (7, 3, 1, 3, 1), (7, 2, 1, 1, 2), (7, 2, 1, 2, 1)]


-- 2026-01-09 17:00:53 --写入特征标:(2, 6, 5, 5, 1)
[(6, 2, 5, 5, 1), (6, 2, 6, 6, 1), (7, 2, 6, 7, 1), (6, 2, 5, 1, 5), (6, 2, 6, 1, 6), (7, 2, 6, 1, 7), (5, 6, 2, 5, 1), (6, 6, 2, 6, 1), (6, 7, 2, 7, 1), (5, 6, 2, 1, 5), (6, 6, 2, 1, 6), (6, 7, 2, 1, 7), (2, 6, 5, 5, 1), (2, 6, 6, 6, 1), (2, 7, 6, 7, 1), (2, 6, 5, 1, 5), (2, 6, 6, 1, 6), (2, 7, 6, 1, 7), (6, 5, 2, 5, 1), (6, 6, 2, 6, 1), (7, 6, 2, 7, 1), (6, 5, 2, 1, 5), (6, 6, 2, 1, 6), (7, 6, 2, 1, 7)]


-- 2026-01-09 17:01:15 --写入特征标:(1, 6, 5, 5, 1)
[(6, 1, 5, 5, 1), (6, 2, 5, 5, 2), (6, 1, 6, 6, 1), (6, 2, 6, 6, 2), (7, 1, 6, 7, 1), (7, 2, 6, 7, 2), (6, 1, 5, 1, 5), (6, 2, 5, 2, 5), (6, 1, 6, 1, 6), (6, 2, 6, 2, 6), (7, 1, 6, 1, 7), (7, 2, 6, 2, 7), (5, 6, 1, 5, 1), (5, 6, 2, 5, 2), (6, 6, 1, 6, 1), (6, 6, 2, 6, 2), (6, 7, 1, 7, 1), (6, 7, 2, 7, 2), (5, 6, 1, 1, 5), (5, 6, 2, 2, 5), (6, 6, 1, 1, 6), (6, 6, 2, 2, 6), (6, 7, 1, 1, 7), (6, 7, 2, 2, 7), (1, 6, 5, 5, 1), (2, 6, 5, 5, 2), (1, 6, 6, 6, 1), (2, 6, 6, 6, 2), (1, 7, 6, 7, 1), (2, 7, 6, 7, 2), (1, 6, 5, 1, 5), (2, 6, 5, 2, 5), (1, 6, 6, 1, 6), (2, 6, 6, 2, 6), (1, 7, 6, 1, 7), (2, 7, 6, 2, 7), (6, 5, 1, 5, 1), (6, 5, 2, 5, 2), (6, 6, 1, 6, 1), (6, 6, 2, 6, 2), (7, 6, 1, 7, 1), (7, 6, 2, 7, 2), (6, 5, 1, 1, 5), (6, 5, 2, 2, 5), (6, 6, 1, 1, 6), (6, 6, 2, 2, 6), (7, 6, 1, 1, 7), (7, 6, 2, 2, 7)]


-- 2026-01-09 22:44:47 --写入特征标:(1, 2, 3, 5, 1)
[(1, 2, 3, 5, 1), (2, 1, 3, 5, 1), (2, 2, 3, 5, 2), (1, 2, 3, 1, 5), (2, 1, 3, 1, 5), (2, 2, 3, 2, 5), (3, 1, 2, 5, 1), (3, 2, 1, 5, 1), (3, 2, 2, 5, 2), (3, 1, 2, 1, 5), (3, 2, 1, 1, 5), (3, 2, 2, 2, 5), (1, 3, 2, 5, 1), (2, 3, 1, 5, 1), (2, 3, 2, 5, 2), (1, 3, 2, 1, 5), (2, 3, 1, 1, 5), (2, 3, 2, 2, 5)]


-- 2026-01-10 23:40:38 --写入特征标:(1, 2, 1, 5, 1)
[(3, 2, 1, 5, 3), (3, 1, 2, 5, 3), (2, 2, 1, 5, 2), (2, 1, 2, 5, 2), (2, 1, 1, 5, 1), (3, 2, 1, 3, 5), (3, 1, 2, 3, 5), (2, 2, 1, 2, 5), (2, 1, 2, 2, 5), (2, 1, 1, 1, 5), (2, 3, 1, 5, 3), (1, 3, 2, 5, 3), (2, 2, 1, 5, 2), (1, 2, 2, 5, 2), (1, 2, 1, 5, 1), (2, 3, 1, 3, 5), (1, 3, 2, 3, 5), (2, 2, 1, 2, 5), (1, 2, 2, 2, 5), (1, 2, 1, 1, 5)]


-- 2026-01-10 23:41:06 --写入特征标:(1, 2, 1, 7, 1)
[(3, 2, 1, 7, 3), (3, 1, 2, 7, 3), (2, 2, 1, 7, 2), (2, 1, 2, 7, 2), (2, 1, 1, 7, 1), (3, 2, 1, 3, 7), (3, 1, 2, 3, 7), (2, 2, 1, 2, 7), (2, 1, 2, 2, 7), (2, 1, 1, 1, 7), (2, 3, 1, 7, 3), (1, 3, 2, 7, 3), (2, 2, 1, 7, 2), (1, 2, 2, 7, 2), (1, 2, 1, 7, 1), (2, 3, 1, 3, 7), (1, 3, 2, 3, 7), (2, 2, 1, 2, 7), (1, 2, 2, 2, 7), (1, 2, 1, 1, 7)]


-- 2026-01-10 23:49:10 --写入特征标:(1, 2, 1, -3, 1)
[(3, 2, 1, -3, 3), (3, 1, 2, -3, 3), (2, 2, 1, -3, 2), (2, 1, 2, -3, 2), (2, 1, 1, -3, 1), (2, 3, 1, -3, 3), (1, 3, 2, -3, 3), (2, 2, 1, -3, 2), (1, 2, 2, -3, 2), (1, 2, 1, -3, 1)]


-- 2026-01-10 23:55:53 --写入特征标:(1, 1, 7, 2, 1)
[(2, 1, 7, 2, 2), (1, 2, 7, 2, 2), (1, 1, 7, 1, 2), (1, 1, 7, 2, 1), (7, 2, 1, 2, 2), (7, 1, 2, 2, 2), (7, 1, 1, 1, 2), (7, 1, 1, 2, 1), (2, 7, 1, 2, 2), (1, 7, 2, 2, 2), (1, 7, 1, 1, 2), (1, 7, 1, 2, 1)]


-- 2026-01-11 15:14:06 --写入特征标:(2, 2, 3, 1, 2)
[(2, 2, 3, 1, 2), (2, 3, 2, 1, 2), (3, 2, 2, 1, 2), (2, 3, 3, 1, 3), (3, 2, 3, 1, 3), (3, 3, 2, 1, 3)]


-- 2026-01-11 15:14:22 --写入特征标:(1, 1, 3, 1, 2)
[(1, 1, 3, 1, 2), (1, 2, 3, 2, 2), (2, 1, 3, 2, 2), (1, 3, 1, 1, 2), (1, 3, 2, 2, 2), (2, 3, 1, 2, 2), (3, 1, 1, 1, 2), (3, 1, 2, 2, 2), (3, 2, 1, 2, 2), (1, 3, 3, 2, 3), (3, 1, 3, 2, 3), (3, 3, 1, 2, 3)]


-- 2026-01-11 15:41:52 --写入特征标:(1, 7, 1, 1, 2)
[(7, 1, 1, 1, 2), (7, 2, 1, 2, 2), (7, 1, 2, 2, 2), (7, 3, 1, 2, 3), (7, 1, 3, 2, 3), (1, 7, 1, 1, 2), (2, 7, 1, 2, 2), (1, 7, 2, 2, 2), (3, 7, 1, 2, 3), (1, 7, 3, 2, 3)]


-- 2026-01-11 15:42:06 --写入特征标:(1, -7, 1, 1, 2)
[(1, 1, -7, 1, 2), (2, 1, -7, 2, 2), (1, 2, -7, 2, 2), (3, 1, -7, 2, 3), (1, 3, -7, 2, 3), (1, -7, 1, 1, 2), (2, -7, 1, 2, 2), (1, -7, 2, 2, 2), (3, -7, 1, 2, 3), (1, -7, 3, 2, 3)]


-- 2026-01-11 15:47:15 --写入特征标:(1, 3, 1, 2, 3)
[(4, 1, 1, 2, 4), (3, 1, 1, 2, 3), (1, 4, 1, 2, 4), (1, 3, 1, 2, 3)]


-- 2026-01-11 15:48:49 --写入特征标:(1, 3, 1, 1, 2)
[(4, 3, 1, 2, 4), (4, 1, 3, 2, 4), (3, 1, 1, 1, 2), (3, 2, 1, 2, 2), (3, 1, 2, 2, 2), (3, 3, 1, 2, 3), (3, 1, 3, 2, 3), (3, 4, 1, 2, 4), (1, 4, 3, 2, 4), (1, 3, 1, 1, 2), (2, 3, 1, 2, 2), (1, 3, 2, 2, 2), (3, 3, 1, 2, 3), (1, 3, 3, 2, 3)]


-- 2026-01-11 16:31:55 --写入特征标:(1, 2, 1, 1, 7)
[(3, 2, 1, 3, 7), (3, 1, 2, 3, 7), (2, 2, 1, 2, 7), (2, 1, 2, 2, 7), (2, 1, 1, 1, 7), (2, 3, 1, 3, 7), (1, 3, 2, 3, 7), (2, 2, 1, 2, 7), (1, 2, 2, 2, 7), (1, 2, 1, 1, 7)]


-- 2026-01-11 16:34:01 --写入特征标:(1, 2, 1, 1, -4)
[(3, 2, 1, 3, -4), (3, 1, 2, 3, -4), (2, 2, 1, 2, -4), (2, 1, 2, 2, -4), (2, 1, 1, 1, -4), (3, 2, 1, -4, 3), (3, 1, 2, -4, 3), (2, 2, 1, -4, 2), (2, 1, 2, -4, 2), (2, 1, 1, -4, 1), (2, 3, 1, 3, -4), (1, 3, 2, 3, -4), (2, 2, 1, 2, -4), (1, 2, 2, 2, -4), (1, 2, 1, 1, -4), (2, 3, 1, -4, 3), (1, 3, 2, -4, 3), (2, 2, 1, -4, 2), (1, 2, 2, -4, 2), (1, 2, 1, -4, 1)]


-- 2026-01-11 16:35:33 --写入特征标:(1, 2, 1, 1, 0)
[(3, 2, 1, 3, 0), (3, 1, 2, 3, 0), (2, 2, 1, 2, 0), (2, 1, 2, 2, 0), (2, 1, 1, 1, 0), (3, 2, 1, 0, 3), (3, 1, 2, 0, 3), (2, 2, 1, 0, 2), (2, 1, 2, 0, 2), (2, 1, 1, 0, 1), (2, 3, 1, 3, 0), (1, 3, 2, 3, 0), (2, 2, 1, 2, 0), (1, 2, 2, 2, 0), (1, 2, 1, 1, 0), (2, 3, 1, 0, 3), (1, 3, 2, 0, 3), (2, 2, 1, 0, 2), (1, 2, 2, 0, 2), (1, 2, 1, 0, 1)]


-- 2026-01-11 16:40:07 --写入特征标:(1, 2, 1, 1, 3)
[(4, 2, 1, 3, 4), (3, 2, 1, 3, 3), (4, 1, 2, 3, 4), (3, 1, 2, 3, 3), (2, 2, 1, 2, 3), (2, 1, 2, 2, 3), (2, 1, 1, 1, 3), (2, 4, 1, 3, 4), (2, 3, 1, 3, 3), (1, 4, 2, 3, 4), (1, 3, 2, 3, 3), (2, 2, 1, 2, 3), (1, 2, 2, 2, 3), (1, 2, 1, 1, 3)]


-- 2026-01-11 16:53:04 --写入特征标:(1, 5, 1, 1, 2)
[(5, 1, 1, 1, 2), (5, 2, 1, 2, 2), (5, 1, 2, 2, 2), (5, 3, 1, 2, 3), (5, 1, 3, 2, 3), (1, 5, 1, 1, 2), (2, 5, 1, 2, 2), (1, 5, 2, 2, 2), (3, 5, 1, 2, 3), (1, 5, 3, 2, 3)]


-- 2026-01-11 16:56:45 --写入特征标:(1, 2, 1, 1, -1)
[(3, 2, 1, 3, -1), (3, 1, 2, 3, -1), (2, 2, 1, 2, -1), (2, 1, 2, 2, -1), (2, 1, 1, 1, -1), (3, 2, 1, -1, 3), (3, 1, 2, -1, 3), (2, 2, 1, -1, 2), (2, 1, 2, -1, 2), (2, 1, 1, -1, 1), (2, 3, 1, 3, -1), (1, 3, 2, 3, -1), (2, 2, 1, 2, -1), (1, 2, 2, 2, -1), (1, 2, 1, 1, -1), (2, 3, 1, -1, 3), (1, 3, 2, -1, 3), (2, 2, 1, -1, 2), (1, 2, 2, -1, 2), (1, 2, 1, -1, 1)]


-- 2026-01-11 21:59:54 --写入特征标:(2, 1, 5, 7, 1)
[(5, 1, 2, 7, 1), (5, 2, 2, 7, 2), (5, 2, 3, 7, 3), (5, 1, 2, 1, 7), (5, 2, 2, 2, 7), (5, 2, 3, 3, 7), (2, 5, 1, 7, 1), (2, 5, 2, 7, 2), (3, 5, 2, 7, 3), (2, 5, 1, 1, 7), (2, 5, 2, 2, 7), (3, 5, 2, 3, 7), (2, 1, 5, 7, 1), (2, 2, 5, 7, 2), (3, 2, 5, 7, 3), (2, 1, 5, 1, 7), (2, 2, 5, 2, 7), (3, 2, 5, 3, 7), (5, 2, 1, 7, 1), (5, 2, 2, 7, 2), (5, 3, 2, 7, 3), (5, 2, 1, 1, 7), (5, 2, 2, 2, 7), (5, 3, 2, 3, 7)]


-- 2026-01-11 22:00:56 --写入特征标:(2, 1, -5, 7, 1)
[(2, 1, -5, 7, 1), (2, 2, -5, 7, 2), (3, 2, -5, 7, 3), (2, 1, -5, 1, 7), (2, 2, -5, 2, 7), (3, 2, -5, 3, 7)]


-- 2026-01-11 22:01:59 --写入特征标:(2, 1, 0, 7, 1)
[(2, 1, 0, 7, 1), (2, 2, 0, 7, 2), (3, 2, 0, 7, 3), (2, 1, 0, 1, 7), (2, 2, 0, 2, 7), (3, 2, 0, 3, 7)]


-- 2026-01-11 22:02:55 --写入特征标:(2, 1, 3, 7, 1)
[(2, 3, 1, 7, 1), (3, 2, 1, 7, 1), (2, 3, 2, 7, 2), (3, 2, 2, 7, 2), (3, 3, 2, 7, 3), (2, 3, 1, 1, 7), (3, 2, 1, 1, 7), (2, 3, 2, 2, 7), (3, 2, 2, 2, 7), (3, 3, 2, 3, 7), (2, 1, 3, 7, 1), (3, 1, 2, 7, 1), (2, 2, 3, 7, 2), (3, 2, 2, 7, 2), (3, 2, 3, 7, 3), (2, 1, 3, 1, 7), (3, 1, 2, 1, 7), (2, 2, 3, 2, 7), (3, 2, 2, 2, 7), (3, 2, 3, 3, 7)]


-- 2026-01-11 22:17:23 --写入特征标:(2, 1, 3, 4, 1)
[(2, 3, 1, 4, 1), (3, 2, 1, 4, 1), (2, 3, 2, 4, 2), (3, 2, 2, 4, 2), (3, 3, 2, 4, 3), (2, 3, 1, 1, 4), (3, 2, 1, 1, 4), (2, 3, 2, 2, 4), (3, 2, 2, 2, 4), (3, 3, 2, 3, 4), (2, 1, 3, 4, 1), (3, 1, 2, 4, 1), (2, 2, 3, 4, 2), (3, 2, 2, 4, 2), (3, 2, 3, 4, 3), (2, 1, 3, 1, 4), (3, 1, 2, 1, 4), (2, 2, 3, 2, 4), (3, 2, 2, 2, 4), (3, 2, 3, 3, 4)]


-- 2026-01-11 22:20:43 --写入特征标:(2, 1, 3, -4, 1)
[(2, 3, 1, -4, 1), (3, 2, 1, -4, 1), (2, 3, 2, -4, 2), (3, 2, 2, -4, 2), (3, 3, 2, -4, 3), (2, 1, 3, -4, 1), (3, 1, 2, -4, 1), (2, 2, 3, -4, 2), (3, 2, 2, -4, 2), (3, 2, 3, -4, 3)]


-- 2026-01-11 22:38:16 --写入特征标:(2, 1, 7, -3, 1)
[(7, 1, 2, -3, 1), (7, 2, 2, -3, 2), (7, 2, 3, -3, 3), (2, 7, 1, -3, 1), (2, 7, 2, -3, 2), (3, 7, 2, -3, 3), (2, 1, 7, -3, 1), (2, 2, 7, -3, 2), (3, 2, 7, -3, 3), (7, 2, 1, -3, 1), (7, 2, 2, -3, 2), (7, 3, 2, -3, 3)]


-- 2026-01-11 22:40:42 --写入特征标:(2, 1, 3, 0, 1)
[(2, 3, 1, 0, 1), (3, 2, 1, 0, 1), (2, 3, 2, 0, 2), (3, 2, 2, 0, 2), (3, 3, 2, 0, 3), (2, 1, 3, 0, 1), (3, 1, 2, 0, 1), (2, 2, 3, 0, 2), (3, 2, 2, 0, 2), (3, 2, 3, 0, 3)]


-- 2026-01-11 22:46:07 --写入特征标:(2, 1, 7, 11, 1)
[(7, 1, 2, 11, 1), (7, 2, 2, 11, 2), (7, 2, 3, 11, 3), (7, 1, 2, 1, 11), (7, 2, 2, 2, 11), (7, 2, 3, 3, 11), (2, 7, 1, 11, 1), (2, 7, 2, 11, 2), (3, 7, 2, 11, 3), (2, 7, 1, 1, 11), (2, 7, 2, 2, 11), (3, 7, 2, 3, 11), (2, 1, 7, 11, 1), (2, 2, 7, 11, 2), (3, 2, 7, 11, 3), (2, 1, 7, 1, 11), (2, 2, 7, 2, 11), (3, 2, 7, 3, 11), (7, 2, 1, 11, 1), (7, 2, 2, 11, 2), (7, 3, 2, 11, 3), (7, 2, 1, 1, 11), (7, 2, 2, 2, 11), (7, 3, 2, 3, 11)]


-- 2026-01-11 22:46:43 --写入特征标:(2, 1, 7, 8, 1)
[(7, 1, 2, 8, 1), (7, 2, 2, 8, 2), (7, 2, 3, 8, 3), (7, 1, 2, 1, 8), (7, 2, 2, 2, 8), (7, 2, 3, 3, 8), (2, 7, 1, 8, 1), (2, 7, 2, 8, 2), (3, 7, 2, 8, 3), (2, 7, 1, 1, 8), (2, 7, 2, 2, 8), (3, 7, 2, 3, 8), (2, 1, 7, 8, 1), (2, 2, 7, 8, 2), (3, 2, 7, 8, 3), (2, 1, 7, 1, 8), (2, 2, 7, 2, 8), (3, 2, 7, 3, 8), (7, 2, 1, 8, 1), (7, 2, 2, 8, 2), (7, 3, 2, 8, 3), (7, 2, 1, 1, 8), (7, 2, 2, 2, 8), (7, 3, 2, 3, 8)]


-- 2026-01-11 22:57:19 --写入特征标:(2, 1, 7, 3, 1)
[(7, 2, 3, 3, 3), (7, 2, 2, 2, 3), (7, 2, 2, 3, 2), (7, 1, 2, 1, 3), (7, 1, 2, 3, 1), (3, 7, 2, 3, 3), (2, 7, 2, 2, 3), (2, 7, 2, 3, 2), (2, 7, 1, 1, 3), (2, 7, 1, 3, 1), (3, 2, 7, 3, 3), (2, 2, 7, 2, 3), (2, 2, 7, 3, 2), (2, 1, 7, 1, 3), (2, 1, 7, 3, 1), (7, 3, 2, 3, 3), (7, 2, 2, 2, 3), (7, 2, 2, 3, 2), (7, 2, 1, 1, 3), (7, 2, 1, 3, 1)]


-- 2026-01-11 23:32:22 --写入特征标:(2, 1, -7, 1, 1)
[(2, 1, -7, 1, 1), (2, 2, -7, 2, 1), (2, 2, -7, 1, 2), (3, 2, -7, 3, 1), (3, 2, -7, 1, 3)]


-- 2026-01-11 23:35:39 --写入特征标:(2, 1, 7, 1, 1)
[(7, 1, 2, 1, 1), (7, 2, 2, 2, 1), (7, 2, 2, 1, 2), (7, 2, 3, 3, 1), (7, 2, 3, 1, 3), (2, 7, 1, 1, 1), (2, 7, 2, 2, 1), (2, 7, 2, 1, 2), (3, 7, 2, 3, 1), (3, 7, 2, 1, 3), (2, 1, 7, 1, 1), (2, 2, 7, 2, 1), (2, 2, 7, 1, 2), (3, 2, 7, 3, 1), (3, 2, 7, 1, 3), (7, 2, 1, 1, 1), (7, 2, 2, 2, 1), (7, 2, 2, 1, 2), (7, 3, 2, 3, 1), (7, 3, 2, 1, 3)]


-- 2026-01-11 23:44:29 --写入特征标:(2, 1, 3, 1, 1)
[(2, 3, 1, 1, 1), (3, 2, 1, 1, 1), (2, 3, 2, 2, 1), (2, 3, 2, 1, 2), (3, 2, 2, 2, 1), (3, 2, 2, 1, 2), (3, 3, 2, 3, 1), (3, 3, 2, 1, 3), (2, 1, 3, 1, 1), (3, 1, 2, 1, 1), (2, 2, 3, 2, 1), (2, 2, 3, 1, 2), (3, 2, 2, 2, 1), (3, 2, 2, 1, 2), (3, 2, 3, 3, 1), (3, 2, 3, 1, 3)]


-- 2026-01-12 23:05:12 --写入特征标:(3, 1, -3, 1, 4)
[(3, 2, -3, 2, 4), (3, 1, -3, 1, 4)]


-- 2026-01-12 23:16:06 --写入特征标:(3, 1, -3, 1, 2)
[(4, 3, -3, 2, 4), (3, 3, -3, 2, 3), (3, 2, -3, 2, 2), (3, 1, -3, 1, 2)]


-- 2026-01-12 23:20:16 --写入特征标:(4, 1, 7, 1, 2)
[(7, 3, 4, 2, 3), (7, 2, 4, 2, 2), (7, 1, 4, 1, 2), (4, 7, 3, 2, 3), (4, 7, 2, 2, 2), (4, 7, 1, 1, 2), (4, 3, 7, 2, 3), (4, 2, 7, 2, 2), (4, 1, 7, 1, 2), (7, 4, 3, 2, 3), (7, 4, 2, 2, 2), (7, 4, 1, 1, 2)]


-- 2026-01-12 23:29:08 --写入特征标:(3, 1, 3, 2, 3)
[(4, 3, 1, 2, 4), (3, 4, 1, 2, 4), (3, 3, 1, 2, 3), (4, 1, 3, 2, 4), (3, 1, 4, 2, 4), (3, 1, 3, 2, 3)]


-- 2026-01-12 23:31:25 --写入特征标:(3, 3, 3, 2, 3)
[(4, 3, 3, 2, 4), (3, 4, 3, 2, 4), (3, 3, 4, 2, 4), (3, 3, 3, 2, 3)]


-- 2026-01-12 23:36:16 --写入特征标:(3, 1, 3, 1, 2)
[(3, 3, 3, 2, 3), (4, 3, 3, 2, 4), (3, 2, 3, 2, 2), (3, 3, 2, 2, 2), (3, 1, 3, 1, 2), (3, 3, 1, 1, 2)]


-- 2026-01-12 23:43:16 --写入特征标:(4, 1, 4, 1, 2)
[(4, 4, 3, 2, 3), (4, 4, 2, 2, 2), (4, 4, 1, 1, 2), (4, 3, 4, 2, 3), (4, 2, 4, 2, 2), (4, 1, 4, 1, 2)]


-- 2026-01-12 23:46:00 --写入特征标:(4, 1, 5, 1, 2)
[(5, 3, 4, 2, 3), (5, 2, 4, 2, 2), (5, 1, 4, 1, 2), (4, 5, 3, 2, 3), (4, 5, 2, 2, 2), (4, 5, 1, 1, 2), (4, 3, 5, 2, 3), (4, 2, 5, 2, 2), (4, 1, 5, 1, 2), (5, 4, 3, 2, 3), (5, 4, 2, 2, 2), (5, 4, 1, 1, 2)]


-- 2026-01-12 23:52:27 --写入特征标:(7, 3, 3, 2, 3)
[(7, 4, 3, 2, 4), (7, 3, 4, 2, 4), (7, 3, 3, 2, 3)]


-- 2026-01-13 15:34:14 --写入特征标:(3, 1, 5, 1, 2)
[(5, 3, 3, 2, 3), (5, 3, 4, 2, 4), (5, 2, 3, 2, 2), (5, 1, 3, 1, 2), (3, 5, 3, 2, 3), (4, 5, 3, 2, 4), (3, 5, 2, 2, 2), (3, 5, 1, 1, 2), (3, 3, 5, 2, 3), (4, 3, 5, 2, 4), (3, 2, 5, 2, 2), (3, 1, 5, 1, 2), (5, 3, 3, 2, 3), (5, 4, 3, 2, 4), (5, 3, 2, 2, 2), (5, 3, 1, 1, 2)]


-- 2026-01-13 16:05:14 --写入特征标:(2, 1, 11, 1, 21)
[(11, 2, 3, 3, 21), (11, 2, 2, 2, 21), (11, 1, 2, 1, 21), (3, 11, 2, 3, 21), (2, 11, 2, 2, 21), (2, 11, 1, 1, 21), (3, 2, 11, 3, 21), (2, 2, 11, 2, 21), (2, 1, 11, 1, 21), (11, 3, 2, 3, 21), (11, 2, 2, 2, 21), (11, 2, 1, 1, 21)]


-- 2026-01-13 16:11:21 --写入特征标:(2, 1, 3, 1, 21)
[(2, 3, 1, 1, 21), (3, 2, 1, 1, 21), (2, 3, 2, 2, 21), (3, 2, 2, 2, 21), (3, 3, 2, 3, 21), (2, 1, 3, 1, 21), (3, 1, 2, 1, 21), (2, 2, 3, 2, 21), (3, 2, 2, 2, 21), (3, 2, 3, 3, 21)]


-- 2026-01-13 16:50:36 --写入特征标:(3, 2, -5, 1, 3)
[(4, 2, -5, 1, 4), (3, 2, -5, 1, 3)]


-- 2026-01-13 16:50:56 --写入特征标:(2, 1, -5, 1, 3)
[(4, 2, -5, 3, 4), (2, 1, -5, 1, 3), (2, 2, -5, 2, 3), (3, 2, -5, 3, 3)]


-- 2026-01-13 16:53:41 --写入特征标:(3, 2, 0, 1, 3)
[(4, 2, 0, 1, 4), (3, 2, 0, 1, 3)]


-- 2026-01-13 17:00:32 --写入特征标:(3, 2, 9, 1, 3)
[(9, 2, 4, 1, 4), (9, 2, 3, 1, 3), (4, 9, 2, 1, 4), (3, 9, 2, 1, 3), (4, 2, 9, 1, 4), (3, 2, 9, 1, 3), (9, 4, 2, 1, 4), (9, 3, 2, 1, 3)]


-- 2026-01-13 17:01:03 --写入特征标:(3, 2, 4, 1, 3)
[(3, 4, 2, 1, 3), (4, 3, 2, 1, 3), (4, 4, 2, 1, 4), (3, 2, 4, 1, 3), (4, 2, 3, 1, 3), (4, 2, 4, 1, 4)]


-- 2026-01-13 17:17:48 --写入特征标:(2, 1, 7, 1, -3)
[(7, 1, 2, 1, -3), (7, 2, 2, 2, -3), (7, 2, 3, 3, -3), (7, 1, 2, -3, 1), (7, 2, 2, -3, 2), (7, 2, 3, -3, 3), (2, 7, 1, 1, -3), (2, 7, 2, 2, -3), (3, 7, 2, 3, -3), (2, 7, 1, -3, 1), (2, 7, 2, -3, 2), (3, 7, 2, -3, 3), (2, 1, 7, 1, -3), (2, 2, 7, 2, -3), (3, 2, 7, 3, -3), (2, 1, 7, -3, 1), (2, 2, 7, -3, 2), (3, 2, 7, -3, 3), (7, 2, 1, 1, -3), (7, 2, 2, 2, -3), (7, 3, 2, 3, -3), (7, 2, 1, -3, 1), (7, 2, 2, -3, 2), (7, 3, 2, -3, 3)]


-- 2026-01-13 17:19:58 --写入特征标:(2, 1, 3, 1, -3)
[(2, 3, 1, 1, -3), (3, 2, 1, 1, -3), (2, 3, 2, 2, -3), (3, 2, 2, 2, -3), (3, 3, 2, 3, -3), (2, 3, 1, -3, 1), (3, 2, 1, -3, 1), (2, 3, 2, -3, 2), (3, 2, 2, -3, 2), (3, 3, 2, -3, 3), (2, 1, 3, 1, -3), (3, 1, 2, 1, -3), (2, 2, 3, 2, -3), (3, 2, 2, 2, -3), (3, 2, 3, 3, -3), (2, 1, 3, -3, 1), (3, 1, 2, -3, 1), (2, 2, 3, -3, 2), (3, 2, 2, -3, 2), (3, 2, 3, -3, 3)]


-- 2026-01-13 17:37:54 --写入特征标:(4, 1, 1, 1, 0)
[(4, 1, 1, 1, 0), (4, 1, 2, 2, 0), (4, 2, 1, 2, 0), (4, 1, 1, 0, 1), (4, 1, 2, 0, 2), (4, 2, 1, 0, 2)]


-- 2026-01-13 23:55:38 --写入特征标:(-1, 2, 1, 7, 1)
[(3, -1, 2, 7, 3), (2, -1, 2, 7, 2), (2, -1, 1, 7, 1), (3, -1, 2, 3, 7), (2, -1, 2, 2, 7), (2, -1, 1, 1, 7), (2, 3, -1, 7, 3), (2, 2, -1, 7, 2), (1, 2, -1, 7, 1), (2, 3, -1, 3, 7), (2, 2, -1, 2, 7), (1, 2, -1, 1, 7), (-1, 3, 2, 7, 3), (-1, 2, 2, 7, 2), (-1, 2, 1, 7, 1), (-1, 3, 2, 3, 7), (-1, 2, 2, 2, 7), (-1, 2, 1, 1, 7), (3, 2, -1, 7, 3), (2, 2, -1, 7, 2), (2, 1, -1, 7, 1), (3, 2, -1, 3, 7), (2, 2, -1, 2, 7), (2, 1, -1, 1, 7)]


-- 2026-01-13 23:56:42 --写入特征标:(-1, 2, 1, 3, 1)
[(3, -1, 2, 3, 3), (2, -1, 2, 2, 3), (2, -1, 2, 3, 2), (2, -1, 1, 1, 3), (2, -1, 1, 3, 1), (2, 3, -1, 3, 3), (2, 2, -1, 2, 3), (2, 2, -1, 3, 2), (1, 2, -1, 1, 3), (1, 2, -1, 3, 1), (-1, 3, 2, 3, 3), (-1, 2, 2, 2, 3), (-1, 2, 2, 3, 2), (-1, 2, 1, 1, 3), (-1, 2, 1, 3, 1), (3, 2, -1, 3, 3), (2, 2, -1, 2, 3), (2, 2, -1, 3, 2), (2, 1, -1, 1, 3), (2, 1, -1, 3, 1)]


-- 2026-01-13 23:58:40 --写入特征标:(0, 2, 1, 7, 1)
[(3, 0, 2, 7, 3), (2, 0, 2, 7, 2), (2, 0, 1, 7, 1), (3, 0, 2, 3, 7), (2, 0, 2, 2, 7), (2, 0, 1, 1, 7), (2, 3, 0, 7, 3), (2, 2, 0, 7, 2), (1, 2, 0, 7, 1), (2, 3, 0, 3, 7), (2, 2, 0, 2, 7), (1, 2, 0, 1, 7), (0, 3, 2, 7, 3), (0, 2, 2, 7, 2), (0, 2, 1, 7, 1), (0, 3, 2, 3, 7), (0, 2, 2, 2, 7), (0, 2, 1, 1, 7), (3, 2, 0, 7, 3), (2, 2, 0, 7, 2), (2, 1, 0, 7, 1), (3, 2, 0, 3, 7), (2, 2, 0, 2, 7), (2, 1, 0, 1, 7)]


-- 2026-01-14 00:00:58 --写入特征标:(0, 2, 1, -7, 1)
[(3, 0, 2, -7, 3), (2, 0, 2, -7, 2), (2, 0, 1, -7, 1), (2, 3, 0, -7, 3), (2, 2, 0, -7, 2), (1, 2, 0, -7, 1), (0, 3, 2, -7, 3), (0, 2, 2, -7, 2), (0, 2, 1, -7, 1), (3, 2, 0, -7, 3), (2, 2, 0, -7, 2), (2, 1, 0, -7, 1)]


-- 2026-01-14 13:13:05 --写入特征标:(3, 2, 1, -1, 3)
[(4, 2, 1, -1, 4), (3, 2, 1, -1, 3)]


-- 2026-01-14 13:13:22 --写入特征标:(3, 2, 1, 4, 3)
[(4, 2, 1, 4, 4), (3, 2, 1, 3, 4), (3, 2, 1, 4, 3)]


-- 2026-01-14 13:13:32 --写入特征标:(3, 2, 1, 7, 3)
[(4, 2, 1, 7, 4), (3, 2, 1, 7, 3), (4, 2, 1, 4, 7), (3, 2, 1, 3, 7)]


-- 2026-01-14 13:15:15 --写入特征标:(3, 2, 1, 7, 1)
[(4, 3, 2, 7, 4), (3, 3, 2, 7, 3), (3, 2, 2, 7, 2), (3, 2, 1, 7, 1), (4, 3, 2, 4, 7), (3, 3, 2, 3, 7), (3, 2, 2, 2, 7), (3, 2, 1, 1, 7)]


-- 2026-01-14 13:26:44 --写入特征标:(3, 2, 1, 5, 3)
[(4, 2, 1, 5, 4), (3, 2, 1, 5, 3), (4, 2, 1, 4, 5), (3, 2, 1, 3, 5)]


-- 2026-01-14 13:55:52 --写入特征标:(2, 3, 1, 7, 1)
[(2, 3, 1, 7, 1), (3, 2, 1, 7, 1), (2, 3, 2, 7, 2), (3, 2, 2, 7, 2), (3, 3, 2, 7, 3), (2, 3, 1, 1, 7), (3, 2, 1, 1, 7), (2, 3, 2, 2, 7), (3, 2, 2, 2, 7), (3, 3, 2, 3, 7)]


-- 2026-01-14 14:33:35 --写入特征标:(7, 2, 1, 1, 1)
[(7, 2, 1, 1, 1), (7, 2, 2, 2, 1), (7, 2, 2, 1, 2), (7, 3, 2, 3, 1), (7, 3, 2, 1, 3)]


-- 2026-01-14 14:38:56 --写入特征标:(-3, 2, 1, 1, 1)
[(2, -3, 1, 1, 1), (2, -3, 2, 2, 1), (2, -3, 2, 1, 2), (3, -3, 2, 3, 1), (3, -3, 2, 1, 3), (1, 2, -3, 1, 1), (2, 2, -3, 2, 1), (2, 2, -3, 1, 2), (2, 3, -3, 3, 1), (2, 3, -3, 1, 3), (-3, 2, 1, 1, 1), (-3, 2, 2, 2, 1), (-3, 2, 2, 1, 2), (-3, 3, 2, 3, 1), (-3, 3, 2, 1, 3), (2, 1, -3, 1, 1), (2, 2, -3, 2, 1), (2, 2, -3, 1, 2), (3, 2, -3, 3, 1), (3, 2, -3, 1, 3)]


-- 2026-01-14 23:31:01 --写入特征标:(7, 3, 2, 1, 2)
[(7, 4, 3, 1, 4), (7, 3, 3, 1, 3), (7, 3, 2, 1, 2)]


-- 2026-01-14 23:31:37 --写入特征标:(7, 3, 1, 1, 2)
[(7, 4, 3, 2, 4), (7, 3, 3, 2, 3), (7, 3, 1, 1, 2), (7, 3, 2, 2, 2)]


-- 2026-01-14 23:40:28 --写入特征标:(-4, 3, 2, 1, 2)
[(3, -4, 2, 1, 2), (3, -4, 3, 1, 3), (4, -4, 3, 1, 4), (2, 3, -4, 1, 2), (3, 3, -4, 1, 3), (3, 4, -4, 1, 4), (-4, 3, 2, 1, 2), (-4, 3, 3, 1, 3), (-4, 4, 3, 1, 4), (3, 2, -4, 1, 2), (3, 3, -4, 1, 3), (4, 3, -4, 1, 4)]


-- 2026-01-14 23:41:22 --写入特征标:(-4, 3, 1, 1, 2)
[(3, -4, 1, 1, 2), (3, -4, 2, 2, 2), (3, -4, 3, 2, 3), (4, -4, 3, 2, 4), (1, 3, -4, 1, 2), (2, 3, -4, 2, 2), (3, 3, -4, 2, 3), (3, 4, -4, 2, 4), (-4, 3, 1, 1, 2), (-4, 3, 2, 2, 2), (-4, 3, 3, 2, 3), (-4, 4, 3, 2, 4), (3, 1, -4, 1, 2), (3, 2, -4, 2, 2), (3, 3, -4, 2, 3), (4, 3, -4, 2, 4)]


-- 2026-01-14 23:43:32 --写入特征标:(3, 3, -4, 2, 3)
[(4, 3, -4, 2, 4), (3, 4, -4, 2, 4), (3, 3, -4, 2, 3)]


-- 2026-01-15 00:00:52 --写入特征标:(3, 7, 2, 1, 2)
[(4, 7, 3, 1, 4), (3, 7, 3, 1, 3), (3, 7, 2, 1, 2), (7, 4, 3, 1, 4), (7, 3, 3, 1, 3), (7, 3, 2, 1, 2)]


-- 2026-01-15 00:03:14 --写入特征标:(3, 7, 1, 1, 2)
[(4, 7, 3, 2, 4), (3, 7, 3, 2, 3), (3, 7, 1, 1, 2), (3, 7, 2, 2, 2), (7, 4, 3, 2, 4), (7, 3, 3, 2, 3), (7, 3, 1, 1, 2), (7, 3, 2, 2, 2)]


-- 2026-01-15 00:10:53 --写入特征标:(3, -4, 2, 1, 2)
[(3, -4, 2, 1, 2), (3, -4, 3, 1, 3), (4, -4, 3, 1, 4), (3, 2, -4, 1, 2), (3, 3, -4, 1, 3), (4, 3, -4, 1, 4)]


-- 2026-01-15 00:11:33 --写入特征标:(3, -4, 1, 1, 2)
[(3, -4, 1, 1, 2), (3, -4, 2, 2, 2), (3, -4, 3, 2, 3), (4, -4, 3, 2, 4), (3, 1, -4, 1, 2), (3, 2, -4, 2, 2), (3, 3, -4, 2, 3), (4, 3, -4, 2, 4)]


-- 2026-01-15 15:28:41 --写入特征标:(-3, 2, 1, 1, 9)
[(2, -3, 1, 1, 9), (2, -3, 2, 2, 9), (3, -3, 2, 3, 9), (1, 2, -3, 1, 9), (2, 2, -3, 2, 9), (2, 3, -3, 3, 9), (-3, 2, 1, 1, 9), (-3, 2, 2, 2, 9), (-3, 3, 2, 3, 9), (2, 1, -3, 1, 9), (2, 2, -3, 2, 9), (3, 2, -3, 3, 9)]


-- 2026-01-15 15:29:07 --写入特征标:(-3, 2, 1, 1, 4)
[(2, -3, 1, 1, 4), (2, -3, 2, 2, 4), (3, -3, 2, 3, 4), (1, 2, -3, 1, 4), (2, 2, -3, 2, 4), (2, 3, -3, 3, 4), (-3, 2, 1, 1, 4), (-3, 2, 2, 2, 4), (-3, 3, 2, 3, 4), (2, 1, -3, 1, 4), (2, 2, -3, 2, 4), (3, 2, -3, 3, 4)]


-- 2026-01-15 15:29:40 --写入特征标:(-3, 2, 1, 1, -4)
[(2, -3, 1, 1, -4), (2, -3, 2, 2, -4), (3, -3, 2, 3, -4), (2, -3, 1, -4, 1), (2, -3, 2, -4, 2), (3, -3, 2, -4, 3), (1, 2, -3, 1, -4), (2, 2, -3, 2, -4), (2, 3, -3, 3, -4), (1, 2, -3, -4, 1), (2, 2, -3, -4, 2), (2, 3, -3, -4, 3), (-3, 2, 1, 1, -4), (-3, 2, 2, 2, -4), (-3, 3, 2, 3, -4), (-3, 2, 1, -4, 1), (-3, 2, 2, -4, 2), (-3, 3, 2, -4, 3), (2, 1, -3, 1, -4), (2, 2, -3, 2, -4), (3, 2, -3, 3, -4), (2, 1, -3, -4, 1), (2, 2, -3, -4, 2), (3, 2, -3, -4, 3)]


-- 2026-01-15 15:31:29 --写入特征标:(-1, 2, 1, 1, 0)
[(2, -1, 1, 1, 0), (2, -1, 2, 2, 0), (3, -1, 2, 3, 0), (2, -1, 1, 0, 1), (2, -1, 2, 0, 2), (3, -1, 2, 0, 3), (1, 2, -1, 1, 0), (2, 2, -1, 2, 0), (2, 3, -1, 3, 0), (1, 2, -1, 0, 1), (2, 2, -1, 0, 2), (2, 3, -1, 0, 3), (-1, 2, 1, 1, 0), (-1, 2, 2, 2, 0), (-1, 3, 2, 3, 0), (-1, 2, 1, 0, 1), (-1, 2, 2, 0, 2), (-1, 3, 2, 0, 3), (2, 1, -1, 1, 0), (2, 2, -1, 2, 0), (3, 2, -1, 3, 0), (2, 1, -1, 0, 1), (2, 2, -1, 0, 2), (3, 2, -1, 0, 3)]


-- 2026-01-15 15:33:14 --写入特征标:(-1, 2, 1, 1, 7)
[(2, -1, 1, 1, 7), (2, -1, 2, 2, 7), (3, -1, 2, 3, 7), (1, 2, -1, 1, 7), (2, 2, -1, 2, 7), (2, 3, -1, 3, 7), (-1, 2, 1, 1, 7), (-1, 2, 2, 2, 7), (-1, 3, 2, 3, 7), (2, 1, -1, 1, 7), (2, 2, -1, 2, 7), (3, 2, -1, 3, 7)]


-- 2026-01-15 15:36:09 --写入特征标:(3, 2, 1, 1, 7)
[(3, 2, 1, 1, 7), (3, 2, 2, 2, 7), (3, 3, 2, 3, 7), (4, 3, 2, 4, 7)]


-- 2026-01-15 15:42:08 --写入特征标:(3, 2, 1, 1, -2)
[(3, 2, 1, 1, -2), (3, 2, 2, 2, -2), (3, 3, 2, 3, -2), (4, 3, 2, 4, -2), (3, 2, 1, -2, 1), (3, 2, 2, -2, 2), (3, 3, 2, -2, 3), (4, 3, 2, -2, 4)]


-- 2026-01-15 15:50:40 --写入特征标:(7, 2, 1, 1, 4)
[(7, 3, 2, 3, 4), (7, 2, 2, 2, 4), (7, 2, 1, 1, 4)]


-- 2026-01-15 16:00:24 --写入特征标:(-4, 2, 1, 1, 4)
[(3, -4, 2, 3, 4), (2, -4, 2, 2, 4), (2, -4, 1, 1, 4), (2, 3, -4, 3, 4), (2, 2, -4, 2, 4), (1, 2, -4, 1, 4), (-4, 3, 2, 3, 4), (-4, 2, 2, 2, 4), (-4, 2, 1, 1, 4), (3, 2, -4, 3, 4), (2, 2, -4, 2, 4), (2, 1, -4, 1, 4)]


-- 2026-01-15 16:00:39 --写入特征标:(-4, 2, 1, 1, 3)
[(4, -4, 2, 3, 4), (3, -4, 2, 3, 3), (2, -4, 2, 2, 3), (2, -4, 1, 1, 3), (2, 4, -4, 3, 4), (2, 3, -4, 3, 3), (2, 2, -4, 2, 3), (1, 2, -4, 1, 3), (-4, 4, 2, 3, 4), (-4, 3, 2, 3, 3), (-4, 2, 2, 2, 3), (-4, 2, 1, 1, 3), (4, 2, -4, 3, 4), (3, 2, -4, 3, 3), (2, 2, -4, 2, 3), (2, 1, -4, 1, 3)]


-- 2026-01-15 16:25:17 --写入特征标:(2, 7, 1, 1, 4)
[(2, 7, 1, 1, 4), (2, 7, 2, 2, 4), (3, 7, 2, 3, 4), (7, 2, 1, 1, 4), (7, 2, 2, 2, 4), (7, 3, 2, 3, 4)]


-- 2026-01-15 16:26:28 --写入特征标:(2, 7, 1, 2, 3)
[(4, 7, 1, 3, 4), (3, 7, 1, 3, 3), (2, 7, 1, 2, 3), (7, 4, 1, 3, 4), (7, 3, 1, 3, 3), (7, 2, 1, 2, 3)]


-- 2026-01-15 16:27:05 --写入特征标:(2, 7, 1, 1, 3)
[(4, 7, 2, 3, 4), (3, 7, 2, 3, 3), (2, 7, 2, 2, 3), (2, 7, 1, 1, 3), (7, 4, 2, 3, 4), (7, 3, 2, 3, 3), (7, 2, 2, 2, 3), (7, 2, 1, 1, 3)]


-- 2026-01-15 16:30:28 --写入特征标:(2, -4, 1, 2, 3)
[(4, -4, 1, 3, 4), (3, -4, 1, 3, 3), (2, -4, 1, 2, 3), (4, 1, -4, 3, 4), (3, 1, -4, 3, 3), (2, 1, -4, 2, 3)]


-- 2026-01-15 16:30:48 --写入特征标:(2, -4, 1, 1, 3)
[(4, -4, 2, 3, 4), (3, -4, 2, 3, 3), (2, -4, 2, 2, 3), (2, -4, 1, 1, 3), (4, 2, -4, 3, 4), (3, 2, -4, 3, 3), (2, 2, -4, 2, 3), (2, 1, -4, 1, 3)]


-- 2026-01-15 16:39:09 --写入特征标:(2, 2, 1, 1, -4)
[(3, 2, 2, 3, -4), (2, 3, 2, 3, -4), (2, 2, 2, 2, -4), (2, 2, 1, 1, -4), (3, 2, 2, -4, 3), (2, 3, 2, -4, 3), (2, 2, 2, -4, 2), (2, 2, 1, -4, 1)]


-- 2026-01-16 11:40:53 --写入特征标:(1, 1, 1, 1)
[(1, 1, 1, 1), (2, 1, 1, 2), (1, 2, 1, 2), (2, 1, 2, 1), (1, 2, 2, 1), (2, 2, 2, 2)]


-- 2026-01-16 14:24:38 --写入特征标:(2, 1, 1, 1)
[(2, 1, 1, 1), (2, 2, 2, 1), (2, 2, 1, 2), (3, 2, 3, 1), (3, 2, 1, 3)]


-- 2026-01-16 14:37:16 --写入特征标:(2, 1, 1, 3)
[(2, 1, 1, 3), (2, 2, 2, 3), (4, 2, 3, 4), (3, 2, 3, 3)]


-- 2026-01-23 15:03:36 --写入特征标:(1, 3, 4, 5, 1)
[(2, 3, 4, 5, 2), (1, 3, 4, 5, 1), (3, 2, 5, 4, 2), (3, 1, 5, 4, 1), (4, 5, 2, 3, 2), (4, 5, 1, 3, 1), (5, 4, 3, 2, 2), (5, 4, 3, 1, 1), (4, 2, 3, 5, 2), (4, 1, 3, 5, 1), (5, 3, 2, 4, 2), (5, 3, 1, 4, 1), (2, 4, 5, 3, 2), (1, 4, 5, 3, 1), (3, 5, 4, 2, 2), (3, 5, 4, 1, 1), (3, 4, 2, 5, 2), (3, 4, 1, 5, 1), (2, 5, 3, 4, 2), (1, 5, 3, 4, 1), (5, 2, 4, 3, 2), (5, 1, 4, 3, 1), (4, 3, 5, 2, 2), (4, 3, 5, 1, 1), (3, 2, 4, 5, 2), (3, 1, 4, 5, 1), (2, 3, 5, 4, 2), (1, 3, 5, 4, 1), (5, 4, 2, 3, 2), (5, 4, 1, 3, 1), (4, 5, 3, 2, 2), (4, 5, 3, 1, 1), (2, 4, 3, 5, 2), (1, 4, 3, 5, 1), (3, 5, 2, 4, 2), (3, 5, 1, 4, 1), (4, 2, 5, 3, 2), (4, 1, 5, 3, 1), (5, 3, 4, 2, 2), (5, 3, 4, 1, 1), (4, 3, 2, 5, 2), (4, 3, 1, 5, 1), (5, 2, 3, 4, 2), (5, 1, 3, 4, 1), (2, 5, 4, 3, 2), (1, 5, 4, 3, 1), (3, 4, 5, 2, 2), (3, 4, 5, 1, 1)]


-- 2026-01-23 16:48:11 --写入特征标:(7, 3, 0, -3, 0)
[(7, 3, 1, -3, 1), (7, 3, 0, -3, 0)]


-- 2026-01-23 19:58:21 --写入特征标:(0, -3, 3, 2, 0)
[(0, -3, 3, 2, 0), (1, -3, 3, 2, 1), (2, 3, -3, 0, 0), (2, 3, -3, 1, 1), (3, 2, 0, -3, 0), (3, 2, 1, -3, 1), (3, 2, 0, -3, 0), (3, 2, 1, -3, 1), (3, 0, -3, 2, 0), (3, 1, -3, 2, 1), (0, 3, 2, -3, 0), (1, 3, 2, -3, 1), (3, -3, 2, 0, 0), (3, -3, 2, 1, 1), (2, 0, 3, -3, 0), (2, 1, 3, -3, 1), (3, 2, -3, 0, 0), (3, 2, -3, 1, 1), (2, 3, 0, -3, 0), (2, 3, 1, -3, 1), (0, 3, -3, 2, 0), (1, 3, -3, 2, 1), (2, -3, 3, 0, 0), (2, -3, 3, 1, 1), (3, 0, 2, -3, 0), (3, 1, 2, -3, 1), (3, 0, 2, -3, 0), (3, 1, 2, -3, 1), (3, -3, 0, 2, 0), (3, -3, 1, 2, 1), (0, 2, 3, -3, 0), (1, 2, 3, -3, 1)]


-- 2026-01-23 20:19:42 --写入特征标:(8, 0, 4, -3, 0)
[(8, 4, 1, -3, 1), (8, 4, 0, -3, 0), (8, 1, 4, -3, 1), (8, 0, 4, -3, 0)]


-- 2026-01-23 20:44:37 --写入特征标:(8, 4, 0, -3, 0)
[(8, 4, 1, -3, 1), (8, 4, 0, -3, 0)]


-- 2026-01-23 23:23:26 --写入特征标:(4, 3, 0, -3, 0)
[(4, 3, 1, -3, 1), (4, 3, 0, -3, 0)]


-- 2026-01-23 23:24:00 --写入特征标:(4, 0, 3, -3, 0)
[(4, 3, 1, -3, 1), (4, 3, 0, -3, 0), (4, 1, 3, -3, 1), (4, 0, 3, -3, 0)]


-- 2026-01-23 23:27:43 --写入特征标:(3, 2, 0, -3, 0)
[(3, 2, 1, -3, 1), (3, 2, 0, -3, 0)]


-- 2026-01-23 23:28:23 --写入特征标:(3, 0, 2, -3, 0)
[(3, 2, 1, -3, 1), (3, 2, 0, -3, 0), (3, 1, 2, -3, 1), (3, 0, 2, -3, 0)]


-- 2026-02-09 15:19:53 --写入特征标:(0, 7, 2, 13, 0)
[(7, 13, 0, 2, 0), (7, 13, 1, 2, 1), (7, 13, 0, 2, 0), (7, 13, 1, 2, 1), (13, 7, 2, 0, 0), (13, 7, 2, 1, 1), (13, 7, 2, 0, 0), (13, 7, 2, 1, 1), (7, 0, 2, 13, 0), (7, 1, 2, 13, 1), (13, 2, 0, 7, 0), (13, 2, 1, 7, 1), (0, 7, 13, 2, 0), (1, 7, 13, 2, 1), (2, 13, 7, 0, 0), (2, 13, 7, 1, 1), (2, 7, 0, 13, 0), (2, 7, 1, 13, 1), (0, 13, 2, 7, 0), (1, 13, 2, 7, 1), (13, 0, 7, 2, 0), (13, 1, 7, 2, 1), (7, 2, 13, 0, 0), (7, 2, 13, 1, 1), (13, 7, 0, 2, 0), (13, 7, 1, 2, 1), (13, 7, 0, 2, 0), (13, 7, 1, 2, 1), (7, 13, 2, 0, 0), (7, 13, 2, 1, 1), (7, 13, 2, 0, 0), (7, 13, 2, 1, 1), (0, 7, 2, 13, 0), (1, 7, 2, 13, 1), (2, 13, 0, 7, 0), (2, 13, 1, 7, 1), (7, 0, 13, 2, 0), (7, 1, 13, 2, 1), (13, 2, 7, 0, 0), (13, 2, 7, 1, 1), (7, 2, 0, 13, 0), (7, 2, 1, 13, 1), (13, 0, 2, 7, 0), (13, 1, 2, 7, 1), (0, 13, 7, 2, 0), (1, 13, 7, 2, 1), (2, 7, 13, 0, 0), (2, 7, 13, 1, 1)]


-- 2026-03-09 16:53:51 --写入特征标:(7, 11, 0, 2, 0)
[(7, 11, 1, 2, 1), (7, 11, 0, 2, 0), (11, 7, 2, 1, 1), (11, 7, 2, 0, 0), (11, 7, 1, 2, 1), (11, 7, 0, 2, 0), (7, 11, 2, 1, 1), (7, 11, 2, 0, 0)]


-- 2026-03-09 16:57:01 --写入特征标:(11, 7, 0, 2, 0)
[(11, 7, 2, 1, 1), (11, 7, 2, 0, 0), (11, 7, 1, 2, 1), (11, 7, 0, 2, 0)]


-- 2026-03-09 16:58:57 --写入特征标:(7, 11, 2, 0, 0)
[(11, 7, 2, 1, 1), (11, 7, 2, 0, 0), (7, 11, 2, 1, 1), (7, 11, 2, 0, 0)]


-- 2026-03-09 17:00:30 --写入特征标:(11, 7, 2, 0, 0)
[(11, 7, 2, 1, 1), (11, 7, 2, 0, 0)]


-- 2026-03-10 14:38:10 --写入特征标:(0, 1, 0, -7, 0)
[(0, 1, 0, -7, 0), (0, 1, 1, -7, 1), (1, 1, 0, -7, 1), (0, 2, 1, -7, 2), (1, 2, 0, -7, 2), (1, 0, 0, -7, 0), (1, 0, 1, -7, 1), (1, 1, 0, -7, 1), (2, 0, 1, -7, 2), (2, 1, 0, -7, 2)]


-- 2026-03-10 15:27:33 --写入特征标:(0, 0, 0, 7, 0)
[(1, 0, 0, 7, 1), (0, 1, 0, 7, 1), (0, 0, 1, 7, 1), (0, 0, 0, 7, 0), (1, 7, 0, 0, 1), (0, 7, 1, 0, 1), (0, 7, 0, 1, 1), (0, 7, 0, 0, 0), (1, 0, 7, 0, 1), (0, 1, 7, 0, 1), (0, 0, 7, 1, 1), (0, 0, 7, 0, 0), (7, 1, 0, 0, 1), (7, 0, 1, 0, 1), (7, 0, 0, 1, 1), (7, 0, 0, 0, 0)]


-- 2026-03-10 16:03:50 --写入特征标:(0, 1, 0, -1, 0)
[(0, 1, 0, -1, 0), (0, 1, 1, -1, 1), (1, 1, 0, -1, 1), (0, 2, 1, -1, 2), (1, 2, 0, -1, 2), (1, 0, 0, -1, 0), (1, 0, 1, -1, 1), (1, 1, 0, -1, 1), (2, 0, 1, -1, 2), (2, 1, 0, -1, 2)]


-- 2026-03-10 16:50:50 --写入特征标:(0, 1, 0, 1, 0)
[(0, 1, 0, 1, 0), (0, 1, 1, 0, 0), (1, 1, 0, 0, 0), (0, 1, 1, 1, 1), (1, 1, 0, 1, 1), (1, 1, 1, 0, 1), (0, 2, 1, 1, 2), (1, 2, 0, 1, 2), (1, 2, 1, 0, 2), (1, 0, 0, 1, 0), (1, 0, 1, 0, 0), (1, 1, 0, 0, 0), (1, 0, 1, 1, 1), (1, 1, 0, 1, 1), (1, 1, 1, 0, 1), (2, 0, 1, 1, 2), (2, 1, 0, 1, 2), (2, 1, 1, 0, 2)]


-- 2026-03-10 22:04:02 --写入特征标:(0, -1, 8, 0, -1)
[(0, 8, -1, 0, -1), (0, 8, 0, -1, -1), (0, 8, 0, 0, 0), (1, 8, 0, 0, 1), (8, -1, 0, 0, -1), (8, 0, 0, -1, -1), (8, 0, 0, 0, 0), (8, 0, 1, 0, 1), (8, 0, -1, 0, -1), (8, 0, 0, -1, -1), (8, 0, 0, 0, 0), (8, 1, 0, 0, 1), (0, -1, 8, 0, -1), (0, 0, 8, -1, -1), (0, 0, 8, 0, 0), (1, 0, 8, 0, 1)]


-- 2026-03-10 23:27:16 --写入特征标:(0, 1, 7, 0, 0)
[(1, 7, 0, 0, 0), (1, 7, 0, 1, 1), (1, 7, 1, 0, 1), (2, 7, 0, 1, 2), (2, 7, 1, 0, 2), (0, 1, 7, 0, 0), (0, 1, 7, 1, 1), (1, 1, 7, 0, 1), (0, 2, 7, 1, 2), (1, 2, 7, 0, 2), (7, 0, 1, 0, 0), (7, 0, 1, 1, 1), (7, 1, 1, 0, 1), (7, 0, 2, 1, 2), (7, 1, 2, 0, 2), (7, 1, 0, 0, 0), (7, 1, 0, 1, 1), (7, 1, 1, 0, 1), (7, 2, 0, 1, 2), (7, 2, 1, 0, 2), (1, 0, 7, 0, 0), (1, 0, 7, 1, 1), (1, 1, 7, 0, 1), (2, 0, 7, 1, 2), (2, 1, 7, 0, 2), (0, 7, 1, 0, 0), (0, 7, 1, 1, 1), (1, 7, 1, 0, 1), (0, 7, 2, 1, 2), (1, 7, 2, 0, 2)]


-- 2026-03-10 23:37:38 --写入特征标:(0, 1, -4, 0, 0)
[(1, 0, -4, 0, 0), (1, 0, -4, 1, 1), (1, 1, -4, 0, 1), (2, 0, -4, 1, 2), (2, 1, -4, 0, 2), (0, 1, 0, -4, 0), (0, 1, 1, -4, 1), (1, 1, 0, -4, 1), (0, 2, 1, -4, 2), (1, 2, 0, -4, 2), (0, 1, -4, 0, 0), (0, 1, -4, 1, 1), (1, 1, -4, 0, 1), (0, 2, -4, 1, 2), (1, 2, -4, 0, 2), (1, 0, 0, -4, 0), (1, 0, 1, -4, 1), (1, 1, 0, -4, 1), (2, 0, 1, -4, 2), (2, 1, 0, -4, 2)]


-- 2026-03-11 00:02:16 --写入特征标:(0, 8, 1, 0, 0)
[(2, 8, 1, 0, 2), (2, 8, 0, 1, 2), (1, 8, 1, 0, 1), (1, 8, 0, 1, 1), (1, 8, 0, 0, 0), (8, 1, 2, 0, 2), (8, 0, 2, 1, 2), (8, 1, 1, 0, 1), (8, 0, 1, 1, 1), (8, 0, 1, 0, 0), (8, 2, 1, 0, 2), (8, 2, 0, 1, 2), (8, 1, 1, 0, 1), (8, 1, 0, 1, 1), (8, 1, 0, 0, 0), (1, 8, 2, 0, 2), (0, 8, 2, 1, 2), (1, 8, 1, 0, 1), (0, 8, 1, 1, 1), (0, 8, 1, 0, 0)]


-- 2026-03-11 16:47:08 --写入特征标:(4, 1, 7, 9, 1)
[(4, 1, 9, 7, 1), (4, 2, 9, 7, 2), (7, 9, 1, 4, 1), (7, 9, 2, 4, 2), (9, 7, 4, 1, 1), (9, 7, 4, 2, 2), (7, 1, 4, 9, 1), (7, 2, 4, 9, 2), (9, 4, 1, 7, 1), (9, 4, 2, 7, 2), (4, 9, 7, 1, 1), (4, 9, 7, 2, 2), (4, 7, 1, 9, 1), (4, 7, 2, 9, 2), (9, 1, 7, 4, 1), (9, 2, 7, 4, 2), (7, 4, 9, 1, 1), (7, 4, 9, 2, 2), (4, 1, 7, 9, 1), (4, 2, 7, 9, 2), (9, 7, 1, 4, 1), (9, 7, 2, 4, 2), (7, 9, 4, 1, 1), (7, 9, 4, 2, 2), (4, 9, 1, 7, 1), (4, 9, 2, 7, 2), (7, 1, 9, 4, 1), (7, 2, 9, 4, 2), (9, 4, 7, 1, 1), (9, 4, 7, 2, 2), (7, 4, 1, 9, 1), (7, 4, 2, 9, 2), (9, 1, 4, 7, 1), (9, 2, 4, 7, 2), (4, 7, 9, 1, 1), (4, 7, 9, 2, 2)]


-- 2026-03-11 23:32:02 --写入特征标:(-3, 0, 1, 0, 0)
[(0, -3, 1, 0, 0), (0, -3, 1, 1, 1), (1, -3, 1, 0, 1), (0, -3, 2, 1, 2), (1, -3, 2, 0, 2), (1, 0, -3, 0, 0), (1, 0, -3, 1, 1), (1, 1, -3, 0, 1), (2, 0, -3, 1, 2), (2, 1, -3, 0, 2), (0, 1, 0, -3, 0), (0, 1, 1, -3, 1), (1, 1, 0, -3, 1), (0, 2, 1, -3, 2), (1, 2, 0, -3, 2), (-3, 1, 0, 0, 0), (-3, 1, 0, 1, 1), (-3, 1, 1, 0, 1), (-3, 2, 0, 1, 2), (-3, 2, 1, 0, 2), (-3, 0, 1, 0, 0), (-3, 0, 1, 1, 1), (-3, 1, 1, 0, 1), (-3, 0, 2, 1, 2), (-3, 1, 2, 0, 2), (0, 1, -3, 0, 0), (0, 1, -3, 1, 1), (1, 1, -3, 0, 1), (0, 2, -3, 1, 2), (1, 2, -3, 0, 2), (1, 0, 0, -3, 0), (1, 0, 1, -3, 1), (1, 1, 0, -3, 1), (2, 0, 1, -3, 2), (2, 1, 0, -3, 2), (1, -3, 0, 0, 0), (1, -3, 0, 1, 1), (1, -3, 1, 0, 1), (2, -3, 0, 1, 2), (2, -3, 1, 0, 2), (0, 0, 1, -3, 0), (0, 1, 1, -3, 1), (1, 0, 1, -3, 1), (0, 1, 2, -3, 2), (1, 0, 2, -3, 2)]


-- 2026-03-11 23:32:17 --写入特征标:(5, 0, 1, 0, 0)
[(5, 0, 1, 0, 0), (5, 0, 1, 1, 1), (5, 1, 1, 0, 1), (5, 0, 2, 1, 2), (5, 1, 2, 0, 2), (5, 1, 0, 0, 0), (5, 1, 0, 1, 1), (5, 1, 1, 0, 1), (5, 2, 0, 1, 2), (5, 2, 1, 0, 2)]


-- 2026-03-11 23:32:56 --写入特征标:(-5, 0, 1, 0, 0)
[(0, -5, 1, 0, 0), (0, -5, 1, 1, 1), (1, -5, 1, 0, 1), (0, -5, 2, 1, 2), (1, -5, 2, 0, 2), (1, 0, -5, 0, 0), (1, 0, -5, 1, 1), (1, 1, -5, 0, 1), (2, 0, -5, 1, 2), (2, 1, -5, 0, 2), (0, 1, 0, -5, 0), (0, 1, 1, -5, 1), (1, 1, 0, -5, 1), (0, 2, 1, -5, 2), (1, 2, 0, -5, 2), (-5, 1, 0, 0, 0), (-5, 1, 0, 1, 1), (-5, 1, 1, 0, 1), (-5, 2, 0, 1, 2), (-5, 2, 1, 0, 2), (-5, 0, 1, 0, 0), (-5, 0, 1, 1, 1), (-5, 1, 1, 0, 1), (-5, 0, 2, 1, 2), (-5, 1, 2, 0, 2), (0, 1, -5, 0, 0), (0, 1, -5, 1, 1), (1, 1, -5, 0, 1), (0, 2, -5, 1, 2), (1, 2, -5, 0, 2), (1, 0, 0, -5, 0), (1, 0, 1, -5, 1), (1, 1, 0, -5, 1), (2, 0, 1, -5, 2), (2, 1, 0, -5, 2), (1, -5, 0, 0, 0), (1, -5, 0, 1, 1), (1, -5, 1, 0, 1), (2, -5, 0, 1, 2), (2, -5, 1, 0, 2), (0, 0, 1, -5, 0), (0, 1, 1, -5, 1), (1, 0, 1, -5, 1), (0, 1, 2, -5, 2), (1, 0, 2, -5, 2)]


-- 2026-03-12 10:13:37 --写入特征标:(1, 0, -4, 4, 0)
[(1, 4, -4, 0, 0), (1, 4, -4, 1, 1), (2, 4, -4, 1, 2), (4, 1, 0, -4, 0), (4, 1, 1, -4, 1), (4, 2, 1, -4, 2), (4, 0, -4, 1, 0), (4, 1, -4, 1, 1), (4, 1, -4, 2, 2), (1, 0, 4, -4, 0), (1, 1, 4, -4, 1), (2, 1, 4, -4, 2), (4, 1, -4, 0, 0), (4, 1, -4, 1, 1), (4, 2, -4, 1, 2), (1, 4, 0, -4, 0), (1, 4, 1, -4, 1), (2, 4, 1, -4, 2), (4, 0, 1, -4, 0), (4, 1, 1, -4, 1), (4, 1, 2, -4, 2), (1, 0, -4, 4, 0), (1, 1, -4, 4, 1), (2, 1, -4, 4, 2)]


-- 2026-03-12 10:14:21 --写入特征标:(1, 0, -4, 6, 0)
[(1, 6, -4, 0, 0), (1, 6, -4, 1, 1), (2, 6, -4, 1, 2), (6, 1, 0, -4, 0), (6, 1, 1, -4, 1), (6, 2, 1, -4, 2), (6, 0, -4, 1, 0), (6, 1, -4, 1, 1), (6, 1, -4, 2, 2), (1, 0, 6, -4, 0), (1, 1, 6, -4, 1), (2, 1, 6, -4, 2), (6, 1, -4, 0, 0), (6, 1, -4, 1, 1), (6, 2, -4, 1, 2), (1, 6, 0, -4, 0), (1, 6, 1, -4, 1), (2, 6, 1, -4, 2), (6, 0, 1, -4, 0), (6, 1, 1, -4, 1), (6, 1, 2, -4, 2), (1, 0, -4, 6, 0), (1, 1, -4, 6, 1), (2, 1, -4, 6, 2)]


-- 2026-03-12 10:15:22 --写入特征标:(1, 0, -4, 2, 0)
[(1, 2, -4, 0, 0), (2, 1, -4, 0, 0), (1, 2, -4, 1, 1), (2, 1, -4, 1, 1), (2, 2, -4, 1, 2), (1, 0, 2, -4, 0), (2, 0, 1, -4, 0), (1, 1, 2, -4, 1), (2, 1, 1, -4, 1), (2, 1, 2, -4, 2), (1, 2, 0, -4, 0), (2, 1, 0, -4, 0), (1, 2, 1, -4, 1), (2, 1, 1, -4, 1), (2, 2, 1, -4, 2), (1, 0, -4, 2, 0), (2, 0, -4, 1, 0), (1, 1, -4, 2, 1), (2, 1, -4, 1, 1), (2, 1, -4, 2, 2)]


-- 2026-03-12 10:37:35 --写入特征标:(1, 0, 1, 5, 0)
[(5, 0, 1, 1, 0), (1, 0, 5, 1, 0), (1, 0, 1, 5, 0), (5, 1, 0, 1, 0), (1, 5, 0, 1, 0), (1, 1, 0, 5, 0), (5, 1, 1, 0, 0), (1, 5, 1, 0, 0), (1, 1, 5, 0, 0), (5, 1, 1, 1, 1), (1, 5, 1, 1, 1), (1, 1, 5, 1, 1), (1, 1, 1, 5, 1), (5, 2, 1, 1, 2), (2, 5, 1, 1, 2), (5, 1, 2, 1, 2), (2, 1, 5, 1, 2), (5, 1, 1, 2, 2), (2, 1, 1, 5, 2), (5, 1, 1, 1, 1)]


-- 2026-03-12 11:19:42 --写入特征标:(1, 0, 6, 9, 0)
[(1, 0, 9, 6, 0), (1, 1, 9, 6, 1), (2, 1, 9, 6, 2), (6, 9, 0, 1, 0), (6, 9, 1, 1, 1), (6, 9, 1, 2, 2), (9, 6, 1, 0, 0), (9, 6, 1, 1, 1), (9, 6, 2, 1, 2), (6, 0, 1, 9, 0), (6, 1, 1, 9, 1), (6, 1, 2, 9, 2), (9, 1, 0, 6, 0), (9, 1, 1, 6, 1), (9, 2, 1, 6, 2), (1, 9, 6, 0, 0), (1, 9, 6, 1, 1), (2, 9, 6, 1, 2), (1, 6, 0, 9, 0), (1, 6, 1, 9, 1), (2, 6, 1, 9, 2), (9, 0, 6, 1, 0), (9, 1, 6, 1, 1), (9, 1, 6, 2, 2), (6, 1, 9, 0, 0), (6, 1, 9, 1, 1), (6, 2, 9, 1, 2), (1, 0, 6, 9, 0), (1, 1, 6, 9, 1), (2, 1, 6, 9, 2), (9, 6, 0, 1, 0), (9, 6, 1, 1, 1), (9, 6, 1, 2, 2), (6, 9, 1, 0, 0), (6, 9, 1, 1, 1), (6, 9, 2, 1, 2), (1, 9, 0, 6, 0), (1, 9, 1, 6, 1), (2, 9, 1, 6, 2), (6, 0, 9, 1, 0), (6, 1, 9, 1, 1), (6, 1, 9, 2, 2), (9, 1, 6, 0, 0), (9, 1, 6, 1, 1), (9, 2, 6, 1, 2), (6, 1, 0, 9, 0), (6, 1, 1, 9, 1), (6, 2, 1, 9, 2), (9, 0, 1, 6, 0), (9, 1, 1, 6, 1), (9, 1, 2, 6, 2), (1, 6, 9, 0, 0), (1, 6, 9, 1, 1), (2, 6, 9, 1, 2)]


-- 2026-03-12 11:20:20 --写入特征标:(1, 0, 3, 9, 0)
[(1, 0, 9, 3, 0), (1, 1, 9, 3, 1), (2, 1, 9, 3, 2), (3, 9, 0, 1, 0), (3, 9, 1, 1, 1), (3, 9, 1, 2, 2), (9, 3, 1, 0, 0), (9, 3, 1, 1, 1), (9, 3, 2, 1, 2), (3, 0, 1, 9, 0), (3, 1, 1, 9, 1), (3, 1, 2, 9, 2), (9, 1, 0, 3, 0), (9, 1, 1, 3, 1), (9, 2, 1, 3, 2), (1, 9, 3, 0, 0), (1, 9, 3, 1, 1), (2, 9, 3, 1, 2), (1, 3, 0, 9, 0), (1, 3, 1, 9, 1), (2, 3, 1, 9, 2), (9, 0, 3, 1, 0), (9, 1, 3, 1, 1), (9, 1, 3, 2, 2), (3, 1, 9, 0, 0), (3, 1, 9, 1, 1), (3, 2, 9, 1, 2), (1, 0, 3, 9, 0), (1, 1, 3, 9, 1), (2, 1, 3, 9, 2), (9, 3, 0, 1, 0), (9, 3, 1, 1, 1), (9, 3, 1, 2, 2), (3, 9, 1, 0, 0), (3, 9, 1, 1, 1), (3, 9, 2, 1, 2), (1, 9, 0, 3, 0), (1, 9, 1, 3, 1), (2, 9, 1, 3, 2), (3, 0, 9, 1, 0), (3, 1, 9, 1, 1), (3, 1, 9, 2, 2), (9, 1, 3, 0, 0), (9, 1, 3, 1, 1), (9, 2, 3, 1, 2), (3, 1, 0, 9, 0), (3, 1, 1, 9, 1), (3, 2, 1, 9, 2), (9, 0, 1, 3, 0), (9, 1, 1, 3, 1), (9, 1, 2, 3, 2), (1, 3, 9, 0, 0), (1, 3, 9, 1, 1), (2, 3, 9, 1, 2)]


-- 2026-03-12 11:22:02 --写入特征标:(1, 0, 2, 9, 0)
[(1, 0, 9, 2, 0), (2, 0, 9, 1, 0), (1, 1, 9, 2, 1), (2, 1, 9, 1, 1), (2, 1, 9, 2, 2), (9, 1, 0, 2, 0), (9, 2, 0, 1, 0), (9, 1, 1, 2, 1), (9, 2, 1, 1, 1), (9, 2, 1, 2, 2), (1, 9, 2, 0, 0), (2, 9, 1, 0, 0), (1, 9, 2, 1, 1), (2, 9, 1, 1, 1), (2, 9, 2, 1, 2), (1, 2, 0, 9, 0), (2, 1, 0, 9, 0), (1, 2, 1, 9, 1), (2, 1, 1, 9, 1), (2, 2, 1, 9, 2), (1, 0, 2, 9, 0), (2, 0, 1, 9, 0), (1, 1, 2, 9, 1), (2, 1, 1, 9, 1), (2, 1, 2, 9, 2), (1, 9, 0, 2, 0), (2, 9, 0, 1, 0), (1, 9, 1, 2, 1), (2, 9, 1, 1, 1), (2, 9, 1, 2, 2), (9, 1, 2, 0, 0), (9, 2, 1, 0, 0), (9, 1, 2, 1, 1), (9, 2, 1, 1, 1), (9, 2, 2, 1, 2), (9, 0, 1, 2, 0), (9, 0, 2, 1, 0), (9, 1, 1, 2, 1), (9, 1, 2, 1, 1), (9, 1, 2, 2, 2), (1, 2, 9, 0, 0), (2, 1, 9, 0, 0), (1, 2, 9, 1, 1), (2, 1, 9, 1, 1), (2, 2, 9, 1, 2)]


-- 2026-03-12 11:32:16 --写入特征标:(1, 0, 5, 5, 0)
[(5, 5, 0, 1, 0), (5, 5, 1, 1, 1), (5, 5, 1, 2, 2), (5, 0, 1, 5, 0), (5, 1, 1, 5, 1), (5, 1, 2, 5, 2), (1, 5, 0, 5, 0), (1, 5, 1, 5, 1), (2, 5, 1, 5, 2), (5, 1, 5, 0, 0), (5, 1, 5, 1, 1), (5, 2, 5, 1, 2), (1, 0, 5, 5, 0), (1, 1, 5, 5, 1), (2, 1, 5, 5, 2), (5, 5, 1, 0, 0), (5, 5, 1, 1, 1), (5, 5, 2, 1, 2), (5, 0, 5, 1, 0), (5, 1, 5, 1, 1), (5, 1, 5, 2, 2), (5, 1, 0, 5, 0), (5, 1, 1, 5, 1), (5, 2, 1, 5, 2), (1, 5, 5, 0, 0), (1, 5, 5, 1, 1), (2, 5, 5, 1, 2)]


-- 2026-03-12 17:10:49 --写入特征标:(1, 0, 6, 1, 0)
[(1, 6, 0, 1, 0), (1, 6, 1, 0, 0), (1, 6, 1, 1, 1), (2, 6, 1, 1, 2), (6, 0, 1, 1, 0), (6, 1, 1, 0, 0), (6, 1, 1, 1, 1), (6, 1, 2, 1, 2), (6, 1, 0, 1, 0), (6, 1, 1, 0, 0), (6, 1, 1, 1, 1), (6, 2, 1, 1, 2), (1, 0, 6, 1, 0), (1, 1, 6, 0, 0), (1, 1, 6, 1, 1), (2, 1, 6, 1, 2)]


-- 2026-03-12 19:50:26 --写入特征标:(1, 0, 6, -1, 0)
[(6, 1, 0, -1, 0), (6, 1, 1, -1, 1), (6, 2, 1, -1, 2), (1, 0, 6, -1, 0), (1, 1, 6, -1, 1), (2, 1, 6, -1, 2), (1, 6, 0, -1, 0), (1, 6, 1, -1, 1), (2, 6, 1, -1, 2), (6, 0, 1, -1, 0), (6, 1, 1, -1, 1), (6, 1, 2, -1, 2)]


-- 2026-03-12 20:10:14 --写入特征标:(1, 0, 0, 7, 0)
[(1, 7, 0, 0, 0), (1, 7, 0, 1, 1), (1, 7, 1, 0, 1), (2, 7, 0, 1, 2), (2, 7, 1, 0, 2), (1, 0, 0, 7, 0), (1, 0, 1, 7, 1), (1, 1, 0, 7, 1), (2, 0, 1, 7, 2), (2, 1, 0, 7, 2), (7, 0, 1, 0, 0), (7, 0, 1, 1, 1), (7, 1, 1, 0, 1), (7, 0, 2, 1, 2), (7, 1, 2, 0, 2), (7, 1, 0, 0, 0), (7, 1, 0, 1, 1), (7, 1, 1, 0, 1), (7, 2, 0, 1, 2), (7, 2, 1, 0, 2), (1, 0, 7, 0, 0), (1, 0, 7, 1, 1), (1, 1, 7, 0, 1), (2, 0, 7, 1, 2), (2, 1, 7, 0, 2), (7, 0, 0, 1, 0), (7, 0, 1, 1, 1), (7, 1, 0, 1, 1), (7, 0, 1, 2, 2), (7, 1, 0, 2, 2)]


-- 2026-03-12 20:30:36 --写入特征标:(1, 0, -3, 0, 0)
[(1, 0, -3, 0, 0), (1, 0, -3, 1, 1), (1, 1, -3, 0, 1), (2, 0, -3, 1, 2), (2, 1, -3, 0, 2), (1, 0, 0, -3, 0), (1, 0, 1, -3, 1), (1, 1, 0, -3, 1), (2, 0, 1, -3, 2), (2, 1, 0, -3, 2)]


-- 2026-03-12 20:33:06 --写入特征标:(1, 0, 1, 0, 0)
[(2, 1, 1, 0, 2), (2, 1, 0, 1, 2), (1, 2, 1, 0, 2), (1, 2, 0, 1, 2), (1, 1, 1, 0, 1), (1, 1, 0, 1, 1), (1, 1, 0, 0, 0), (2, 1, 1, 0, 2), (2, 0, 1, 1, 2), (1, 1, 2, 0, 2), (1, 0, 2, 1, 2), (1, 1, 1, 0, 1), (1, 0, 1, 1, 1), (1, 0, 1, 0, 0)]


-- 2026-03-12 20:35:54 --写入特征标:(1, 0, 6, 0, 0)
[(2, 6, 1, 0, 2), (2, 6, 0, 1, 2), (1, 6, 1, 0, 1), (1, 6, 0, 1, 1), (1, 6, 0, 0, 0), (6, 1, 2, 0, 2), (6, 0, 2, 1, 2), (6, 1, 1, 0, 1), (6, 0, 1, 1, 1), (6, 0, 1, 0, 0), (6, 2, 1, 0, 2), (6, 2, 0, 1, 2), (6, 1, 1, 0, 1), (6, 1, 0, 1, 1), (6, 1, 0, 0, 0), (2, 1, 6, 0, 2), (2, 0, 6, 1, 2), (1, 1, 6, 0, 1), (1, 0, 6, 1, 1), (1, 0, 6, 0, 0)]


-- 2026-03-12 22:55:40 --写入特征标:(-3, 4, 0, 4, 0)
[(4, 4, -3, 1, 1), (4, 4, -3, 0, 0), (4, 4, -3, 1, 1), (4, 4, -3, 0, 0), (4, -3, 1, 4, 1), (4, -3, 0, 4, 0), (-3, 4, 4, 1, 1), (-3, 4, 4, 0, 0), (1, 4, -3, 4, 1), (0, 4, -3, 4, 0), (4, 1, 4, -3, 1), (4, 0, 4, -3, 0), (4, 4, 1, -3, 1), (4, 4, 0, -3, 0), (4, 4, 1, -3, 1), (4, 4, 0, -3, 0), (-3, 4, 1, 4, 1), (-3, 4, 0, 4, 0), (4, -3, 4, 1, 1), (4, -3, 4, 0, 0), (4, 1, -3, 4, 1), (4, 0, -3, 4, 0), (1, 4, 4, -3, 1), (0, 4, 4, -3, 0)]


-- 2026-03-12 22:56:09 --写入特征标:(-3, 2, 0, 2, 0)
[(2, 2, -3, 1, 1), (2, 2, -3, 0, 0), (2, 2, -3, 1, 1), (2, 2, -3, 0, 0), (2, -3, 1, 2, 1), (2, -3, 0, 2, 0), (-3, 2, 2, 1, 1), (-3, 2, 2, 0, 0), (1, 2, -3, 2, 1), (0, 2, -3, 2, 0), (2, 1, 2, -3, 1), (2, 0, 2, -3, 0), (2, 2, 1, -3, 1), (2, 2, 0, -3, 0), (2, 2, 1, -3, 1), (2, 2, 0, -3, 0), (-3, 2, 1, 2, 1), (-3, 2, 0, 2, 0), (2, -3, 2, 1, 1), (2, -3, 2, 0, 0), (2, 1, -3, 2, 1), (2, 0, -3, 2, 0), (1, 2, 2, -3, 1), (0, 2, 2, -3, 0)]


-- 2026-03-13 10:44:10 --写入特征标:(3, 1, 0, -3, 0)
[(3, 1, 0, -3, 0), (3, 1, 1, -3, 1), (3, 2, 1, -3, 2)]


-- 2026-03-13 10:57:50 --写入特征标:(5, 1, 0, 9, 0)
[(5, 9, 0, 1, 0), (5, 9, 1, 1, 1), (5, 9, 1, 2, 2), (9, 5, 1, 0, 0), (9, 5, 1, 1, 1), (9, 5, 2, 1, 2), (9, 1, 0, 5, 0), (9, 1, 1, 5, 1), (9, 2, 1, 5, 2), (5, 1, 9, 0, 0), (5, 1, 9, 1, 1), (5, 2, 9, 1, 2), (9, 5, 0, 1, 0), (9, 5, 1, 1, 1), (9, 5, 1, 2, 2), (5, 9, 1, 0, 0), (5, 9, 1, 1, 1), (5, 9, 2, 1, 2), (9, 1, 5, 0, 0), (9, 1, 5, 1, 1), (9, 2, 5, 1, 2), (5, 1, 0, 9, 0), (5, 1, 1, 9, 1), (5, 2, 1, 9, 2)]


-- 2026-03-13 10:58:59 --写入特征标:(5, 1, 0, 5, 0)
[(5, 5, 0, 1, 0), (5, 5, 1, 1, 1), (5, 5, 1, 2, 2), (5, 1, 5, 0, 0), (5, 1, 5, 1, 1), (5, 2, 5, 1, 2), (5, 5, 1, 0, 0), (5, 5, 1, 1, 1), (5, 5, 2, 1, 2), (5, 1, 0, 5, 0), (5, 1, 1, 5, 1), (5, 2, 1, 5, 2)]


-- 2026-03-13 11:00:19 --写入特征标:(9, 1, 0, 5, 0)
[(9, 5, 1, 0, 0), (9, 5, 1, 1, 1), (9, 5, 2, 1, 2), (9, 1, 0, 5, 0), (9, 1, 1, 5, 1), (9, 2, 1, 5, 2), (9, 5, 0, 1, 0), (9, 5, 1, 1, 1), (9, 5, 1, 2, 2), (9, 1, 5, 0, 0), (9, 1, 5, 1, 1), (9, 2, 5, 1, 2)]


-- 2026-03-13 11:01:33 --写入特征标:(9, 1, 0, 2, 0)
[(9, 1, 0, 2, 0), (9, 2, 0, 1, 0), (9, 1, 1, 2, 1), (9, 2, 1, 1, 1), (9, 2, 1, 2, 2), (9, 1, 2, 0, 0), (9, 2, 1, 0, 0), (9, 1, 2, 1, 1), (9, 2, 1, 1, 1), (9, 2, 2, 1, 2)]


-- 2026-03-13 14:20:22 --写入特征标:(2, 1, 0, 6, 0)
[(2, 6, 0, 1, 0), (2, 6, 1, 1, 1), (2, 6, 1, 2, 2), (3, 6, 1, 2, 3), (6, 2, 1, 0, 0), (6, 2, 1, 1, 1), (6, 2, 2, 1, 2), (6, 3, 2, 1, 3), (6, 1, 0, 2, 0), (6, 1, 1, 2, 1), (6, 2, 1, 2, 2), (6, 2, 1, 3, 3), (2, 1, 6, 0, 0), (2, 1, 6, 1, 1), (2, 2, 6, 1, 2), (3, 2, 6, 1, 3), (6, 2, 0, 1, 0), (6, 2, 1, 1, 1), (6, 2, 1, 2, 2), (6, 3, 1, 2, 3), (2, 6, 1, 0, 0), (2, 6, 1, 1, 1), (2, 6, 2, 1, 2), (3, 6, 2, 1, 3), (6, 1, 2, 0, 0), (6, 1, 2, 1, 1), (6, 2, 2, 1, 2), (6, 2, 3, 1, 3), (2, 1, 0, 6, 0), (2, 1, 1, 6, 1), (2, 2, 1, 6, 2), (3, 2, 1, 6, 3)]


-- 2026-03-13 15:11:34 --写入特征标:(6, 2, 2, 1, 2)
[(6, 3, 2, 1, 3), (6, 2, 3, 1, 3), (6, 2, 2, 1, 2)]


-- 2026-03-13 16:57:10 --写入特征标:(-5, 1, 0, -3, 0)
[(0, 1, -5, -3, 0), (1, 1, -5, -3, 1), (1, 2, -5, -3, 2), (1, 0, -3, -5, 0), (1, 1, -3, -5, 1), (2, 1, -3, -5, 2), (-3, 1, 0, -5, 0), (-3, 1, 1, -5, 1), (-3, 2, 1, -5, 2), (1, -5, 0, -3, 0), (1, -5, 1, -3, 1), (2, -5, 1, -3, 2), (1, 0, -5, -3, 0), (1, 1, -5, -3, 1), (2, 1, -5, -3, 2), (0, 1, -3, -5, 0), (1, 1, -3, -5, 1), (1, 2, -3, -5, 2), (1, -3, 0, -5, 0), (1, -3, 1, -5, 1), (2, -3, 1, -5, 2), (-5, 1, 0, -3, 0), (-5, 1, 1, -3, 1), (-5, 2, 1, -3, 2)]


-- 2026-03-13 16:58:07 --写入特征标:(-3, 1, 0, -3, 0)
[(0, 1, -3, -3, 0), (1, 1, -3, -3, 1), (1, 2, -3, -3, 2), (1, -3, 0, -3, 0), (1, -3, 1, -3, 1), (2, -3, 1, -3, 2), (1, 0, -3, -3, 0), (1, 1, -3, -3, 1), (2, 1, -3, -3, 2), (-3, 1, 0, -3, 0), (-3, 1, 1, -3, 1), (-3, 2, 1, -3, 2)]


-- 2026-03-13 16:59:20 --写入特征标:(-3, 1, 0, 1, 0)
[(1, 0, -3, 1, 0), (1, 1, -3, 0, 0), (1, 1, -3, 1, 1), (2, 1, -3, 1, 2), (0, 1, 1, -3, 0), (1, 1, 0, -3, 0), (1, 1, 1, -3, 1), (1, 2, 1, -3, 2), (-3, 1, 0, 1, 0), (-3, 1, 1, 0, 0), (-3, 1, 1, 1, 1), (-3, 2, 1, 1, 2), (0, 1, -3, 1, 0), (1, 1, -3, 0, 0), (1, 1, -3, 1, 1), (1, 2, -3, 1, 2), (1, 0, 1, -3, 0), (1, 1, 0, -3, 0), (1, 1, 1, -3, 1), (2, 1, 1, -3, 2), (1, -3, 0, 1, 0), (1, -3, 1, 0, 0), (1, -3, 1, 1, 1), (2, -3, 1, 1, 2)]


-- 2026-03-13 21:17:44 --写入特征标:(-1, 1, 0, 2, 0)
[(1, 2, -1, 0, 0), (2, 1, -1, 0, 0), (1, 2, -1, 1, 1), (2, 1, -1, 1, 1), (2, 2, -1, 1, 2), (1, 2, -1, 0, 0), (2, 1, -1, 0, 0), (1, 2, -1, 1, 1), (2, 1, -1, 1, 1), (2, 2, -1, 1, 2), (1, -1, 0, 2, 0), (2, -1, 0, 1, 0), (1, -1, 1, 2, 1), (2, -1, 1, 1, 1), (2, -1, 1, 2, 2), (-1, 1, 2, 0, 0), (-1, 2, 1, 0, 0), (-1, 1, 2, 1, 1), (-1, 2, 1, 1, 1), (-1, 2, 2, 1, 2), (0, 1, -1, 2, 0), (0, 2, -1, 1, 0), (1, 1, -1, 2, 1), (1, 2, -1, 1, 1), (1, 2, -1, 2, 2), (1, 0, 2, -1, 0), (2, 0, 1, -1, 0), (1, 1, 2, -1, 1), (2, 1, 1, -1, 1), (2, 1, 2, -1, 2), (1, 2, 0, -1, 0), (2, 1, 0, -1, 0), (1, 2, 1, -1, 1), (2, 1, 1, -1, 1), (2, 2, 1, -1, 2), (1, 2, 0, -1, 0), (2, 1, 0, -1, 0), (1, 2, 1, -1, 1), (2, 1, 1, -1, 1), (2, 2, 1, -1, 2), (-1, 1, 0, 2, 0), (-1, 2, 0, 1, 0), (-1, 1, 1, 2, 1), (-1, 2, 1, 1, 1), (-1, 2, 1, 2, 2), (1, -1, 2, 0, 0), (2, -1, 1, 0, 0), (1, -1, 2, 1, 1), (2, -1, 1, 1, 1), (2, -1, 2, 1, 2), (1, 0, -1, 2, 0), (2, 0, -1, 1, 0), (1, 1, -1, 2, 1), (2, 1, -1, 1, 1), (2, 1, -1, 2, 2), (0, 1, 2, -1, 0), (0, 2, 1, -1, 0), (1, 1, 2, -1, 1), (1, 2, 1, -1, 1), (1, 2, 2, -1, 2)]


-- 2026-03-14 10:21:32 --写入特征标:(1, 5, 0, -7, 0)
[(5, 1, 0, -7, 0), (5, 1, 1, -7, 1), (5, 2, 1, -7, 2), (1, 5, 0, -7, 0), (1, 5, 1, -7, 1), (2, 5, 1, -7, 2)]


-- 2026-03-14 10:59:30 --写入特征标:(1, 9, 0, 4, 0)
[(4, 9, 0, 1, 0), (4, 9, 1, 1, 1), (4, 9, 1, 2, 2), (9, 4, 1, 0, 0), (9, 4, 1, 1, 1), (9, 4, 2, 1, 2), (9, 1, 0, 4, 0), (9, 1, 1, 4, 1), (9, 2, 1, 4, 2), (1, 9, 4, 0, 0), (1, 9, 4, 1, 1), (2, 9, 4, 1, 2), (9, 4, 0, 1, 0), (9, 4, 1, 1, 1), (9, 4, 1, 2, 2), (4, 9, 1, 0, 0), (4, 9, 1, 1, 1), (4, 9, 2, 1, 2), (1, 9, 0, 4, 0), (1, 9, 1, 4, 1), (2, 9, 1, 4, 2), (9, 1, 4, 0, 0), (9, 1, 4, 1, 1), (9, 2, 4, 1, 2)]


-- 2026-03-14 11:00:33 --写入特征标:(1, 9, 0, 2, 0)
[(9, 1, 0, 2, 0), (9, 2, 0, 1, 0), (9, 1, 1, 2, 1), (9, 2, 1, 1, 1), (9, 2, 1, 2, 2), (1, 9, 2, 0, 0), (2, 9, 1, 0, 0), (1, 9, 2, 1, 1), (2, 9, 1, 1, 1), (2, 9, 2, 1, 2), (1, 9, 0, 2, 0), (2, 9, 0, 1, 0), (1, 9, 1, 2, 1), (2, 9, 1, 1, 1), (2, 9, 1, 2, 2), (9, 1, 2, 0, 0), (9, 2, 1, 0, 0), (9, 1, 2, 1, 1), (9, 2, 1, 1, 1), (9, 2, 2, 1, 2)]


-- 2026-03-14 11:01:00 --写入特征标:(1, 3, 0, 2, 0)
[(3, 1, 0, 2, 0), (3, 2, 0, 1, 0), (3, 1, 1, 2, 1), (3, 2, 1, 1, 1), (3, 2, 1, 2, 2), (1, 3, 2, 0, 0), (2, 3, 1, 0, 0), (1, 3, 2, 1, 1), (2, 3, 1, 1, 1), (2, 3, 2, 1, 2), (1, 3, 0, 2, 0), (2, 3, 0, 1, 0), (1, 3, 1, 2, 1), (2, 3, 1, 1, 1), (2, 3, 1, 2, 2), (3, 1, 2, 0, 0), (3, 2, 1, 0, 0), (3, 1, 2, 1, 1), (3, 2, 1, 1, 1), (3, 2, 2, 1, 2)]


-- 2026-03-14 11:02:34 --写入特征标:(1, 4, 0, 4, 0)
[(4, 4, 0, 1, 0), (4, 4, 1, 1, 1), (4, 4, 1, 2, 2), (1, 4, 0, 4, 0), (1, 4, 1, 4, 1), (2, 4, 1, 4, 2), (4, 1, 4, 0, 0), (4, 1, 4, 1, 1), (4, 2, 4, 1, 2), (4, 4, 1, 0, 0), (4, 4, 1, 1, 1), (4, 4, 2, 1, 2), (4, 1, 0, 4, 0), (4, 1, 1, 4, 1), (4, 2, 1, 4, 2), (1, 4, 4, 0, 0), (1, 4, 4, 1, 1), (2, 4, 4, 1, 2)]


-- 2026-03-14 11:05:34 --写入特征标:(1, 4, 0, 7, 0)
[(4, 7, 0, 1, 0), (4, 7, 1, 1, 1), (4, 7, 1, 2, 2), (7, 4, 1, 0, 0), (7, 4, 1, 1, 1), (7, 4, 2, 1, 2), (7, 1, 0, 4, 0), (7, 1, 1, 4, 1), (7, 2, 1, 4, 2), (1, 7, 4, 0, 0), (1, 7, 4, 1, 1), (2, 7, 4, 1, 2), (1, 4, 0, 7, 0), (1, 4, 1, 7, 1), (2, 4, 1, 7, 2), (4, 1, 7, 0, 0), (4, 1, 7, 1, 1), (4, 2, 7, 1, 2), (7, 4, 0, 1, 0), (7, 4, 1, 1, 1), (7, 4, 1, 2, 2), (4, 7, 1, 0, 0), (4, 7, 1, 1, 1), (4, 7, 2, 1, 2), (1, 7, 0, 4, 0), (1, 7, 1, 4, 1), (2, 7, 1, 4, 2), (7, 1, 4, 0, 0), (7, 1, 4, 1, 1), (7, 2, 4, 1, 2), (4, 1, 0, 7, 0), (4, 1, 1, 7, 1), (4, 2, 1, 7, 2), (1, 4, 7, 0, 0), (1, 4, 7, 1, 1), (2, 4, 7, 1, 2)]


-- 2026-03-14 11:07:14 --写入特征标:(1, 2, 0, 7, 0)
[(7, 1, 0, 2, 0), (7, 2, 0, 1, 0), (7, 1, 1, 2, 1), (7, 2, 1, 1, 1), (7, 2, 1, 2, 2), (1, 7, 2, 0, 0), (2, 7, 1, 0, 0), (1, 7, 2, 1, 1), (2, 7, 1, 1, 1), (2, 7, 2, 1, 2), (1, 2, 0, 7, 0), (2, 1, 0, 7, 0), (1, 2, 1, 7, 1), (2, 1, 1, 7, 1), (2, 2, 1, 7, 2), (1, 7, 0, 2, 0), (2, 7, 0, 1, 0), (1, 7, 1, 2, 1), (2, 7, 1, 1, 1), (2, 7, 1, 2, 2), (7, 1, 2, 0, 0), (7, 2, 1, 0, 0), (7, 1, 2, 1, 1), (7, 2, 1, 1, 1), (7, 2, 2, 1, 2), (1, 2, 7, 0, 0), (2, 1, 7, 0, 0), (1, 2, 7, 1, 1), (2, 1, 7, 1, 1), (2, 2, 7, 1, 2)]


-- 2026-03-14 11:09:14 --写入特征标:(1, -4, 0, 7, 0)
[(1, 7, -4, 0, 0), (1, 7, -4, 1, 1), (2, 7, -4, 1, 2), (7, 1, 0, -4, 0), (7, 1, 1, -4, 1), (7, 2, 1, -4, 2), (1, -4, 0, 7, 0), (1, -4, 1, 7, 1), (2, -4, 1, 7, 2), (7, 0, -4, 1, 0), (7, 1, -4, 1, 1), (7, 1, -4, 2, 2), (7, -4, 1, 0, 0), (7, -4, 1, 1, 1), (7, -4, 2, 1, 2), (1, 0, 7, -4, 0), (1, 1, 7, -4, 1), (2, 1, 7, -4, 2), (7, 1, -4, 0, 0), (7, 1, -4, 1, 1), (7, 2, -4, 1, 2), (1, 7, 0, -4, 0), (1, 7, 1, -4, 1), (2, 7, 1, -4, 2), (1, -4, 7, 0, 0), (1, -4, 7, 1, 1), (2, -4, 7, 1, 2), (7, 0, 1, -4, 0), (7, 1, 1, -4, 1), (7, 1, 2, -4, 2), (1, 0, -4, 7, 0), (1, 1, -4, 7, 1), (2, 1, -4, 7, 2), (7, -4, 0, 1, 0), (7, -4, 1, 1, 1), (7, -4, 1, 2, 2)]


-- 2026-03-14 11:10:19 --写入特征标:(1, -4, 0, 2, 0)
[(1, 2, -4, 0, 0), (2, 1, -4, 0, 0), (1, 2, -4, 1, 1), (2, 1, -4, 1, 1), (2, 2, -4, 1, 2), (1, -4, 0, 2, 0), (2, -4, 0, 1, 0), (1, -4, 1, 2, 1), (2, -4, 1, 1, 1), (2, -4, 1, 2, 2), (1, 0, 2, -4, 0), (2, 0, 1, -4, 0), (1, 1, 2, -4, 1), (2, 1, 1, -4, 1), (2, 1, 2, -4, 2), (1, 2, 0, -4, 0), (2, 1, 0, -4, 0), (1, 2, 1, -4, 1), (2, 1, 1, -4, 1), (2, 2, 1, -4, 2), (1, -4, 2, 0, 0), (2, -4, 1, 0, 0), (1, -4, 2, 1, 1), (2, -4, 1, 1, 1), (2, -4, 2, 1, 2), (1, 0, -4, 2, 0), (2, 0, -4, 1, 0), (1, 1, -4, 2, 1), (2, 1, -4, 1, 1), (2, 1, -4, 2, 2)]


-- 2026-03-14 15:07:14 --写入特征标:(-1, 1, 0, 0, 0)
[(2, 1, -1, 0, 2), (2, 0, -1, 1, 2), (1, 1, -1, 0, 1), (1, 0, -1, 1, 1), (1, 0, -1, 0, 0), (1, 2, 0, -1, 2), (0, 2, 1, -1, 2), (1, 1, 0, -1, 1), (0, 1, 1, -1, 1), (0, 1, 0, -1, 0), (-1, 2, 1, 0, 2), (-1, 2, 0, 1, 2), (-1, 1, 1, 0, 1), (-1, 1, 0, 1, 1), (-1, 1, 0, 0, 0), (1, 2, -1, 0, 2), (0, 2, -1, 1, 2), (1, 1, -1, 0, 1), (0, 1, -1, 1, 1), (0, 1, -1, 0, 0), (2, 1, 0, -1, 2), (2, 0, 1, -1, 2), (1, 1, 0, -1, 1), (1, 0, 1, -1, 1), (1, 0, 0, -1, 0), (2, -1, 1, 0, 2), (2, -1, 0, 1, 2), (1, -1, 1, 0, 1), (1, -1, 0, 1, 1), (1, -1, 0, 0, 0)]


-- 2026-03-14 15:08:19 --写入特征标:(3, 1, 0, 0, 0)
[(3, 2, 1, 0, 2), (3, 2, 0, 1, 2), (3, 1, 1, 0, 1), (3, 1, 0, 1, 1), (3, 1, 0, 0, 0)]


-- 2026-03-14 15:10:48 --写入特征标:(2, 1, 0, 0, 0)
[(3, 2, 1, 0, 3), (3, 2, 0, 1, 3), (2, 2, 1, 0, 2), (2, 2, 0, 1, 2), (2, 1, 1, 0, 1), (2, 1, 0, 1, 1), (2, 1, 0, 0, 0)]


-- 2026-03-14 17:16:48 --写入特征标:(-4, -2, -4, 0, 0)
[(-2, 1, -4, -4, 1), (-2, 0, -4, -4, 0), (-2, 1, -4, -4, 1), (-2, 0, -4, -4, 0), (-2, -4, -4, 1, 1), (-2, -4, -4, 0, 0), (-4, -2, 1, -4, 1), (-4, -2, 0, -4, 0), (-4, 1, -4, -2, 1), (-4, 0, -4, -2, 0), (1, -4, -2, -4, 1), (0, -4, -2, -4, 0), (1, -2, -4, -4, 1), (0, -2, -4, -4, 0), (1, -2, -4, -4, 1), (0, -2, -4, -4, 0), (-4, -2, -4, 1, 1), (-4, -2, -4, 0, 0), (-2, -4, 1, -4, 1), (-2, -4, 0, -4, 0), (1, -4, -4, -2, 1), (0, -4, -4, -2, 0), (-4, 1, -2, -4, 1), (-4, 0, -2, -4, 0)]


-- 2026-03-14 23:04:02 --写入特征标:(1, -6, 7, 0, 0)
[(1, 7, -6, 0, 0), (1, 7, -6, 1, 1), (2, 7, -6, 1, 2), (7, 1, 0, -6, 0), (7, 1, 1, -6, 1), (7, 2, 1, -6, 2), (7, -6, 1, 0, 0), (7, -6, 1, 1, 1), (7, -6, 2, 1, 2), (1, 0, 7, -6, 0), (1, 1, 7, -6, 1), (2, 1, 7, -6, 2), (7, 1, -6, 0, 0), (7, 1, -6, 1, 1), (7, 2, -6, 1, 2), (1, 7, 0, -6, 0), (1, 7, 1, -6, 1), (2, 7, 1, -6, 2), (1, -6, 7, 0, 0), (1, -6, 7, 1, 1), (2, -6, 7, 1, 2), (7, 0, 1, -6, 0), (7, 1, 1, -6, 1), (7, 1, 2, -6, 2)]


-- 2026-03-14 23:05:20 --写入特征标:(1, -6, 2, 0, 0)
[(1, 2, -6, 0, 0), (2, 1, -6, 0, 0), (1, 2, -6, 1, 1), (2, 1, -6, 1, 1), (2, 2, -6, 1, 2), (1, 0, 2, -6, 0), (2, 0, 1, -6, 0), (1, 1, 2, -6, 1), (2, 1, 1, -6, 1), (2, 1, 2, -6, 2), (1, 2, 0, -6, 0), (2, 1, 0, -6, 0), (1, 2, 1, -6, 1), (2, 1, 1, -6, 1), (2, 2, 1, -6, 2), (1, -6, 2, 0, 0), (2, -6, 1, 0, 0), (1, -6, 2, 1, 1), (2, -6, 1, 1, 1), (2, -6, 2, 1, 2)]


-- 2026-03-14 23:24:18 --写入特征标:(-4, 1, 5, 0, 0)
[(1, 5, -4, 0, 0), (1, 5, -4, 1, 1), (2, 5, -4, 1, 2), (5, 1, 0, -4, 0), (5, 1, 1, -4, 1), (5, 2, 1, -4, 2), (-4, 1, 5, 0, 0), (-4, 1, 5, 1, 1), (-4, 2, 5, 1, 2), (0, 5, 1, -4, 0), (1, 5, 1, -4, 1), (1, 5, 2, -4, 2), (5, -4, 1, 0, 0), (5, -4, 1, 1, 1), (5, -4, 2, 1, 2), (1, 0, 5, -4, 0), (1, 1, 5, -4, 1), (2, 1, 5, -4, 2), (5, 1, -4, 0, 0), (5, 1, -4, 1, 1), (5, 2, -4, 1, 2), (1, 5, 0, -4, 0), (1, 5, 1, -4, 1), (2, 5, 1, -4, 2), (1, -4, 5, 0, 0), (1, -4, 5, 1, 1), (2, -4, 5, 1, 2), (5, 0, 1, -4, 0), (5, 1, 1, -4, 1), (5, 1, 2, -4, 2), (-4, 5, 1, 0, 0), (-4, 5, 1, 1, 1), (-4, 5, 2, 1, 2), (0, 1, 5, -4, 0), (1, 1, 5, -4, 1), (1, 2, 5, -4, 2)]


-- 2026-03-14 23:27:52 --写入特征标:(-4, 1, 2, 0, 0)
[(1, 2, -4, 0, 0), (2, 1, -4, 0, 0), (1, 2, -4, 1, 1), (2, 1, -4, 1, 1), (2, 2, -4, 1, 2), (-4, 1, 2, 0, 0), (-4, 2, 1, 0, 0), (-4, 1, 2, 1, 1), (-4, 2, 1, 1, 1), (-4, 2, 2, 1, 2), (1, 0, 2, -4, 0), (2, 0, 1, -4, 0), (1, 1, 2, -4, 1), (2, 1, 1, -4, 1), (2, 1, 2, -4, 2), (1, 2, 0, -4, 0), (2, 1, 0, -4, 0), (1, 2, 1, -4, 1), (2, 1, 1, -4, 1), (2, 2, 1, -4, 2), (1, -4, 2, 0, 0), (2, -4, 1, 0, 0), (1, -4, 2, 1, 1), (2, -4, 1, 1, 1), (2, -4, 2, 1, 2), (0, 1, 2, -4, 0), (0, 2, 1, -4, 0), (1, 1, 2, -4, 1), (1, 2, 1, -4, 1), (1, 2, 2, -4, 2)]


-- 2026-03-14 23:29:53 --写入特征标:(-4, 1, -2, 0, 0)
[(0, 1, -4, -2, 0), (1, 1, -4, -2, 1), (1, 2, -4, -2, 2), (1, 0, -2, -4, 0), (1, 1, -2, -4, 1), (2, 1, -2, -4, 2), (1, -2, -4, 0, 0), (1, -2, -4, 1, 1), (2, -2, -4, 1, 2), (-2, 1, 0, -4, 0), (-2, 1, 1, -4, 1), (-2, 2, 1, -4, 2), (-4, 1, -2, 0, 0), (-4, 1, -2, 1, 1), (-4, 2, -2, 1, 2), (1, -4, 0, -2, 0), (1, -4, 1, -2, 1), (2, -4, 1, -2, 2), (1, 0, -4, -2, 0), (1, 1, -4, -2, 1), (2, 1, -4, -2, 2), (0, 1, -2, -4, 0), (1, 1, -2, -4, 1), (1, 2, -2, -4, 2), (-2, 1, -4, 0, 0), (-2, 1, -4, 1, 1), (-2, 2, -4, 1, 2), (1, -2, 0, -4, 0), (1, -2, 1, -4, 1), (2, -2, 1, -4, 2), (1, -4, -2, 0, 0), (1, -4, -2, 1, 1), (2, -4, -2, 1, 2), (-4, 1, 0, -2, 0), (-4, 1, 1, -2, 1), (-4, 2, 1, -2, 2)]


-- 2026-03-14 23:30:56 --写入特征标:(-4, 1, -4, 0, 0)
[(0, 1, -4, -4, 0), (1, 1, -4, -4, 1), (1, 2, -4, -4, 2), (-4, 1, -4, 0, 0), (-4, 1, -4, 1, 1), (-4, 2, -4, 1, 2), (1, -4, 0, -4, 0), (1, -4, 1, -4, 1), (2, -4, 1, -4, 2), (1, 0, -4, -4, 0), (1, 1, -4, -4, 1), (2, 1, -4, -4, 2), (1, -4, -4, 0, 0), (1, -4, -4, 1, 1), (2, -4, -4, 1, 2), (-4, 1, 0, -4, 0), (-4, 1, 1, -4, 1), (-4, 2, 1, -4, 2)]


-- 2026-03-14 23:31:52 --写入特征标:(-2, 1, -4, 0, 0)
[(0, 1, -4, -2, 0), (1, 1, -4, -2, 1), (1, 2, -4, -2, 2), (1, 0, -2, -4, 0), (1, 1, -2, -4, 1), (2, 1, -2, -4, 2), (1, -2, -4, 0, 0), (1, -2, -4, 1, 1), (2, -2, -4, 1, 2), (-2, 1, 0, -4, 0), (-2, 1, 1, -4, 1), (-2, 2, 1, -4, 2), (1, 0, -4, -2, 0), (1, 1, -4, -2, 1), (2, 1, -4, -2, 2), (0, 1, -2, -4, 0), (1, 1, -2, -4, 1), (1, 2, -2, -4, 2), (-2, 1, -4, 0, 0), (-2, 1, -4, 1, 1), (-2, 2, -4, 1, 2), (1, -2, 0, -4, 0), (1, -2, 1, -4, 1), (2, -2, 1, -4, 2)]


-- 2026-03-14 23:34:22 --写入特征标:(2, 1, -4, 0, 0)
[(2, 1, 0, -4, 0), (2, 1, 1, -4, 1), (2, 2, 1, -4, 2), (3, 2, 1, -4, 3), (2, 1, -4, 0, 0), (2, 1, -4, 1, 1), (2, 2, -4, 1, 2), (3, 2, -4, 1, 3)]


-- 2026-03-14 23:39:52 --写入特征标:(2, 1, 5, 0, 0)
[(5, 2, 1, 0, 0), (5, 2, 1, 1, 1), (5, 2, 2, 1, 2), (5, 3, 2, 1, 3), (2, 1, 5, 0, 0), (2, 1, 5, 1, 1), (2, 2, 5, 1, 2), (3, 2, 5, 1, 3), (2, 5, 1, 0, 0), (2, 5, 1, 1, 1), (2, 5, 2, 1, 2), (3, 5, 2, 1, 3), (5, 1, 2, 0, 0), (5, 1, 2, 1, 1), (5, 2, 2, 1, 2), (5, 2, 3, 1, 3)]


-- 2026-03-15 11:06:14 --写入特征标:(-2, 7, 1, 0, 0)
[(1, 7, -2, 0, 0), (1, 7, -2, 1, 1), (2, 7, -2, 1, 2), (7, 1, 0, -2, 0), (7, 1, 1, -2, 1), (7, 2, 1, -2, 2), (0, 7, 1, -2, 0), (1, 7, 1, -2, 1), (1, 7, 2, -2, 2), (7, -2, 1, 0, 0), (7, -2, 1, 1, 1), (7, -2, 2, 1, 2), (7, 1, -2, 0, 0), (7, 1, -2, 1, 1), (7, 2, -2, 1, 2), (1, 7, 0, -2, 0), (1, 7, 1, -2, 1), (2, 7, 1, -2, 2), (7, 0, 1, -2, 0), (7, 1, 1, -2, 1), (7, 1, 2, -2, 2), (-2, 7, 1, 0, 0), (-2, 7, 1, 1, 1), (-2, 7, 2, 1, 2)]


-- 2026-03-15 11:06:54 --写入特征标:(-2, 3, 1, 0, 0)
[(1, 3, -2, 0, 0), (1, 3, -2, 1, 1), (2, 3, -2, 1, 2), (3, 1, 0, -2, 0), (3, 1, 1, -2, 1), (3, 2, 1, -2, 2), (0, 3, 1, -2, 0), (1, 3, 1, -2, 1), (1, 3, 2, -2, 2), (3, -2, 1, 0, 0), (3, -2, 1, 1, 1), (3, -2, 2, 1, 2), (3, 1, -2, 0, 0), (3, 1, -2, 1, 1), (3, 2, -2, 1, 2), (1, 3, 0, -2, 0), (1, 3, 1, -2, 1), (2, 3, 1, -2, 2), (3, 0, 1, -2, 0), (3, 1, 1, -2, 1), (3, 1, 2, -2, 2), (-2, 3, 1, 0, 0), (-2, 3, 1, 1, 1), (-2, 3, 2, 1, 2)]


-- 2026-03-15 17:02:20 --写入特征标:(-2, -5, 1, 1, 0)
[(-2, -5, 1, 1, 0), (-2, -5, 1, 1, 0), (1, 1, -5, -2, 0), (1, 1, -5, -2, 0), (1, 1, -2, -5, 0), (1, 1, -2, -5, 0), (1, 1, -2, -5, 0), (1, 1, -2, -5, 0), (1, -2, -5, 1, 0), (1, -2, -5, 1, 0), (-2, 1, 1, -5, 0), (-2, 1, 1, -5, 0), (1, -5, 1, -2, 0), (1, -5, 1, -2, 0), (1, -2, 1, -5, 0), (1, -2, 1, -5, 0), (1, 1, -5, -2, 0), (1, 1, -5, -2, 0), (1, 1, -2, -5, 0), (1, 1, -2, -5, 0), (-2, 1, -5, 1, 0), (-2, 1, -5, 1, 0), (1, -5, 1, -2, 0), (1, -5, 1, -2, 0), (1, -2, 1, -5, 0), (1, -2, 1, -5, 0), (1, -2, 1, -5, 0), (1, -2, 1, -5, 0), (1, -5, -2, 1, 0), (1, -5, -2, 1, 0), (-2, 1, 1, -5, 0), (-2, 1, 1, -5, 0)]


-- 2026-03-15 17:27:16 --写入特征标:(-5, -2, 1, 0, 0)
[(-2, -5, 1, 0, 0), (-2, -5, 1, 1, 1), (-2, -5, 2, 1, 2), (0, 1, -5, -2, 0), (1, 1, -5, -2, 1), (1, 2, -5, -2, 2), (1, 0, -2, -5, 0), (1, 1, -2, -5, 1), (2, 1, -2, -5, 2), (1, -2, -5, 0, 0), (1, -2, -5, 1, 1), (2, -2, -5, 1, 2), (-5, 0, 1, -2, 0), (-5, 1, 1, -2, 1), (-5, 1, 2, -2, 2), (-2, 1, 0, -5, 0), (-2, 1, 1, -5, 1), (-2, 2, 1, -5, 2), (-5, 1, -2, 0, 0), (-5, 1, -2, 1, 1), (-5, 2, -2, 1, 2), (1, -5, 0, -2, 0), (1, -5, 1, -2, 1), (2, -5, 1, -2, 2), (0, -2, 1, -5, 0), (1, -2, 1, -5, 1), (1, -2, 2, -5, 2), (-5, -2, 1, 0, 0), (-5, -2, 1, 1, 1), (-5, -2, 2, 1, 2), (1, 0, -5, -2, 0), (1, 1, -5, -2, 1), (2, 1, -5, -2, 2), (0, 1, -2, -5, 0), (1, 1, -2, -5, 1), (1, 2, -2, -5, 2), (-2, 1, -5, 0, 0), (-2, 1, -5, 1, 1), (-2, 2, -5, 1, 2), (0, -5, 1, -2, 0), (1, -5, 1, -2, 1), (1, -5, 2, -2, 2), (1, -2, 0, -5, 0), (1, -2, 1, -5, 1), (2, -2, 1, -5, 2), (1, -5, -2, 0, 0), (1, -5, -2, 1, 1), (2, -5, -2, 1, 2), (-5, 1, 0, -2, 0), (-5, 1, 1, -2, 1), (-5, 2, 1, -2, 2), (-2, 0, 1, -5, 0), (-2, 1, 1, -5, 1), (-2, 1, 2, -5, 2)]


-- 2026-03-15 20:45:31 --写入特征标:(5, -2, 1, 0, 0)
[(5, 1, 0, -2, 0), (5, 1, 1, -2, 1), (5, 2, 1, -2, 2), (5, -2, 1, 0, 0), (5, -2, 1, 1, 1), (5, -2, 2, 1, 2), (5, 1, -2, 0, 0), (5, 1, -2, 1, 1), (5, 2, -2, 1, 2), (5, 0, 1, -2, 0), (5, 1, 1, -2, 1), (5, 1, 2, -2, 2)]


-- 2026-03-15 21:01:59 --写入特征标:(2, 6, 1, 0, 0)
[(6, 3, 2, 1, 3), (6, 2, 2, 1, 2), (6, 2, 1, 1, 1), (6, 2, 1, 0, 0), (3, 6, 2, 1, 3), (2, 6, 2, 1, 2), (2, 6, 1, 1, 1), (2, 6, 1, 0, 0)]


-- 2026-03-15 21:04:29 --写入特征标:(7, 2, 1, 0, 0)
[(7, 3, 2, 1, 3), (7, 2, 2, 1, 2), (7, 2, 1, 1, 1), (7, 2, 1, 0, 0)]


-- 2026-03-15 21:15:07 --写入特征标:(-3, 2, 1, 0, 0)
[(1, 2, -3, 0, 0), (1, 2, -3, 1, 1), (2, 2, -3, 1, 2), (2, 3, -3, 1, 3), (2, 1, 0, -3, 0), (2, 1, 1, -3, 1), (2, 2, 1, -3, 2), (3, 2, 1, -3, 3), (0, 2, 1, -3, 0), (1, 2, 1, -3, 1), (1, 2, 2, -3, 2), (1, 3, 2, -3, 3), (2, -3, 1, 0, 0), (2, -3, 1, 1, 1), (2, -3, 2, 1, 2), (3, -3, 2, 1, 3), (2, 1, -3, 0, 0), (2, 1, -3, 1, 1), (2, 2, -3, 1, 2), (3, 2, -3, 1, 3), (1, 2, 0, -3, 0), (1, 2, 1, -3, 1), (2, 2, 1, -3, 2), (2, 3, 1, -3, 3), (2, 0, 1, -3, 0), (2, 1, 1, -3, 1), (2, 1, 2, -3, 2), (3, 1, 2, -3, 3), (-3, 2, 1, 0, 0), (-3, 2, 1, 1, 1), (-3, 2, 2, 1, 2), (-3, 3, 2, 1, 3)]


-- 2026-03-15 21:35:12 --写入特征标:(2, 2, -3, 1, 2)
[(3, 2, -3, 1, 3), (2, 3, -3, 1, 3), (2, 2, -3, 1, 2), (3, 2, 1, -3, 3), (2, 3, 1, -3, 3), (2, 2, 1, -3, 2)]


-- 2026-03-15 21:36:52 --写入特征标:(2, 2, 1, -3, 2)
[(3, 2, 1, -3, 3), (2, 3, 1, -3, 3), (2, 2, 1, -3, 2)]


-- 2026-03-15 22:05:52 --写入特征标:(2, 7, 1, 0, 0)
[(7, 2, 1, 0, 0), (7, 2, 1, 1, 1), (7, 2, 2, 1, 2), (7, 3, 2, 1, 3), (2, 7, 1, 0, 0), (2, 7, 1, 1, 1), (2, 7, 2, 1, 2), (3, 7, 2, 1, 3)]


-- 2026-03-15 22:09:20 --写入特征标:(2, -3, 1, 0, 0)
[(2, 1, 0, -3, 0), (2, 1, 1, -3, 1), (2, 2, 1, -3, 2), (3, 2, 1, -3, 3), (2, -3, 1, 0, 0), (2, -3, 1, 1, 1), (2, -3, 2, 1, 2), (3, -3, 2, 1, 3), (2, 1, -3, 0, 0), (2, 1, -3, 1, 1), (2, 2, -3, 1, 2), (3, 2, -3, 1, 3), (2, 0, 1, -3, 0), (2, 1, 1, -3, 1), (2, 1, 2, -3, 2), (3, 1, 2, -3, 3)]


-- 2026-03-15 22:22:52 --写入特征标:(1, 1, -3, 0, 0)
[(1, 1, -3, 0, 0), (1, 1, -3, 1, 1), (1, 2, -3, 1, 2), (2, 1, -3, 1, 2), (1, 1, 0, -3, 0), (1, 1, 1, -3, 1), (1, 2, 1, -3, 2), (2, 1, 1, -3, 2)]


-- 2026-03-15 22:25:45 --写入特征标:(7, 1, 1, 0, 0)
[(7, 2, 1, 1, 2), (7, 1, 2, 1, 2), (7, 1, 1, 1, 1), (7, 1, 1, 0, 0)]


-- 2026-03-15 23:45:57 --写入特征标:(1, 6, 1, 0, 0)
[(2, 6, 1, 1, 2), (1, 6, 2, 1, 2), (1, 6, 1, 1, 1), (1, 6, 1, 0, 0), (6, 2, 1, 1, 2), (6, 1, 2, 1, 2), (6, 1, 1, 1, 1), (6, 1, 1, 0, 0)]


-- 2026-03-15 23:49:49 --写入特征标:(1, 2, 1, 0, 0)
[(2, 3, 1, 1, 3), (1, 3, 2, 1, 3), (2, 2, 1, 1, 2), (1, 2, 2, 1, 2), (1, 2, 1, 1, 1), (1, 2, 1, 0, 0), (3, 2, 1, 1, 3), (3, 1, 2, 1, 3), (2, 2, 1, 1, 2), (2, 1, 2, 1, 2), (2, 1, 1, 1, 1), (2, 1, 1, 0, 0)]


-- 2026-03-16 10:31:36 --写入特征标:(1, -2, 1, 0, 0)
[(1, 1, -2, 0, 0), (1, 1, -2, 1, 1), (1, 2, -2, 1, 2), (2, 1, -2, 1, 2), (1, 0, 1, -2, 0), (1, 1, 1, -2, 1), (1, 1, 2, -2, 2), (2, 1, 1, -2, 2), (1, 1, 0, -2, 0), (1, 1, 1, -2, 1), (1, 2, 1, -2, 2), (2, 1, 1, -2, 2), (1, -2, 1, 0, 0), (1, -2, 1, 1, 1), (1, -2, 2, 1, 2), (2, -2, 1, 1, 2)]

